record_id,batch,template_flag,pubmedbert__text_section_tagged__n_tokens,pubmedbert__text_section_tagged__n_unk,pubmedbert__text_section_tagged__unk_rate,pubmedbert__text_section_tagged__n_segments_at_128,pubmedbert__text_concatenated__n_tokens,pubmedbert__text_concatenated__n_unk,pubmedbert__text_concatenated__unk_rate,pubmedbert__text_concatenated__n_segments_at_128,pathologybert__text_section_tagged__n_tokens,pathologybert__text_section_tagged__n_unk,pathologybert__text_section_tagged__unk_rate,pathologybert__text_section_tagged__n_segments_at_128,pathologybert__text_concatenated__n_tokens,pathologybert__text_concatenated__n_unk,pathologybert__text_concatenated__unk_rate,pathologybert__text_concatenated__n_segments_at_128
BAH-P-0001,1,False,93,0,0.0,1,65,0,0.0,1,91,2,0.02197802197802198,1,62,6,0.0967741935483871,1
BAH-P-0002,1,True,74,0,0.0,1,46,0,0.0,1,73,0,0.0,1,44,4,0.09090909090909091,1
BAH-P-0003,1,True,76,0,0.0,1,48,0,0.0,1,73,0,0.0,1,44,4,0.09090909090909091,1
BAH-P-0004,1,False,212,0,0.0,2,184,0,0.0,2,199,0,0.0,2,170,4,0.023529411764705882,2
BAH-P-0005,1,False,158,0,0.0,2,130,0,0.0,2,140,4,0.02857142857142857,2,111,8,0.07207207207207207,1
BAH-P-0006,1,False,102,0,0.0,1,74,0,0.0,1,97,0,0.0,1,68,4,0.058823529411764705,1
BAH-P-0007,1,False,95,0,0.0,1,67,0,0.0,1,89,0,0.0,1,60,4,0.06666666666666667,1
BAH-P-0008,1,False,123,0,0.0,1,95,0,0.0,1,113,0,0.0,1,84,4,0.047619047619047616,1
BAH-P-0009,1,False,119,0,0.0,1,90,0,0.0,1,110,0,0.0,1,80,4,0.05,1
BAH-P-0010,1,False,118,0,0.0,1,90,0,0.0,1,107,0,0.0,1,78,4,0.05128205128205128,1
BAH-P-0011,1,False,132,0,0.0,2,104,0,0.0,1,125,0,0.0,1,96,4,0.041666666666666664,1
BAH-P-0012,1,False,104,0,0.0,1,76,0,0.0,1,98,0,0.0,1,69,4,0.057971014492753624,1
BAH-P-0013,1,False,102,0,0.0,1,74,0,0.0,1,96,0,0.0,1,67,4,0.05970149253731343,1
BAH-P-0014,1,False,172,0,0.0,2,144,0,0.0,2,172,0,0.0,2,143,4,0.027972027972027972,2
BAH-P-0015,1,False,155,0,0.0,2,127,0,0.0,1,142,0,0.0,2,113,4,0.035398230088495575,1
BAH-P-0016,1,False,119,0,0.0,1,91,0,0.0,1,110,0,0.0,1,81,4,0.04938271604938271,1
BAH-P-0017,1,False,92,0,0.0,1,64,0,0.0,1,87,0,0.0,1,58,4,0.06896551724137931,1
BAH-P-0018,1,False,85,0,0.0,1,57,0,0.0,1,80,0,0.0,1,51,4,0.0784313725490196,1
BAH-P-0019,1,False,98,0,0.0,1,70,0,0.0,1,92,0,0.0,1,63,4,0.06349206349206349,1
BAH-P-0020,1,False,106,0,0.0,1,74,0,0.0,1,108,0,0.0,1,74,4,0.05405405405405406,1
BAH-P-0021,1,False,104,0,0.0,1,76,0,0.0,1,95,2,0.021052631578947368,1,66,6,0.09090909090909091,1
BAH-P-0022,1,False,139,0,0.0,2,113,0,0.0,1,139,0,0.0,2,111,4,0.036036036036036036,1
BAH-P-0023,1,False,99,0,0.0,1,71,0,0.0,1,92,0,0.0,1,63,4,0.06349206349206349,1
BAH-P-0024,1,False,126,0,0.0,1,98,0,0.0,1,112,0,0.0,1,83,4,0.04819277108433735,1
BAH-P-0025,1,False,109,0,0.0,1,81,0,0.0,1,101,4,0.039603960396039604,1,72,8,0.1111111111111111,1
BAH-P-0026,1,False,131,0,0.0,2,103,0,0.0,1,111,4,0.036036036036036036,1,82,8,0.0975609756097561,1
BAH-P-0027,1,False,189,0,0.0,2,161,0,0.0,2,173,2,0.011560693641618497,2,144,6,0.041666666666666664,2
BAH-P-0028,1,False,108,0,0.0,1,80,0,0.0,1,107,4,0.037383177570093455,1,78,8,0.10256410256410256,1
BAH-P-0029,1,False,109,0,0.0,1,85,0,0.0,1,98,0,0.0,1,74,3,0.04054054054054054,1
BAH-P-0030,1,False,116,0,0.0,1,88,0,0.0,1,109,2,0.01834862385321101,1,80,6,0.075,1
BAH-P-0031,1,False,126,0,0.0,1,98,0,0.0,1,119,2,0.01680672268907563,1,90,6,0.06666666666666667,1
BAH-P-0032,1,False,110,0,0.0,1,82,0,0.0,1,105,0,0.0,1,76,4,0.05263157894736842,1
BAH-P-0033,1,False,103,0,0.0,1,75,0,0.0,1,100,2,0.02,1,71,6,0.08450704225352113,1
BAH-P-0034,1,False,97,0,0.0,1,69,0,0.0,1,92,0,0.0,1,63,4,0.06349206349206349,1
BAH-P-0035,1,False,110,0,0.0,1,82,0,0.0,1,101,2,0.019801980198019802,1,72,6,0.08333333333333333,1
BAH-P-0036,1,False,187,0,0.0,2,161,0,0.0,2,181,0,0.0,2,153,4,0.026143790849673203,2
BAH-P-0037,1,False,106,0,0.0,1,78,0,0.0,1,101,0,0.0,1,72,4,0.05555555555555555,1
BAH-P-0038,1,False,151,0,0.0,2,123,0,0.0,1,137,4,0.029197080291970802,2,108,8,0.07407407407407407,1
BAH-P-0039,1,False,103,0,0.0,1,75,0,0.0,1,98,0,0.0,1,69,4,0.057971014492753624,1
BAH-P-0040,1,False,94,0,0.0,1,66,0,0.0,1,87,0,0.0,1,58,4,0.06896551724137931,1
BAH-P-0041,1,False,127,0,0.0,1,99,0,0.0,1,116,0,0.0,1,87,4,0.04597701149425287,1
BAH-P-0042,1,False,86,0,0.0,1,58,0,0.0,1,83,0,0.0,1,54,4,0.07407407407407407,1
BAH-P-0043,1,False,187,0,0.0,2,159,0,0.0,2,173,4,0.023121387283236993,2,144,8,0.05555555555555555,2
BAH-P-0044,1,False,141,0,0.0,2,113,0,0.0,1,133,2,0.015037593984962405,2,104,6,0.057692307692307696,1
BAH-P-0045,1,False,116,0,0.0,1,88,0,0.0,1,109,8,0.07339449541284404,1,80,12,0.15,1
BAH-P-0046,1,False,111,0,0.0,1,87,0,0.0,1,104,0,0.0,1,80,3,0.0375,1
BAH-P-0047,1,False,118,0,0.0,1,90,0,0.0,1,110,0,0.0,1,81,4,0.04938271604938271,1
BAH-P-0048,1,False,124,0,0.0,1,96,0,0.0,1,117,4,0.03418803418803419,1,88,8,0.09090909090909091,1
BAH-P-0049,1,False,173,0,0.0,2,145,0,0.0,2,166,2,0.012048192771084338,2,137,6,0.043795620437956206,2
BAH-P-0050,1,False,96,0,0.0,1,68,0,0.0,1,91,0,0.0,1,62,4,0.06451612903225806,1
BAH-P-0051,1,False,111,0,0.0,1,83,0,0.0,1,105,0,0.0,1,76,4,0.05263157894736842,1
BAH-P-0052,1,False,117,0,0.0,1,89,0,0.0,1,109,0,0.0,1,80,4,0.05,1
BAH-P-0053,1,False,130,0,0.0,2,102,0,0.0,1,121,8,0.06611570247933884,1,92,12,0.13043478260869565,1
BAH-P-0054,1,False,111,0,0.0,1,83,0,0.0,1,107,0,0.0,1,78,4,0.05128205128205128,1
BAH-P-0055,1,False,120,0,0.0,1,92,0,0.0,1,114,2,0.017543859649122806,1,85,6,0.07058823529411765,1
BAH-P-0056,1,False,213,0,0.0,2,185,0,0.0,2,196,4,0.02040816326530612,2,167,8,0.04790419161676647,2
BAH-P-0057,1,False,170,0,0.0,2,142,0,0.0,2,160,2,0.0125,2,131,6,0.04580152671755725,2
BAH-P-0058,1,False,132,0,0.0,2,102,0,0.0,1,116,0,0.0,1,84,4,0.047619047619047616,1
BAH-P-0059,1,False,128,0,0.0,1,100,0,0.0,1,124,2,0.016129032258064516,1,95,6,0.06315789473684211,1
BAH-P-0060,1,False,118,0,0.0,1,90,0,0.0,1,115,0,0.0,1,86,4,0.046511627906976744,1
BAH-P-0061,1,False,123,0,0.0,1,95,0,0.0,1,119,1,0.008403361344537815,1,90,5,0.05555555555555555,1
BAH-P-0062,1,False,102,0,0.0,1,74,0,0.0,1,96,0,0.0,1,67,4,0.05970149253731343,1
BAH-P-0063,1,False,118,0,0.0,1,90,0,0.0,1,111,2,0.018018018018018018,1,82,6,0.07317073170731707,1
BAH-P-0064,1,False,116,0,0.0,1,88,0,0.0,1,107,0,0.0,1,78,4,0.05128205128205128,1
BAH-P-0065,1,True,95,0,0.0,1,67,0,0.0,1,90,0,0.0,1,61,4,0.06557377049180328,1
BAH-P-0066,1,False,142,0,0.0,2,113,0,0.0,1,132,0,0.0,2,103,4,0.038834951456310676,1
BAH-P-0067,1,False,137,0,0.0,2,111,0,0.0,1,135,0,0.0,2,108,3,0.027777777777777776,1
BAH-P-0068,1,True,89,0,0.0,1,61,0,0.0,1,86,0,0.0,1,57,4,0.07017543859649122,1
BAH-P-0069,1,False,97,0,0.0,1,69,0,0.0,1,94,0,0.0,1,65,4,0.06153846153846154,1
BAH-P-0070,1,False,118,0,0.0,1,90,0,0.0,1,112,0,0.0,1,83,4,0.04819277108433735,1
BAH-P-0071,1,False,144,0,0.0,2,118,0,0.0,1,137,0,0.0,2,109,4,0.03669724770642202,1
BAH-P-0072,1,False,99,0,0.0,1,71,0,0.0,1,94,0,0.0,1,65,4,0.06153846153846154,1
BAH-P-0073,1,False,116,0,0.0,1,88,0,0.0,1,111,4,0.036036036036036036,1,82,8,0.0975609756097561,1
BAH-P-0074,1,False,108,0,0.0,1,80,0,0.0,1,103,4,0.038834951456310676,1,74,8,0.10810810810810811,1
BAH-P-0075,1,False,104,0,0.0,1,76,0,0.0,1,97,0,0.0,1,68,4,0.058823529411764705,1
BAH-P-0076,1,True,114,0,0.0,1,86,0,0.0,1,103,0,0.0,1,74,4,0.05405405405405406,1
BAH-P-0077,1,False,105,0,0.0,1,79,0,0.0,1,101,0,0.0,1,73,4,0.0547945205479452,1
BAH-P-0078,1,False,91,0,0.0,1,63,0,0.0,1,88,0,0.0,1,59,4,0.06779661016949153,1
BAH-P-0079,1,False,114,0,0.0,1,86,0,0.0,1,113,2,0.017699115044247787,1,84,6,0.07142857142857142,1
BAH-P-0080,1,False,103,0,0.0,1,75,0,0.0,1,98,0,0.0,1,69,4,0.057971014492753624,1
BAH-P-0081,1,False,115,0,0.0,1,87,0,0.0,1,109,0,0.0,1,80,4,0.05,1
BAH-P-0082,1,False,95,0,0.0,1,67,0,0.0,1,90,0,0.0,1,61,4,0.06557377049180328,1
BAH-P-0083,1,False,91,0,0.0,1,63,0,0.0,1,88,0,0.0,1,59,4,0.06779661016949153,1
BAH-P-0084,1,False,95,0,0.0,1,67,0,0.0,1,92,0,0.0,1,63,4,0.06349206349206349,1
BAH-P-0085,1,False,116,0,0.0,1,88,0,0.0,1,105,0,0.0,1,76,4,0.05263157894736842,1
BAH-P-0086,1,False,115,0,0.0,1,87,0,0.0,1,108,0,0.0,1,79,4,0.05063291139240506,1
BAH-P-0087,1,False,139,0,0.0,2,111,0,0.0,1,125,2,0.016,1,96,6,0.0625,1
BAH-P-0088,1,False,90,0,0.0,1,62,0,0.0,1,91,0,0.0,1,62,4,0.06451612903225806,1
BAH-P-0089,1,False,123,0,0.0,1,95,0,0.0,1,117,2,0.017094017094017096,1,88,6,0.06818181818181818,1
BAH-P-0090,1,False,84,0,0.0,1,56,0,0.0,1,81,0,0.0,1,52,4,0.07692307692307693,1
BAH-P-0091,1,False,96,0,0.0,1,68,0,0.0,1,92,0,0.0,1,63,4,0.06349206349206349,1
BAH-P-0092,1,False,97,0,0.0,1,69,0,0.0,1,97,0,0.0,1,68,4,0.058823529411764705,1
BAH-P-0093,1,False,149,0,0.0,2,122,0,0.0,1,135,2,0.014814814814814815,2,107,6,0.056074766355140186,1
BAH-P-0094,1,False,111,0,0.0,1,83,0,0.0,1,106,0,0.0,1,77,4,0.05194805194805195,1
BAH-P-0095,1,False,102,0,0.0,1,74,0,0.0,1,99,0,0.0,1,70,4,0.05714285714285714,1
BAH-P-0096,1,False,95,0,0.0,1,67,0,0.0,1,92,0,0.0,1,63,4,0.06349206349206349,1
BAH-P-0097,1,False,129,0,0.0,2,101,0,0.0,1,122,0,0.0,1,93,4,0.043010752688172046,1
BAH-P-0098,1,False,108,0,0.0,1,80,0,0.0,1,102,0,0.0,1,73,4,0.0547945205479452,1
BAH-P-0099,1,False,104,0,0.0,1,76,0,0.0,1,97,0,0.0,1,68,4,0.058823529411764705,1
BAH-P-0100,1,False,141,0,0.0,2,113,0,0.0,1,128,0,0.0,1,99,4,0.04040404040404041,1
BAH-P-0101,1,False,154,0,0.0,2,126,0,0.0,1,148,0,0.0,2,119,4,0.03361344537815126,1
BAH-P-0102,1,False,117,0,0.0,1,89,0,0.0,1,105,0,0.0,1,76,4,0.05263157894736842,1
BAH-P-0103,1,False,133,0,0.0,2,109,0,0.0,1,127,2,0.015748031496062992,1,103,5,0.04854368932038835,1
BAH-P-0104,1,False,106,0,0.0,1,78,0,0.0,1,102,0,0.0,1,73,4,0.0547945205479452,1
BAH-P-0105,1,False,92,0,0.0,1,64,0,0.0,1,91,0,0.0,1,62,4,0.06451612903225806,1
BAH-P-0106,1,False,97,0,0.0,1,69,0,0.0,1,97,0,0.0,1,68,4,0.058823529411764705,1
BAH-P-0107,1,False,120,0,0.0,1,92,0,0.0,1,116,2,0.017241379310344827,1,87,6,0.06896551724137931,1
BAH-P-0108,1,False,200,0,0.0,2,172,0,0.0,2,189,4,0.021164021164021163,2,160,8,0.05,2
BAH-P-0109,1,False,125,0,0.0,1,97,0,0.0,1,114,0,0.0,1,85,4,0.047058823529411764,1
BAH-P-0110,1,False,140,0,0.0,2,112,0,0.0,1,137,2,0.014598540145985401,2,108,6,0.05555555555555555,1
BAH-P-0111,1,False,103,0,0.0,1,75,0,0.0,1,96,0,0.0,1,67,4,0.05970149253731343,1
BAH-P-0112,1,False,111,0,0.0,1,83,0,0.0,1,105,0,0.0,1,76,4,0.05263157894736842,1
BAH-P-0113,1,False,98,0,0.0,1,70,0,0.0,1,93,0,0.0,1,64,4,0.0625,1
BAH-P-0114,1,False,128,0,0.0,1,100,0,0.0,1,119,2,0.01680672268907563,1,90,6,0.06666666666666667,1
BAH-P-0115,1,False,121,0,0.0,1,93,0,0.0,1,113,0,0.0,1,84,4,0.047619047619047616,1
BAH-P-0116,1,False,101,0,0.0,1,73,0,0.0,1,90,0,0.0,1,61,4,0.06557377049180328,1
BAH-P-0117,1,False,128,0,0.0,1,100,0,0.0,1,119,0,0.0,1,90,4,0.044444444444444446,1
BAH-P-0118,1,False,101,0,0.0,1,74,0,0.0,1,98,0,0.0,1,70,4,0.05714285714285714,1
BAH-P-0119,1,False,130,0,0.0,2,109,0,0.0,1,121,2,0.01652892561983471,1,99,5,0.050505050505050504,1
BAH-P-0120,1,False,110,0,0.0,1,82,0,0.0,1,102,0,0.0,1,73,4,0.0547945205479452,1
BAH-P-0121,1,False,127,0,0.0,1,99,0,0.0,1,120,0,0.0,1,91,4,0.04395604395604396,1
BAH-P-0122,1,False,156,0,0.0,2,128,0,0.0,1,147,4,0.027210884353741496,2,118,8,0.06779661016949153,1
BAH-P-0123,1,False,108,0,0.0,1,80,0,0.0,1,103,2,0.019417475728155338,1,74,6,0.08108108108108109,1
BAH-P-0124,1,False,151,0,0.0,2,123,0,0.0,1,143,2,0.013986013986013986,2,114,6,0.05263157894736842,1
BAH-P-0125,1,False,198,0,0.0,2,170,0,0.0,2,191,4,0.020942408376963352,2,162,8,0.04938271604938271,2
BAH-P-0126,1,False,132,0,0.0,2,104,0,0.0,1,122,2,0.01639344262295082,1,93,6,0.06451612903225806,1
BAH-P-0127,1,False,116,0,0.0,1,88,0,0.0,1,111,0,0.0,1,82,4,0.04878048780487805,1
BAH-P-0128,1,False,97,0,0.0,1,69,0,0.0,1,93,0,0.0,1,64,4,0.0625,1
BAH-P-0129,1,False,123,0,0.0,1,95,0,0.0,1,116,0,0.0,1,87,4,0.04597701149425287,1
BAH-P-0130,1,False,104,0,0.0,1,76,0,0.0,1,102,0,0.0,1,73,4,0.0547945205479452,1
BAH-P-0131,1,False,192,0,0.0,2,166,0,0.0,2,190,6,0.031578947368421054,2,165,9,0.05454545454545454,2
BAH-P-0132,1,False,109,0,0.0,1,81,0,0.0,1,106,0,0.0,1,77,4,0.05194805194805195,1
BAH-P-0133,1,False,184,0,0.0,2,156,0,0.0,2,179,0,0.0,2,150,4,0.02666666666666667,2
BAH-P-0134,1,False,127,0,0.0,1,99,0,0.0,1,122,0,0.0,1,93,4,0.043010752688172046,1
BAH-P-0135,1,False,107,0,0.0,1,79,0,0.0,1,101,0,0.0,1,72,4,0.05555555555555555,1
BAH-P-0136,1,False,95,0,0.0,1,67,0,0.0,1,90,0,0.0,1,61,4,0.06557377049180328,1
BAH-P-0137,1,False,119,0,0.0,1,91,0,0.0,1,111,2,0.018018018018018018,1,82,6,0.07317073170731707,1
BAH-P-0138,1,False,112,0,0.0,1,84,0,0.0,1,104,0,0.0,1,75,4,0.05333333333333334,1
BAH-P-0139,1,False,135,0,0.0,2,107,0,0.0,1,129,2,0.015503875968992248,2,100,6,0.06,1
BAH-P-0140,1,False,121,0,0.0,1,93,0,0.0,1,110,2,0.01818181818181818,1,81,6,0.07407407407407407,1
BAH-P-0141,1,False,102,0,0.0,1,74,0,0.0,1,97,0,0.0,1,68,4,0.058823529411764705,1
BAH-P-0142,1,False,117,0,0.0,1,89,0,0.0,1,116,0,0.0,1,87,4,0.04597701149425287,1
BAH-P-0143,1,False,112,0,0.0,1,88,0,0.0,1,92,0,0.0,1,68,3,0.04411764705882353,1
BAH-P-0144,1,False,110,0,0.0,1,81,0,0.0,1,107,0,0.0,1,77,4,0.05194805194805195,1
BAH-P-0145,1,False,101,0,0.0,1,73,0,0.0,1,101,0,0.0,1,72,4,0.05555555555555555,1
BAH-P-0146,1,False,86,0,0.0,1,62,0,0.0,1,83,0,0.0,1,59,3,0.05084745762711865,1
BAH-P-0147,1,False,141,0,0.0,2,113,0,0.0,1,128,2,0.015625,1,99,6,0.06060606060606061,1
BAH-P-0148,1,False,138,0,0.0,2,110,0,0.0,1,136,0,0.0,2,107,4,0.037383177570093455,1
BAH-P-0149,1,False,121,0,0.0,1,93,0,0.0,1,114,0,0.0,1,85,4,0.047058823529411764,1
BAH-P-0150,1,False,146,0,0.0,2,118,0,0.0,1,133,2,0.015037593984962405,2,104,6,0.057692307692307696,1
BAH-P-0151,1,True,90,0,0.0,1,62,0,0.0,1,83,0,0.0,1,54,4,0.07407407407407407,1
BAH-P-0152,1,False,116,0,0.0,1,88,0,0.0,1,108,0,0.0,1,79,4,0.05063291139240506,1
BAH-P-0153,1,False,137,0,0.0,2,109,0,0.0,1,125,4,0.032,1,96,8,0.08333333333333333,1
BAH-P-0154,1,False,110,0,0.0,1,82,0,0.0,1,104,0,0.0,1,75,4,0.05333333333333334,1
BAH-P-0155,1,False,110,0,0.0,1,82,0,0.0,1,105,2,0.01904761904761905,1,76,6,0.07894736842105263,1
BAH-P-0156,1,False,111,0,0.0,1,83,0,0.0,1,108,2,0.018518518518518517,1,79,6,0.0759493670886076,1
BAH-P-0157,1,False,136,0,0.0,2,108,0,0.0,1,131,0,0.0,2,102,4,0.0392156862745098,1
BAH-P-0158,1,False,125,0,0.0,1,97,0,0.0,1,122,0,0.0,1,93,4,0.043010752688172046,1
BAH-P-0159,1,False,112,0,0.0,1,84,0,0.0,1,106,0,0.0,1,77,4,0.05194805194805195,1
BAH-P-0160,1,False,99,0,0.0,1,71,0,0.0,1,101,0,0.0,1,72,4,0.05555555555555555,1
BAH-P-0161,1,False,94,0,0.0,1,66,0,0.0,1,93,0,0.0,1,64,4,0.0625,1
BAH-P-0162,1,True,104,0,0.0,1,76,0,0.0,1,101,0,0.0,1,72,4,0.05555555555555555,1
BAH-P-0163,1,False,132,0,0.0,2,104,0,0.0,1,123,2,0.016260162601626018,1,94,6,0.06382978723404255,1
BAH-P-0164,1,False,107,0,0.0,1,79,0,0.0,1,100,2,0.02,1,71,6,0.08450704225352113,1
BAH-P-0165,1,False,109,0,0.0,1,81,0,0.0,1,103,2,0.019417475728155338,1,74,6,0.08108108108108109,1
BAH-P-0166,1,False,123,0,0.0,1,95,0,0.0,1,117,0,0.0,1,88,4,0.045454545454545456,1
BAH-P-0167,1,False,122,0,0.0,1,94,0,0.0,1,118,0,0.0,1,89,4,0.0449438202247191,1
BAH-P-0168,1,False,168,0,0.0,2,137,0,0.0,2,156,0,0.0,2,124,4,0.03225806451612903,1
BAH-P-0169,1,False,136,0,0.0,2,108,0,0.0,1,127,0,0.0,1,98,4,0.04081632653061224,1
BAH-P-0170,1,False,132,0,0.0,2,104,0,0.0,1,124,0,0.0,1,95,4,0.042105263157894736,1
BAH-P-0171,1,False,122,0,0.0,1,94,0,0.0,1,115,0,0.0,1,86,4,0.046511627906976744,1
BAH-P-0172,1,False,114,0,0.0,1,86,0,0.0,1,110,0,0.0,1,81,4,0.04938271604938271,1
BAH-P-0173,1,False,101,0,0.0,1,73,0,0.0,1,93,0,0.0,1,64,4,0.0625,1
BAH-P-0174,1,False,125,0,0.0,1,97,0,0.0,1,119,0,0.0,1,90,4,0.044444444444444446,1
BAH-P-0175,1,False,123,0,0.0,1,95,0,0.0,1,114,0,0.0,1,85,4,0.047058823529411764,1
BAH-P-0176,1,False,131,0,0.0,2,103,0,0.0,1,118,2,0.01694915254237288,1,89,6,0.06741573033707865,1
BAH-P-0177,1,False,107,0,0.0,1,79,0,0.0,1,101,0,0.0,1,72,4,0.05555555555555555,1
BAH-P-0178,1,False,100,0,0.0,1,72,0,0.0,1,93,0,0.0,1,64,4,0.0625,1
BAH-P-0179,1,False,91,0,0.0,1,63,0,0.0,1,88,0,0.0,1,59,4,0.06779661016949153,1
BAH-P-0180,1,False,115,0,0.0,1,87,0,0.0,1,108,2,0.018518518518518517,1,79,6,0.0759493670886076,1
BAH-P-0181,1,False,115,0,0.0,1,87,0,0.0,1,111,0,0.0,1,82,4,0.04878048780487805,1
BAH-P-0182,1,False,100,0,0.0,1,72,0,0.0,1,98,2,0.02040816326530612,1,69,6,0.08695652173913043,1
BAH-P-0183,1,False,119,0,0.0,1,91,0,0.0,1,115,0,0.0,1,86,4,0.046511627906976744,1
BAH-P-0184,1,False,96,0,0.0,1,68,0,0.0,1,93,2,0.021505376344086023,1,64,6,0.09375,1
BAH-P-0185,1,False,144,0,0.0,2,116,0,0.0,1,139,2,0.014388489208633094,2,110,6,0.05454545454545454,1
BAH-P-0186,1,False,131,0,0.0,2,103,0,0.0,1,128,0,0.0,1,99,4,0.04040404040404041,1
BAH-P-0187,1,False,127,0,0.0,1,99,0,0.0,1,119,0,0.0,1,90,4,0.044444444444444446,1
BAH-P-0188,1,False,125,0,0.0,1,97,0,0.0,1,112,2,0.017857142857142856,1,83,6,0.07228915662650602,1
BAH-P-0189,1,False,221,0,0.0,2,192,0,0.0,2,213,2,0.009389671361502348,2,182,6,0.03296703296703297,2
BAH-P-0190,1,False,124,0,0.0,1,96,0,0.0,1,114,0,0.0,1,85,4,0.047058823529411764,1
BAH-P-0191,1,False,99,0,0.0,1,71,0,0.0,1,93,0,0.0,1,64,4,0.0625,1
BAH-P-0192,1,False,105,0,0.0,1,77,0,0.0,1,102,0,0.0,1,73,4,0.0547945205479452,1
BAH-P-0193,1,False,116,0,0.0,1,88,0,0.0,1,111,0,0.0,1,82,4,0.04878048780487805,1
BAH-P-0194,1,False,124,0,0.0,1,96,0,0.0,1,113,2,0.017699115044247787,1,84,6,0.07142857142857142,1
BAH-P-0195,1,False,124,0,0.0,1,97,0,0.0,1,121,0,0.0,1,92,4,0.043478260869565216,1
BAH-P-0196,1,False,119,0,0.0,1,91,0,0.0,1,112,2,0.017857142857142856,1,83,6,0.07228915662650602,1
BAH-P-0197,1,True,108,0,0.0,1,80,0,0.0,1,101,0,0.0,1,72,4,0.05555555555555555,1
BAH-P-0198,1,False,118,0,0.0,1,90,0,0.0,1,112,0,0.0,1,83,4,0.04819277108433735,1
BAH-P-0199,1,False,111,0,0.0,1,87,0,0.0,1,106,4,0.03773584905660377,1,82,7,0.08536585365853659,1
BAH-P-0200,1,False,135,0,0.0,2,107,0,0.0,1,133,2,0.015037593984962405,2,104,6,0.057692307692307696,1
BAH-P-0201,1,False,91,0,0.0,1,63,0,0.0,1,88,0,0.0,1,59,4,0.06779661016949153,1
BAH-P-0202,1,False,120,0,0.0,1,92,0,0.0,1,114,0,0.0,1,85,4,0.047058823529411764,1
BAH-P-0203,1,False,142,0,0.0,2,125,0,0.0,1,144,2,0.013888888888888888,2,126,5,0.03968253968253968,1
BAH-P-0204,1,False,126,0,0.0,1,98,0,0.0,1,113,0,0.0,1,84,4,0.047619047619047616,1
BAH-P-0205,1,False,200,0,0.0,2,172,0,0.0,2,186,4,0.021505376344086023,2,157,8,0.050955414012738856,2
BAH-P-0206,1,False,109,0,0.0,1,81,0,0.0,1,105,0,0.0,1,75,4,0.05333333333333334,1
BAH-P-0207,1,False,132,0,0.0,2,104,0,0.0,1,121,0,0.0,1,92,4,0.043478260869565216,1
BAH-P-0208,1,False,149,0,0.0,2,121,0,0.0,1,139,4,0.02877697841726619,2,110,8,0.07272727272727272,1
BAH-P-0209,1,False,110,0,0.0,1,82,0,0.0,1,105,0,0.0,1,76,4,0.05263157894736842,1
BAH-P-0210,1,False,123,0,0.0,1,95,0,0.0,1,115,0,0.0,1,86,4,0.046511627906976744,1
BAH-P-0211,1,False,161,0,0.0,2,130,0,0.0,2,147,0,0.0,2,115,4,0.034782608695652174,1
BAH-P-0212,1,False,93,0,0.0,1,66,0,0.0,1,90,0,0.0,1,61,4,0.06557377049180328,1
BAH-P-0213,1,False,137,0,0.0,2,109,0,0.0,1,131,0,0.0,2,102,4,0.0392156862745098,1
BAH-P-0214,1,False,90,0,0.0,1,62,0,0.0,1,87,0,0.0,1,58,4,0.06896551724137931,1
BAH-P-0215,1,False,106,0,0.0,1,78,0,0.0,1,103,0,0.0,1,74,4,0.05405405405405406,1
BAH-P-0216,1,False,128,0,0.0,1,100,0,0.0,1,119,2,0.01680672268907563,1,90,6,0.06666666666666667,1
BAH-P-0217,1,False,121,0,0.0,1,93,0,0.0,1,114,0,0.0,1,85,4,0.047058823529411764,1
BAH-P-0218,1,False,103,0,0.0,1,75,0,0.0,1,100,0,0.0,1,71,4,0.056338028169014086,1
BAH-P-0219,1,False,175,0,0.0,2,147,0,0.0,2,171,0,0.0,2,142,4,0.028169014084507043,2
BAH-P-0220,1,False,151,0,0.0,2,116,0,0.0,1,136,0,0.0,2,101,4,0.039603960396039604,1
BAH-P-0221,1,True,106,0,0.0,1,78,0,0.0,1,97,0,0.0,1,68,4,0.058823529411764705,1
BAH-P-0222,1,False,114,0,0.0,1,90,0,0.0,1,105,0,0.0,1,81,3,0.037037037037037035,1
BAH-P-0223,1,False,104,0,0.0,1,76,0,0.0,1,102,0,0.0,1,73,4,0.0547945205479452,1
BAH-P-0224,1,False,108,0,0.0,1,80,0,0.0,1,104,0,0.0,1,75,4,0.05333333333333334,1
BAH-P-0225,1,False,135,0,0.0,2,107,0,0.0,1,129,0,0.0,2,100,4,0.04,1
BAH-P-0226,1,False,124,0,0.0,1,96,0,0.0,1,115,0,0.0,1,86,4,0.046511627906976744,1
BAH-P-0227,1,False,129,0,0.0,2,101,0,0.0,1,121,4,0.03305785123966942,1,92,8,0.08695652173913043,1
BAH-P-0228,1,False,98,0,0.0,1,70,0,0.0,1,95,0,0.0,1,66,4,0.06060606060606061,1
BAH-P-0229,1,False,134,0,0.0,2,106,0,0.0,1,129,0,0.0,2,100,4,0.04,1
BAH-P-0230,1,False,97,0,0.0,1,68,0,0.0,1,92,0,0.0,1,61,3,0.04918032786885246,1
BAH-P-0231,1,False,114,0,0.0,1,86,0,0.0,1,106,2,0.018867924528301886,1,77,6,0.07792207792207792,1
BAH-P-0232,1,False,146,0,0.0,2,118,0,0.0,1,137,0,0.0,2,108,4,0.037037037037037035,1
BAH-P-0233,1,True,116,0,0.0,1,88,0,0.0,1,104,0,0.0,1,75,4,0.05333333333333334,1
BAH-P-0234,1,False,102,0,0.0,1,74,0,0.0,1,97,0,0.0,1,68,4,0.058823529411764705,1
BAH-P-0235,1,False,196,0,0.0,2,165,0,0.0,2,182,2,0.01098901098901099,2,150,6,0.04,2
BAH-P-0236,1,False,122,0,0.0,1,94,0,0.0,1,114,0,0.0,1,85,4,0.047058823529411764,1
BAH-P-0237,1,False,97,0,0.0,1,69,0,0.0,1,97,0,0.0,1,68,4,0.058823529411764705,1
BAH-P-0238,1,False,141,0,0.0,2,113,0,0.0,1,130,4,0.03076923076923077,2,101,8,0.07920792079207921,1
BAH-P-0239,1,False,110,0,0.0,1,82,0,0.0,1,97,0,0.0,1,68,4,0.058823529411764705,1
BAH-P-0240,1,False,79,0,0.0,1,52,0,0.0,1,79,0,0.0,1,50,4,0.08,1
BAH-P-0241,1,False,103,0,0.0,1,75,0,0.0,1,98,0,0.0,1,69,4,0.057971014492753624,1
BAH-P-0242,1,False,109,0,0.0,1,81,0,0.0,1,105,0,0.0,1,76,4,0.05263157894736842,1
BAH-P-0243,1,False,120,0,0.0,1,92,0,0.0,1,114,0,0.0,1,85,4,0.047058823529411764,1
BAH-P-0244,1,False,106,0,0.0,1,79,0,0.0,1,105,2,0.01904761904761905,1,76,6,0.07894736842105263,1
BAH-P-0245,1,False,145,0,0.0,2,118,0,0.0,1,138,0,0.0,2,109,4,0.03669724770642202,1
BAH-P-0246,1,False,110,0,0.0,1,83,0,0.0,1,106,0,0.0,1,77,4,0.05194805194805195,1
BAH-P-0247,1,False,97,0,0.0,1,70,0,0.0,1,94,0,0.0,1,65,4,0.06153846153846154,1
BAH-P-0248,1,False,164,0,0.0,2,136,0,0.0,2,152,0,0.0,2,123,4,0.032520325203252036,1
BAH-P-0249,1,False,134,0,0.0,2,104,0,0.0,1,130,2,0.015384615384615385,2,99,6,0.06060606060606061,1
BAH-P-0250,1,False,104,0,0.0,1,76,0,0.0,1,102,0,0.0,1,73,4,0.0547945205479452,1
BAH-P-0251,1,False,88,0,0.0,1,60,0,0.0,1,86,0,0.0,1,57,4,0.07017543859649122,1
BAH-P-0252,1,False,98,0,0.0,1,70,0,0.0,1,95,2,0.021052631578947368,1,66,6,0.09090909090909091,1
BAH-P-0253,1,False,154,0,0.0,2,126,0,0.0,1,148,2,0.013513513513513514,2,119,6,0.05042016806722689,1
BAH-P-0254,1,False,95,0,0.0,1,67,0,0.0,1,89,0,0.0,1,60,4,0.06666666666666667,1
BAH-P-0255,1,False,132,0,0.0,2,104,0,0.0,1,116,0,0.0,1,87,4,0.04597701149425287,1
BAH-P-0256,1,True,85,0,0.0,1,57,0,0.0,1,80,0,0.0,1,51,4,0.0784313725490196,1
BAH-P-0257,1,False,125,0,0.0,1,97,0,0.0,1,111,0,0.0,1,82,4,0.04878048780487805,1
BAH-P-0258,1,False,111,0,0.0,1,82,0,0.0,1,110,0,0.0,1,80,4,0.05,1
BAH-P-0259,1,False,106,0,0.0,1,78,0,0.0,1,103,2,0.019417475728155338,1,74,6,0.08108108108108109,1
BAH-P-0260,1,False,113,0,0.0,1,85,0,0.0,1,105,0,0.0,1,76,4,0.05263157894736842,1
BAH-P-0261,1,False,124,0,0.0,1,96,0,0.0,1,115,0,0.0,1,86,4,0.046511627906976744,1
BAH-P-0262,1,True,121,0,0.0,1,93,0,0.0,1,117,2,0.017094017094017096,1,88,6,0.06818181818181818,1
BAH-P-0263,1,False,99,0,0.0,1,71,0,0.0,1,92,0,0.0,1,63,4,0.06349206349206349,1
BAH-P-0264,1,False,115,0,0.0,1,87,0,0.0,1,110,2,0.01818181818181818,1,81,6,0.07407407407407407,1
BAH-P-0265,1,False,110,0,0.0,1,82,0,0.0,1,105,0,0.0,1,76,4,0.05263157894736842,1
BAH-P-0266,1,False,106,0,0.0,1,78,0,0.0,1,103,0,0.0,1,74,4,0.05405405405405406,1
BAH-P-0267,1,False,122,0,0.0,1,94,0,0.0,1,111,0,0.0,1,82,4,0.04878048780487805,1
BAH-P-0268,1,False,110,0,0.0,1,82,0,0.0,1,106,2,0.018867924528301886,1,77,6,0.07792207792207792,1
BAH-P-0269,1,False,119,0,0.0,1,95,0,0.0,1,112,4,0.03571428571428571,1,88,7,0.07954545454545454,1
BAH-P-0270,1,False,232,0,0.0,2,201,0,0.0,2,221,4,0.01809954751131222,2,189,8,0.042328042328042326,2
BAH-P-0271,1,False,117,0,0.0,1,89,0,0.0,1,114,4,0.03508771929824561,1,85,8,0.09411764705882353,1
BAH-P-0272,1,False,112,0,0.0,1,86,0,0.0,1,108,2,0.018518518518518517,1,80,6,0.075,1
BAH-P-0273,1,False,122,0,0.0,1,90,0,0.0,1,121,0,0.0,1,88,4,0.045454545454545456,1
BAH-P-0274,1,False,130,0,0.0,2,102,0,0.0,1,120,0,0.0,1,91,4,0.04395604395604396,1
BAH-P-0275,1,False,103,0,0.0,1,75,0,0.0,1,101,0,0.0,1,72,4,0.05555555555555555,1
BAH-P-0276,1,False,196,0,0.0,2,167,0,0.0,2,187,4,0.0213903743315508,2,157,8,0.050955414012738856,2
BAH-P-0277,1,False,131,0,0.0,2,103,0,0.0,1,119,2,0.01680672268907563,1,90,6,0.06666666666666667,1
BAH-P-0278,1,False,147,0,0.0,2,119,0,0.0,1,139,0,0.0,2,110,4,0.03636363636363636,1
BAH-P-0279,1,False,126,0,0.0,1,98,0,0.0,1,119,0,0.0,1,90,4,0.044444444444444446,1
BAH-P-0280,1,False,115,0,0.0,1,87,0,0.0,1,106,2,0.018867924528301886,1,77,6,0.07792207792207792,1
BAH-P-0281,1,False,103,0,0.0,1,75,0,0.0,1,89,0,0.0,1,60,4,0.06666666666666667,1
BAH-P-0282,1,False,83,0,0.0,1,55,0,0.0,1,83,0,0.0,1,54,4,0.07407407407407407,1
BAH-P-0283,1,False,120,0,0.0,1,95,0,0.0,1,109,2,0.01834862385321101,1,84,5,0.05952380952380952,1
BAH-P-0284,1,False,128,0,0.0,1,100,0,0.0,1,117,2,0.017094017094017096,1,88,6,0.06818181818181818,1
BAH-P-0285,1,False,94,0,0.0,1,66,0,0.0,1,93,2,0.021505376344086023,1,64,6,0.09375,1
BAH-P-0286,1,False,118,0,0.0,1,90,0,0.0,1,111,0,0.0,1,82,4,0.04878048780487805,1
BAH-P-0287,1,False,134,0,0.0,2,106,0,0.0,1,125,6,0.048,1,96,10,0.10416666666666667,1
BAH-P-0288,1,False,109,0,0.0,1,81,0,0.0,1,106,2,0.018867924528301886,1,77,6,0.07792207792207792,1
BAH-P-0289,1,False,102,0,0.0,1,74,0,0.0,1,100,0,0.0,1,71,4,0.056338028169014086,1
BAH-P-0290,1,False,108,0,0.0,1,80,0,0.0,1,103,0,0.0,1,74,4,0.05405405405405406,1
BAH-P-0291,1,False,94,0,0.0,1,66,0,0.0,1,89,0,0.0,1,60,4,0.06666666666666667,1
BAH-P-0292,1,False,128,0,0.0,1,100,0,0.0,1,119,6,0.05042016806722689,1,90,10,0.1111111111111111,1
BAH-P-0293,1,False,122,0,0.0,1,94,0,0.0,1,118,0,0.0,1,89,4,0.0449438202247191,1
BAH-P-0294,1,False,125,0,0.0,1,99,0,0.0,1,127,2,0.015748031496062992,1,101,5,0.04950495049504951,1
BAH-P-0295,1,False,95,0,0.0,1,71,0,0.0,1,90,0,0.0,1,66,3,0.045454545454545456,1
BAH-P-0296,1,False,118,0,0.0,1,90,0,0.0,1,114,0,0.0,1,85,4,0.047058823529411764,1
BAH-P-0297,1,False,102,0,0.0,1,74,0,0.0,1,99,0,0.0,1,70,4,0.05714285714285714,1
BAH-P-0298,1,True,86,0,0.0,1,58,0,0.0,1,80,0,0.0,1,51,4,0.0784313725490196,1
BAH-P-0299,1,False,108,0,0.0,1,82,0,0.0,1,101,0,0.0,1,73,4,0.0547945205479452,1
BAH-P-0300,1,True,127,0,0.0,1,99,0,0.0,1,117,0,0.0,1,88,4,0.045454545454545456,1
BAH-P-0301,1,False,124,0,0.0,1,96,0,0.0,1,113,0,0.0,1,84,4,0.047619047619047616,1
BAH-P-0302,1,False,127,0,0.0,1,98,0,0.0,1,121,4,0.03305785123966942,1,91,8,0.08791208791208792,1
BAH-P-0303,1,False,107,0,0.0,1,79,0,0.0,1,102,0,0.0,1,73,4,0.0547945205479452,1
BAH-P-0304,1,False,135,0,0.0,2,107,0,0.0,1,131,0,0.0,2,102,4,0.0392156862745098,1
BAH-P-0305,1,False,105,0,0.0,1,77,0,0.0,1,95,0,0.0,1,66,4,0.06060606060606061,1
BAH-P-0306,1,False,106,0,0.0,1,78,0,0.0,1,104,0,0.0,1,75,4,0.05333333333333334,1
BAH-P-0307,1,False,81,0,0.0,1,60,0,0.0,1,80,2,0.025,1,58,4,0.06896551724137931,1
BAH-P-0308,1,False,142,0,0.0,2,112,0,0.0,1,143,0,0.0,2,112,4,0.03571428571428571,1
BAH-P-0309,1,False,148,0,0.0,2,120,0,0.0,1,142,3,0.02112676056338028,2,113,7,0.061946902654867256,1
BAH-P-0310,1,False,113,0,0.0,1,85,0,0.0,1,110,2,0.01818181818181818,1,81,6,0.07407407407407407,1
BAH-P-0311,1,False,107,0,0.0,1,79,0,0.0,1,97,0,0.0,1,68,3,0.04411764705882353,1
BAH-P-0312,1,False,141,0,0.0,2,113,0,0.0,1,126,0,0.0,1,97,4,0.041237113402061855,1
BAH-P-0313,1,False,103,0,0.0,1,75,0,0.0,1,98,0,0.0,1,69,4,0.057971014492753624,1
BAH-P-0314,1,False,131,0,0.0,2,103,0,0.0,1,125,2,0.016,1,96,6,0.0625,1
BAH-P-0315,1,False,134,0,0.0,2,108,0,0.0,1,133,0,0.0,2,105,4,0.0380952380952381,1
BAH-P-0316,1,False,121,0,0.0,1,95,0,0.0,1,113,2,0.017699115044247787,1,85,6,0.07058823529411765,1
BAH-P-0317,1,False,115,0,0.0,1,88,0,0.0,1,115,0,0.0,1,86,4,0.046511627906976744,1
BAH-P-0318,1,False,115,0,0.0,1,87,0,0.0,1,108,0,0.0,1,79,4,0.05063291139240506,1
BAH-P-0319,1,False,107,0,0.0,1,79,0,0.0,1,106,0,0.0,1,77,4,0.05194805194805195,1
BAH-P-0320,1,False,119,0,0.0,1,91,0,0.0,1,113,0,0.0,1,84,4,0.047619047619047616,1
BAH-P-0321,1,False,94,0,0.0,1,66,0,0.0,1,87,0,0.0,1,58,4,0.06896551724137931,1
BAH-P-0322,1,False,119,0,0.0,1,91,0,0.0,1,110,0,0.0,1,81,4,0.04938271604938271,1
BAH-P-0323,1,False,177,0,0.0,2,146,0,0.0,2,168,0,0.0,2,136,4,0.029411764705882353,2
BAH-P-0324,1,False,100,0,0.0,1,73,0,0.0,1,92,0,0.0,1,63,4,0.06349206349206349,1
BAH-P-0325,1,False,107,0,0.0,1,79,0,0.0,1,102,0,0.0,1,73,4,0.0547945205479452,1
BAH-P-0326,1,False,95,0,0.0,1,67,0,0.0,1,92,0,0.0,1,63,4,0.06349206349206349,1
BAH-P-0327,1,False,146,0,0.0,2,114,0,0.0,1,136,0,0.0,2,102,4,0.0392156862745098,1
BAH-P-0328,1,False,180,0,0.0,2,152,0,0.0,2,170,0,0.0,2,141,4,0.028368794326241134,2
BAH-P-0329,1,False,94,0,0.0,1,63,0,0.0,1,90,0,0.0,1,58,3,0.05172413793103448,1
BAH-P-0330,1,False,95,0,0.0,1,68,0,0.0,1,87,0,0.0,1,59,4,0.06779661016949153,1
BAH-P-0331,1,False,87,0,0.0,1,59,0,0.0,1,85,0,0.0,1,56,4,0.07142857142857142,1
BAH-P-0332,1,False,107,0,0.0,1,83,0,0.0,1,97,0,0.0,1,73,3,0.0410958904109589,1
BAH-P-0333,1,False,90,0,0.0,1,62,0,0.0,1,85,0,0.0,1,56,4,0.07142857142857142,1
BAH-P-0334,1,False,110,0,0.0,1,82,0,0.0,1,100,0,0.0,1,71,4,0.056338028169014086,1
BAH-P-0335,1,False,126,0,0.0,1,98,0,0.0,1,116,0,0.0,1,87,4,0.04597701149425287,1
BAH-P-0336,1,False,108,0,0.0,1,80,0,0.0,1,98,0,0.0,1,69,4,0.057971014492753624,1
BAH-P-0337,1,False,122,0,0.0,1,94,0,0.0,1,113,0,0.0,1,84,4,0.047619047619047616,1
BAH-P-0338,1,False,155,0,0.0,2,127,0,0.0,1,145,6,0.041379310344827586,2,116,10,0.08620689655172414,1
BAH-P-0339,1,False,134,0,0.0,2,106,0,0.0,1,123,0,0.0,1,94,4,0.0425531914893617,1
BAH-P-0340,1,False,87,0,0.0,1,59,0,0.0,1,83,0,0.0,1,54,4,0.07407407407407407,1
BAH-P-0341,1,False,123,0,0.0,1,95,0,0.0,1,121,2,0.01652892561983471,1,92,6,0.06521739130434782,1
BAH-P-0342,1,False,148,0,0.0,2,120,0,0.0,1,141,2,0.014184397163120567,2,112,6,0.05357142857142857,1
BAH-P-0343,1,False,111,0,0.0,1,83,0,0.0,1,106,0,0.0,1,77,4,0.05194805194805195,1
BAH-P-0344,1,False,125,0,0.0,1,97,0,0.0,1,124,0,0.0,1,95,4,0.042105263157894736,1
BAH-P-0345,1,False,122,0,0.0,1,94,0,0.0,1,120,0,0.0,1,91,4,0.04395604395604396,1
BAH-P-0346,1,False,111,0,0.0,1,83,0,0.0,1,106,0,0.0,1,77,4,0.05194805194805195,1
BAH-P-0347,1,False,113,0,0.0,1,85,0,0.0,1,108,2,0.018518518518518517,1,79,6,0.0759493670886076,1
BAH-P-0348,1,False,100,0,0.0,1,72,0,0.0,1,97,0,0.0,1,68,4,0.058823529411764705,1
BAH-P-0349,1,False,114,0,0.0,1,86,0,0.0,1,113,0,0.0,1,84,4,0.047619047619047616,1
BAH-P-0350,1,False,106,0,0.0,1,78,0,0.0,1,102,0,0.0,1,73,4,0.0547945205479452,1
BAH-P-0351,1,False,125,0,0.0,1,97,0,0.0,1,118,1,0.00847457627118644,1,89,5,0.056179775280898875,1
BAH-P-0352,1,False,122,0,0.0,1,94,0,0.0,1,117,2,0.017094017094017096,1,88,6,0.06818181818181818,1
BAH-P-0353,1,False,108,0,0.0,1,80,0,0.0,1,103,2,0.019417475728155338,1,74,6,0.08108108108108109,1
BAH-P-0354,1,False,230,0,0.0,2,202,0,0.0,2,199,6,0.03015075376884422,2,170,10,0.058823529411764705,2
BAH-P-0355,1,False,123,0,0.0,1,95,0,0.0,1,117,0,0.0,1,88,4,0.045454545454545456,1
BAH-P-0356,1,False,105,0,0.0,1,77,0,0.0,1,103,0,0.0,1,74,4,0.05405405405405406,1
BAH-P-0357,1,False,118,0,0.0,1,90,0,0.0,1,109,0,0.0,1,80,4,0.05,1
BAH-P-0358,1,False,137,0,0.0,2,109,0,0.0,1,127,2,0.015748031496062992,1,98,6,0.061224489795918366,1
BAH-P-0359,1,False,114,0,0.0,1,86,0,0.0,1,110,0,0.0,1,81,4,0.04938271604938271,1
BAH-P-0360,1,False,104,0,0.0,1,83,0,0.0,1,96,2,0.020833333333333332,1,74,4,0.05405405405405406,1
BAH-P-0361,1,False,125,0,0.0,1,97,0,0.0,1,122,0,0.0,1,93,4,0.043010752688172046,1
BAH-P-0362,1,False,150,0,0.0,2,122,0,0.0,1,140,0,0.0,2,111,4,0.036036036036036036,1
BAH-P-0363,1,False,107,0,0.0,1,79,0,0.0,1,101,0,0.0,1,72,4,0.05555555555555555,1
BAH-P-0364,1,False,135,0,0.0,2,114,0,0.0,1,120,4,0.03333333333333333,1,98,6,0.061224489795918366,1
BAH-P-0365,1,False,108,0,0.0,1,80,0,0.0,1,106,0,0.0,1,77,4,0.05194805194805195,1
BAH-P-0366,1,False,120,0,0.0,1,92,0,0.0,1,116,0,0.0,1,87,4,0.04597701149425287,1
BAH-P-0367,1,False,99,0,0.0,1,71,0,0.0,1,93,0,0.0,1,64,4,0.0625,1
BAH-P-0368,1,False,104,0,0.0,1,76,0,0.0,1,100,0,0.0,1,71,4,0.056338028169014086,1
BAH-P-0369,1,False,150,0,0.0,2,122,0,0.0,1,139,2,0.014388489208633094,2,110,6,0.05454545454545454,1
BAH-P-0370,1,False,78,0,0.0,1,54,0,0.0,1,76,0,0.0,1,52,3,0.057692307692307696,1
BAH-P-0371,1,False,120,0,0.0,1,92,0,0.0,1,110,2,0.01818181818181818,1,81,6,0.07407407407407407,1
BAH-P-0372,1,False,138,0,0.0,2,114,0,0.0,1,124,2,0.016129032258064516,1,100,5,0.05,1
BAH-P-0373,1,False,79,0,0.0,1,51,0,0.0,1,76,0,0.0,1,47,4,0.0851063829787234,1
BAH-P-0375,1,False,97,0,0.0,1,69,0,0.0,1,91,0,0.0,1,62,4,0.06451612903225806,1
BAH-P-0376,1,False,100,0,0.0,1,72,0,0.0,1,99,0,0.0,1,70,4,0.05714285714285714,1
BAH-P-0377,1,False,106,0,0.0,1,78,0,0.0,1,105,0,0.0,1,76,4,0.05263157894736842,1
BAH-P-0378,1,False,101,0,0.0,1,76,0,0.0,1,94,0,0.0,1,67,4,0.05970149253731343,1
BAH-P-0379,1,False,108,0,0.0,1,82,0,0.0,1,102,0,0.0,1,74,4,0.05405405405405406,1
BAH-P-0380,1,False,109,0,0.0,1,81,0,0.0,1,102,0,0.0,1,73,4,0.0547945205479452,1
BAH-P-0381,1,False,130,0,0.0,2,102,0,0.0,1,120,0,0.0,1,91,4,0.04395604395604396,1
BAH-P-0382,1,True,95,0,0.0,1,67,0,0.0,1,88,0,0.0,1,59,4,0.06779661016949153,1
BAH-P-0383,1,False,135,0,0.0,2,107,0,0.0,1,126,0,0.0,1,97,4,0.041237113402061855,1
BAH-P-0384,1,False,122,0,0.0,1,94,0,0.0,1,114,2,0.017543859649122806,1,85,6,0.07058823529411765,1
BAH-P-0385,1,False,104,0,0.0,1,76,0,0.0,1,95,0,0.0,1,66,4,0.06060606060606061,1
BAH-P-0386,1,False,129,0,0.0,2,101,0,0.0,1,125,0,0.0,1,96,4,0.041666666666666664,1
BAH-P-0387,1,False,119,0,0.0,1,91,0,0.0,1,111,6,0.05405405405405406,1,82,10,0.12195121951219512,1
BAH-P-0388,1,False,114,0,0.0,1,86,0,0.0,1,111,0,0.0,1,82,4,0.04878048780487805,1
BAH-P-0389,1,False,130,0,0.0,2,102,0,0.0,1,127,2,0.015748031496062992,1,98,6,0.061224489795918366,1
BAH-P-0390,1,False,119,0,0.0,1,91,0,0.0,1,113,0,0.0,1,84,4,0.047619047619047616,1
BAH-P-0391,1,False,99,0,0.0,1,71,0,0.0,1,96,0,0.0,1,67,4,0.05970149253731343,1
BAH-P-0392,1,False,137,0,0.0,2,109,0,0.0,1,132,4,0.030303030303030304,2,103,8,0.07766990291262135,1
BAH-P-0393,1,False,108,0,0.0,1,80,0,0.0,1,104,2,0.019230769230769232,1,75,6,0.08,1
BAH-P-0394,1,True,106,0,0.0,1,78,0,0.0,1,104,0,0.0,1,75,4,0.05333333333333334,1
BAH-P-0395,1,False,141,0,0.0,2,113,0,0.0,1,134,2,0.014925373134328358,2,105,6,0.05714285714285714,1
BAH-P-0396,1,True,102,0,0.0,1,74,0,0.0,1,101,0,0.0,1,71,4,0.056338028169014086,1
BAH-P-0397,1,False,120,0,0.0,1,92,0,0.0,1,112,4,0.03571428571428571,1,83,8,0.0963855421686747,1
BAH-P-0398,1,False,219,0,0.0,2,188,0,0.0,2,207,0,0.0,2,175,4,0.022857142857142857,2
BAH-P-0399,1,False,97,0,0.0,1,68,0,0.0,1,93,2,0.021505376344086023,1,62,6,0.0967741935483871,1
BAH-P-0400,1,False,134,0,0.0,2,106,0,0.0,1,121,0,0.0,1,92,4,0.043478260869565216,1
BAH-P-0401,1,False,122,0,0.0,1,94,0,0.0,1,113,0,0.0,1,84,4,0.047619047619047616,1
BAH-P-0402,1,True,84,0,0.0,1,56,0,0.0,1,83,0,0.0,1,54,4,0.07407407407407407,1
BAH-P-0403,1,True,101,0,0.0,1,73,0,0.0,1,98,0,0.0,1,69,4,0.057971014492753624,1
BAH-P-0404,1,False,100,0,0.0,1,72,0,0.0,1,98,0,0.0,1,69,4,0.057971014492753624,1
BAH-P-0405,1,False,200,0,0.0,2,172,0,0.0,2,188,2,0.010638297872340425,2,159,6,0.03773584905660377,2
BAH-P-0406,1,False,118,0,0.0,1,90,0,0.0,1,114,0,0.0,1,85,4,0.047058823529411764,1
BAH-P-0407,1,False,111,0,0.0,1,83,0,0.0,1,107,0,0.0,1,78,4,0.05128205128205128,1
BAH-P-0408,1,False,111,0,0.0,1,83,0,0.0,1,106,2,0.018867924528301886,1,77,6,0.07792207792207792,1
BAH-P-0409,1,False,116,0,0.0,1,88,0,0.0,1,113,0,0.0,1,84,4,0.047619047619047616,1
BAH-P-0410,1,False,90,0,0.0,1,62,0,0.0,1,89,0,0.0,1,60,4,0.06666666666666667,1
BAH-P-0411,1,False,201,0,0.0,2,180,0,0.0,2,187,6,0.03208556149732621,2,165,8,0.048484848484848485,2
BAH-P-0412,1,False,112,0,0.0,1,84,0,0.0,1,103,0,0.0,1,74,4,0.05405405405405406,1
BAH-P-0413,1,True,106,0,0.0,1,78,0,0.0,1,94,0,0.0,1,65,4,0.06153846153846154,1
BAH-P-0414,1,False,106,0,0.0,1,78,0,0.0,1,103,0,0.0,1,74,4,0.05405405405405406,1
BAH-P-0415,1,True,111,0,0.0,1,83,0,0.0,1,103,0,0.0,1,74,4,0.05405405405405406,1
BAH-P-0416,1,False,141,0,0.0,2,113,0,0.0,1,130,0,0.0,2,101,4,0.039603960396039604,1
BAH-P-0417,1,True,94,0,0.0,1,66,0,0.0,1,87,0,0.0,1,58,4,0.06896551724137931,1
BAH-P-0418,1,False,130,0,0.0,2,102,0,0.0,1,124,4,0.03225806451612903,1,95,8,0.08421052631578947,1
BAH-P-0419,1,False,103,0,0.0,1,75,0,0.0,1,100,0,0.0,1,71,4,0.056338028169014086,1
BAH-P-0420,1,False,148,0,0.0,2,117,0,0.0,1,143,2,0.013986013986013986,2,111,6,0.05405405405405406,1
BAH-P-0421,1,False,92,0,0.0,1,64,0,0.0,1,91,0,0.0,1,62,4,0.06451612903225806,1
BAH-P-0422,1,True,103,0,0.0,1,75,0,0.0,1,100,0,0.0,1,71,4,0.056338028169014086,1
BAH-P-0423,1,True,134,0,0.0,2,106,0,0.0,1,124,0,0.0,1,95,4,0.042105263157894736,1
BAH-P-0424,1,False,225,0,0.0,2,197,0,0.0,2,211,10,0.04739336492890995,2,182,14,0.07692307692307693,2
BAH-P-0425,1,False,141,0,0.0,2,113,0,0.0,1,130,2,0.015384615384615385,2,101,6,0.0594059405940594,1
BAH-P-0426,1,False,107,0,0.0,1,79,0,0.0,1,104,0,0.0,1,75,4,0.05333333333333334,1
BAH-P-0427,1,False,127,0,0.0,1,99,0,0.0,1,124,0,0.0,1,95,4,0.042105263157894736,1
BAH-P-0428,1,False,144,0,0.0,2,116,0,0.0,1,136,2,0.014705882352941176,2,107,6,0.056074766355140186,1
BAH-P-0429,1,False,107,0,0.0,1,79,0,0.0,1,105,2,0.01904761904761905,1,76,6,0.07894736842105263,1
BAH-P-0430,1,False,99,0,0.0,1,71,0,0.0,1,97,0,0.0,1,68,4,0.058823529411764705,1
BAH-P-0431,1,False,94,0,0.0,1,66,0,0.0,1,94,0,0.0,1,65,4,0.06153846153846154,1
BAH-P-0432,1,False,106,0,0.0,1,78,0,0.0,1,105,2,0.01904761904761905,1,76,6,0.07894736842105263,1
BAH-P-0433,1,False,197,0,0.0,2,169,0,0.0,2,182,6,0.03296703296703297,2,153,10,0.06535947712418301,2
BAH-P-0434,1,False,93,0,0.0,1,65,0,0.0,1,91,0,0.0,1,62,4,0.06451612903225806,1
BAH-P-0435,1,False,103,0,0.0,1,75,0,0.0,1,93,0,0.0,1,64,4,0.0625,1
BAH-P-0436,1,False,110,0,0.0,1,82,0,0.0,1,108,6,0.05555555555555555,1,79,10,0.12658227848101267,1
BAH-P-0437,1,False,110,0,0.0,1,82,0,0.0,1,106,2,0.018867924528301886,1,77,6,0.07792207792207792,1
BAH-P-0438,1,False,139,0,0.0,2,111,0,0.0,1,126,2,0.015873015873015872,1,96,6,0.0625,1
BAH-P-0439,1,False,132,0,0.0,2,104,0,0.0,1,124,0,0.0,1,95,4,0.042105263157894736,1
BAH-P-0440,1,False,114,0,0.0,1,86,0,0.0,1,111,0,0.0,1,82,4,0.04878048780487805,1
BAH-P-0441,1,False,120,0,0.0,1,92,0,0.0,1,116,0,0.0,1,87,4,0.04597701149425287,1
BAH-P-0442,1,False,144,0,0.0,2,117,0,0.0,1,133,0,0.0,2,106,3,0.02830188679245283,1
BAH-P-0443,1,False,105,0,0.0,1,77,0,0.0,1,100,0,0.0,1,71,4,0.056338028169014086,1
BAH-P-0444,1,False,92,0,0.0,1,64,0,0.0,1,88,0,0.0,1,59,4,0.06779661016949153,1
BAH-P-0445,1,False,103,0,0.0,1,78,0,0.0,1,102,4,0.0392156862745098,1,75,8,0.10666666666666667,1
BAH-P-0446,1,False,121,0,0.0,1,93,0,0.0,1,119,2,0.01680672268907563,1,90,6,0.06666666666666667,1
BAH-P-0447,1,True,111,0,0.0,1,83,0,0.0,1,100,0,0.0,1,71,4,0.056338028169014086,1
BAH-P-0448,1,False,108,0,0.0,1,80,0,0.0,1,103,0,0.0,1,74,4,0.05405405405405406,1
BAH-P-0449,1,False,112,0,0.0,1,84,0,0.0,1,109,0,0.0,1,80,4,0.05,1
BAH-P-0450,1,False,127,0,0.0,1,99,0,0.0,1,122,0,0.0,1,93,4,0.043010752688172046,1
BAH-P-0451,1,False,125,0,0.0,1,97,0,0.0,1,117,2,0.017094017094017096,1,88,6,0.06818181818181818,1
BAH-P-0452,1,False,138,0,0.0,2,110,0,0.0,1,134,4,0.029850746268656716,2,105,8,0.0761904761904762,1
BAH-P-0453,1,False,108,0,0.0,1,80,0,0.0,1,107,0,0.0,1,78,4,0.05128205128205128,1
BAH-P-0454,1,False,108,0,0.0,1,80,0,0.0,1,104,2,0.019230769230769232,1,75,6,0.08,1
BAH-P-0455,1,False,117,0,0.0,1,89,0,0.0,1,113,0,0.0,1,84,4,0.047619047619047616,1
BAH-P-0456,1,False,104,0,0.0,1,76,0,0.0,1,104,2,0.019230769230769232,1,75,6,0.08,1
BAH-P-0457,1,False,129,0,0.0,2,100,0,0.0,1,118,0,0.0,1,87,4,0.04597701149425287,1
BAH-P-0458,1,False,153,0,0.0,2,125,0,0.0,1,138,0,0.0,2,109,4,0.03669724770642202,1
BAH-P-0459,1,False,117,0,0.0,1,89,0,0.0,1,112,0,0.0,1,83,4,0.04819277108433735,1
BAH-P-0460,1,False,108,0,0.0,1,80,0,0.0,1,106,0,0.0,1,77,4,0.05194805194805195,1
BAH-P-0461,1,False,110,0,0.0,1,82,0,0.0,1,109,0,0.0,1,80,4,0.05,1
BAH-P-0462,1,False,110,0,0.0,1,82,0,0.0,1,107,2,0.018691588785046728,1,78,6,0.07692307692307693,1
BAH-P-0463,1,False,117,0,0.0,1,89,0,0.0,1,105,2,0.01904761904761905,1,76,6,0.07894736842105263,1
BAH-P-0464,1,False,126,0,0.0,1,98,0,0.0,1,128,0,0.0,1,99,4,0.04040404040404041,1
BAH-P-0465,1,False,108,0,0.0,1,80,0,0.0,1,102,0,0.0,1,73,4,0.0547945205479452,1
BAH-P-0466,1,False,83,0,0.0,1,59,0,0.0,1,75,0,0.0,1,51,3,0.058823529411764705,1
BAH-P-0467,1,False,169,0,0.0,2,141,0,0.0,2,156,0,0.0,2,127,4,0.031496062992125984,1
BAH-P-0468,1,False,130,0,0.0,2,102,0,0.0,1,120,0,0.0,1,91,4,0.04395604395604396,1
BAH-P-0469,1,False,181,0,0.0,2,153,0,0.0,2,161,0,0.0,2,132,4,0.030303030303030304,2
BAH-P-0470,1,False,151,0,0.0,2,123,0,0.0,1,143,0,0.0,2,114,4,0.03508771929824561,1
BAH-P-0471,1,False,107,0,0.0,1,79,0,0.0,1,103,0,0.0,1,74,4,0.05405405405405406,1
BAH-P-0472,1,False,99,0,0.0,1,71,0,0.0,1,97,0,0.0,1,68,4,0.058823529411764705,1
BAH-P-0473,1,False,95,0,0.0,1,67,0,0.0,1,94,0,0.0,1,65,4,0.06153846153846154,1
BAH-P-0474,1,False,98,0,0.0,1,70,0,0.0,1,96,0,0.0,1,67,4,0.05970149253731343,1
BAH-P-0475,1,False,84,0,0.0,1,56,0,0.0,1,85,0,0.0,1,56,4,0.07142857142857142,1
BAH-P-0476,1,False,91,0,0.0,1,63,0,0.0,1,88,0,0.0,1,59,4,0.06779661016949153,1
BAH-P-0477,1,False,92,0,0.0,1,64,0,0.0,1,90,0,0.0,1,61,4,0.06557377049180328,1
BAH-P-0478,1,False,89,0,0.0,1,65,0,0.0,1,76,0,0.0,1,52,3,0.057692307692307696,1
BAH-P-0479,1,False,126,0,0.0,1,98,0,0.0,1,117,1,0.008547008547008548,1,88,5,0.056818181818181816,1
BAH-P-0480,1,False,91,0,0.0,1,63,0,0.0,1,87,0,0.0,1,58,4,0.06896551724137931,1
BAH-P-0481,1,False,87,0,0.0,1,59,0,0.0,1,86,0,0.0,1,57,4,0.07017543859649122,1
BAH-P-0482,1,False,98,0,0.0,1,71,0,0.0,1,88,0,0.0,1,59,4,0.06779661016949153,1
BAH-P-0483,1,False,122,0,0.0,1,95,0,0.0,1,115,0,0.0,1,86,4,0.046511627906976744,1
BAH-P-0484,1,False,101,0,0.0,1,74,0,0.0,1,95,0,0.0,1,66,4,0.06060606060606061,1
BAH-P-0485,1,False,173,0,0.0,2,145,0,0.0,2,170,0,0.0,2,141,4,0.028368794326241134,2
BAH-P-0486,1,False,121,0,0.0,1,93,0,0.0,1,116,4,0.034482758620689655,1,87,8,0.09195402298850575,1
BAH-P-0487,1,False,117,0,0.0,1,89,0,0.0,1,114,2,0.017543859649122806,1,85,6,0.07058823529411765,1
BAH-P-0488,1,False,103,0,0.0,1,73,0,0.0,1,100,0,0.0,1,69,4,0.057971014492753624,1
BAH-P-0489,1,False,112,0,0.0,1,84,0,0.0,1,100,0,0.0,1,71,4,0.056338028169014086,1
BAH-P-0490,1,False,128,0,0.0,1,100,0,0.0,1,113,2,0.017699115044247787,1,84,6,0.07142857142857142,1
BAH-P-0491,1,False,105,0,0.0,1,78,0,0.0,1,98,2,0.02040816326530612,1,69,6,0.08695652173913043,1
BAH-P-0492,1,False,139,0,0.0,2,111,0,0.0,1,128,3,0.0234375,1,99,7,0.0707070707070707,1
BAH-P-0493,1,False,135,0,0.0,2,107,0,0.0,1,129,0,0.0,2,100,4,0.04,1
BAH-P-0494,1,False,112,0,0.0,1,84,0,0.0,1,101,0,0.0,1,72,4,0.05555555555555555,1
BAH-P-0495,1,False,119,0,0.0,1,91,0,0.0,1,108,2,0.018518518518518517,1,79,6,0.0759493670886076,1
BAH-P-0496,1,False,127,0,0.0,1,99,0,0.0,1,121,0,0.0,1,92,4,0.043478260869565216,1
BAH-P-0497,1,False,114,0,0.0,1,86,0,0.0,1,110,2,0.01818181818181818,1,81,6,0.07407407407407407,1
BAH-P-0498,1,False,116,0,0.0,1,88,0,0.0,1,110,2,0.01818181818181818,1,81,6,0.07407407407407407,1
BAH-P-0499,1,False,98,0,0.0,1,70,0,0.0,1,95,0,0.0,1,66,4,0.06060606060606061,1
BAH-P-0500,1,False,124,0,0.0,1,96,0,0.0,1,121,2,0.01652892561983471,1,92,6,0.06521739130434782,1
BAH-P-0501,1,False,154,0,0.0,2,126,0,0.0,1,147,0,0.0,2,118,4,0.03389830508474576,1
BAH-P-0502,1,False,105,0,0.0,1,77,0,0.0,1,102,0,0.0,1,73,4,0.0547945205479452,1
BAH-P-0503,1,False,113,0,0.0,1,85,0,0.0,1,109,0,0.0,1,80,4,0.05,1
BAH-P-0504,1,False,120,0,0.0,1,92,0,0.0,1,117,2,0.017094017094017096,1,88,6,0.06818181818181818,1
BAH-P-0505,1,False,157,0,0.0,2,130,0,0.0,2,150,4,0.02666666666666667,2,123,7,0.056910569105691054,1
BAH-P-0506,1,False,93,0,0.0,1,69,0,0.0,1,82,2,0.024390243902439025,1,58,5,0.08620689655172414,1
BAH-P-0507,1,False,130,0,0.0,2,102,0,0.0,1,125,2,0.016,1,96,6,0.0625,1
BAH-P-0508,1,False,140,0,0.0,2,112,0,0.0,1,136,0,0.0,2,107,4,0.037383177570093455,1
BAH-P-0509,1,False,101,0,0.0,1,73,0,0.0,1,93,0,0.0,1,64,4,0.0625,1
BAH-P-0510,1,False,158,0,0.0,2,130,0,0.0,2,155,0,0.0,2,126,4,0.031746031746031744,1
BAH-P-0511,1,False,109,0,0.0,1,81,0,0.0,1,105,0,0.0,1,76,4,0.05263157894736842,1
BAH-P-0512,1,False,173,0,0.0,2,145,0,0.0,2,170,0,0.0,2,141,4,0.028368794326241134,2
BAH-P-0513,1,False,140,0,0.0,2,112,0,0.0,1,135,0,0.0,2,106,4,0.03773584905660377,1
BAH-P-0514,1,False,97,0,0.0,1,69,0,0.0,1,93,0,0.0,1,64,4,0.0625,1
BAH-P-0515,1,False,103,0,0.0,1,75,0,0.0,1,101,0,0.0,1,72,4,0.05555555555555555,1
BAH-P-0516,1,False,207,0,0.0,2,176,0,0.0,2,193,0,0.0,2,161,4,0.024844720496894408,2
BAH-P-0517,1,False,107,0,0.0,1,79,0,0.0,1,99,0,0.0,1,70,4,0.05714285714285714,1
BAH-P-0518,1,False,110,0,0.0,1,82,0,0.0,1,106,0,0.0,1,77,4,0.05194805194805195,1
BAH-P-0519,1,False,122,0,0.0,1,94,0,0.0,1,115,0,0.0,1,86,4,0.046511627906976744,1
BAH-P-0520,1,False,104,0,0.0,1,76,0,0.0,1,103,0,0.0,1,74,4,0.05405405405405406,1
BAH-P-0521,1,False,142,0,0.0,2,114,0,0.0,1,138,3,0.021739130434782608,2,109,7,0.06422018348623854,1
BAH-P-0522,1,False,93,0,0.0,1,65,0,0.0,1,90,0,0.0,1,61,4,0.06557377049180328,1
BAH-P-0523,1,False,115,0,0.0,1,87,0,0.0,1,108,0,0.0,1,79,4,0.05063291139240506,1
BAH-P-0524,1,False,135,0,0.0,2,107,0,0.0,1,125,0,0.0,1,96,4,0.041666666666666664,1
BAH-P-0525,1,False,109,0,0.0,1,81,0,0.0,1,107,0,0.0,1,78,4,0.05128205128205128,1
BAH-P-0526,1,True,127,0,0.0,1,99,0,0.0,1,118,0,0.0,1,89,4,0.0449438202247191,1
BAH-P-0527,1,False,107,0,0.0,1,79,0,0.0,1,105,0,0.0,1,76,4,0.05263157894736842,1
BAH-P-0528,1,False,120,0,0.0,1,92,0,0.0,1,115,0,0.0,1,86,4,0.046511627906976744,1
BAH-P-0529,1,False,125,0,0.0,1,97,0,0.0,1,120,0,0.0,1,91,4,0.04395604395604396,1
BAH-P-0530,1,False,132,0,0.0,2,104,0,0.0,1,124,2,0.016129032258064516,1,95,6,0.06315789473684211,1
BAH-P-0531,1,False,105,0,0.0,1,76,0,0.0,1,100,0,0.0,1,70,4,0.05714285714285714,1
BAH-P-0532,1,False,85,0,0.0,1,61,0,0.0,1,77,0,0.0,1,53,3,0.05660377358490566,1
BAH-P-0533,1,False,144,0,0.0,2,116,0,0.0,1,133,1,0.007518796992481203,2,104,5,0.04807692307692308,1
BAH-P-0534,1,False,153,0,0.0,2,125,0,0.0,1,146,2,0.0136986301369863,2,117,6,0.05128205128205128,1
BAH-P-0535,1,False,94,0,0.0,1,66,0,0.0,1,90,0,0.0,1,61,4,0.06557377049180328,1
BAH-P-0536,1,False,174,0,0.0,2,143,0,0.0,2,170,0,0.0,2,138,4,0.028985507246376812,2
BAH-P-0537,1,False,141,0,0.0,2,113,0,0.0,1,127,0,0.0,1,98,4,0.04081632653061224,1
BAH-P-0538,1,False,106,0,0.0,1,78,0,0.0,1,97,0,0.0,1,68,4,0.058823529411764705,1
BAH-P-0539,1,False,87,0,0.0,1,59,0,0.0,1,85,0,0.0,1,56,4,0.07142857142857142,1
BAH-P-0540,1,False,117,0,0.0,1,89,0,0.0,1,117,0,0.0,1,88,4,0.045454545454545456,1
BAH-P-0541,1,False,132,0,0.0,2,104,0,0.0,1,134,0,0.0,2,105,4,0.0380952380952381,1
BAH-P-0542,1,False,97,0,0.0,1,69,0,0.0,1,97,0,0.0,1,68,4,0.058823529411764705,1
BAH-P-0543,1,False,98,0,0.0,1,70,0,0.0,1,94,0,0.0,1,65,4,0.06153846153846154,1
BAH-P-0544,1,False,134,0,0.0,2,106,0,0.0,1,127,0,0.0,1,98,4,0.04081632653061224,1
BAH-P-0545,1,False,105,0,0.0,1,77,0,0.0,1,94,2,0.02127659574468085,1,65,6,0.09230769230769231,1
BAH-P-0546,1,False,143,0,0.0,2,115,0,0.0,1,132,0,0.0,2,103,4,0.038834951456310676,1
BAH-P-0547,1,False,224,0,0.0,2,196,0,0.0,2,206,0,0.0,2,176,4,0.022727272727272728,2
BAH-P-0548,1,False,110,0,0.0,1,82,0,0.0,1,100,0,0.0,1,71,4,0.056338028169014086,1
BAH-P-0549,1,False,132,0,0.0,2,104,0,0.0,1,130,2,0.015384615384615385,2,101,6,0.0594059405940594,1
BAH-P-0550,1,False,117,0,0.0,1,89,0,0.0,1,115,0,0.0,1,86,4,0.046511627906976744,1
BAH-P-0551,1,False,139,0,0.0,2,111,0,0.0,1,136,6,0.04411764705882353,2,107,10,0.09345794392523364,1
BAH-P-0552,1,False,111,0,0.0,1,83,0,0.0,1,109,2,0.01834862385321101,1,80,6,0.075,1
BAH-P-0553,1,False,102,0,0.0,1,77,0,0.0,1,100,0,0.0,1,73,3,0.0410958904109589,1
BAH-P-0554,1,False,106,0,0.0,1,78,0,0.0,1,104,0,0.0,1,75,4,0.05333333333333334,1
BAH-P-0555,1,True,90,0,0.0,1,62,0,0.0,1,86,0,0.0,1,57,4,0.07017543859649122,1
BAH-P-0556,1,True,91,0,0.0,1,63,0,0.0,1,87,0,0.0,1,58,4,0.06896551724137931,1
BAH-P-0557,1,False,126,0,0.0,1,98,0,0.0,1,122,0,0.0,1,93,4,0.043010752688172046,1
BAH-P-0558,1,False,105,0,0.0,1,77,0,0.0,1,99,0,0.0,1,70,4,0.05714285714285714,1
BAH-P-0559,1,True,98,0,0.0,1,70,0,0.0,1,94,0,0.0,1,65,4,0.06153846153846154,1
BAH-P-0560,1,False,110,0,0.0,1,82,0,0.0,1,114,0,0.0,1,85,4,0.047058823529411764,1
BAH-P-0561,1,True,118,0,0.0,1,90,0,0.0,1,107,0,0.0,1,78,4,0.05128205128205128,1
BAH-P-0562,1,False,107,0,0.0,1,79,0,0.0,1,102,0,0.0,1,73,4,0.0547945205479452,1
BAH-P-0563,1,False,132,0,0.0,2,104,0,0.0,1,130,2,0.015384615384615385,2,101,6,0.0594059405940594,1
BAH-P-0564,1,False,119,0,0.0,1,92,0,0.0,1,116,1,0.008620689655172414,1,87,5,0.05747126436781609,1
BAH-P-0565,1,False,132,0,0.0,2,104,0,0.0,1,127,2,0.015748031496062992,1,98,6,0.061224489795918366,1
BAH-P-0566,1,False,120,0,0.0,1,92,0,0.0,1,115,3,0.02608695652173913,1,86,7,0.08139534883720931,1
BAH-P-0567,1,False,124,0,0.0,1,96,0,0.0,1,114,1,0.008771929824561403,1,85,5,0.058823529411764705,1
BAH-P-0568,1,False,114,0,0.0,1,86,0,0.0,1,109,1,0.009174311926605505,1,80,5,0.0625,1
BAH-P-0569,1,False,116,0,0.0,1,88,0,0.0,1,106,0,0.0,1,77,4,0.05194805194805195,1
BAH-P-0570,1,False,101,0,0.0,1,73,0,0.0,1,98,0,0.0,1,69,4,0.057971014492753624,1
BAH-P-0571,1,False,129,0,0.0,2,101,0,0.0,1,118,0,0.0,1,89,4,0.0449438202247191,1
BAH-P-0572,1,False,125,0,0.0,1,97,0,0.0,1,120,3,0.025,1,91,7,0.07692307692307693,1
BAH-P-0573,1,False,114,0,0.0,1,86,0,0.0,1,109,0,0.0,1,80,4,0.05,1
BAH-P-0574,1,False,129,0,0.0,2,101,0,0.0,1,124,2,0.016129032258064516,1,95,6,0.06315789473684211,1
BAH-P-0575,1,False,108,0,0.0,1,80,0,0.0,1,104,0,0.0,1,75,4,0.05333333333333334,1
BAH-P-0576,1,False,115,0,0.0,1,87,0,0.0,1,110,0,0.0,1,81,4,0.04938271604938271,1
BAH-P-0577,1,True,105,0,0.0,1,77,0,0.0,1,103,0,0.0,1,74,4,0.05405405405405406,1
BAH-P-0578,1,False,89,0,0.0,1,61,0,0.0,1,85,0,0.0,1,56,4,0.07142857142857142,1
BAH-P-0579,1,False,93,0,0.0,1,65,0,0.0,1,91,0,0.0,1,62,4,0.06451612903225806,1
BAH-P-0580,1,False,104,0,0.0,1,76,0,0.0,1,99,0,0.0,1,70,4,0.05714285714285714,1
BAH-P-0581,1,True,97,0,0.0,1,69,0,0.0,1,94,0,0.0,1,65,4,0.06153846153846154,1
BAH-P-0582,1,False,103,0,0.0,1,75,0,0.0,1,99,0,0.0,1,70,4,0.05714285714285714,1
BAH-P-0583,1,False,115,0,0.0,1,87,0,0.0,1,112,1,0.008928571428571428,1,83,5,0.060240963855421686,1
BAH-P-0584,1,True,107,0,0.0,1,79,0,0.0,1,99,0,0.0,1,70,4,0.05714285714285714,1
BAH-P-0585,1,False,130,0,0.0,2,102,0,0.0,1,129,0,0.0,2,100,4,0.04,1
BAH-P-0586,1,False,126,0,0.0,1,98,0,0.0,1,114,0,0.0,1,85,4,0.047058823529411764,1
BAH-P-0587,1,False,94,0,0.0,1,66,0,0.0,1,89,0,0.0,1,60,4,0.06666666666666667,1
BAH-P-0588,1,False,116,0,0.0,1,88,0,0.0,1,108,0,0.0,1,79,4,0.05063291139240506,1
BAH-P-0589,1,False,100,0,0.0,1,72,0,0.0,1,98,0,0.0,1,69,4,0.057971014492753624,1
BAH-P-0590,1,False,109,0,0.0,1,81,0,0.0,1,107,0,0.0,1,78,4,0.05128205128205128,1
BAH-P-0591,1,False,194,0,0.0,2,166,0,0.0,2,175,2,0.011428571428571429,2,146,6,0.0410958904109589,2
BAH-P-0592,1,False,100,0,0.0,1,72,0,0.0,1,98,0,0.0,1,69,4,0.057971014492753624,1
BAH-P-0593,1,False,125,0,0.0,1,97,0,0.0,1,122,0,0.0,1,93,4,0.043010752688172046,1
BAH-P-0594,1,False,117,0,0.0,1,89,0,0.0,1,109,0,0.0,1,80,4,0.05,1
BAH-P-0595,1,False,183,0,0.0,2,155,0,0.0,2,171,0,0.0,2,142,4,0.028169014084507043,2
BAH-P-0596,1,False,129,0,0.0,2,101,0,0.0,1,125,0,0.0,1,96,4,0.041666666666666664,1
BAH-P-0597,1,False,115,0,0.0,1,87,0,0.0,1,107,0,0.0,1,78,4,0.05128205128205128,1
BAH-P-0598,1,False,184,0,0.0,2,156,0,0.0,2,176,0,0.0,2,147,4,0.027210884353741496,2
BAH-P-0599,1,False,131,0,0.0,2,100,0,0.0,1,125,0,0.0,1,93,4,0.043010752688172046,1
BAH-P-0600,1,False,105,0,0.0,1,77,0,0.0,1,102,0,0.0,1,73,4,0.0547945205479452,1
BAH-P-0601,1,False,98,0,0.0,1,70,0,0.0,1,93,2,0.021505376344086023,1,64,6,0.09375,1
BAH-P-0602,1,False,109,0,0.0,1,82,0,0.0,1,109,2,0.01834862385321101,1,80,6,0.075,1
BAH-P-0603,1,False,97,0,0.0,1,70,0,0.0,1,99,0,0.0,1,70,4,0.05714285714285714,1
BAH-P-0604,1,False,105,0,0.0,1,77,0,0.0,1,98,0,0.0,1,69,4,0.057971014492753624,1
BAH-P-0605,1,False,162,0,0.0,2,135,0,0.0,2,147,0,0.0,2,118,4,0.03389830508474576,1
BAH-P-0606,1,False,129,0,0.0,2,101,0,0.0,1,128,2,0.015625,1,99,6,0.06060606060606061,1
BAH-P-0607,1,False,134,0,0.0,2,106,0,0.0,1,126,4,0.031746031746031744,1,97,8,0.08247422680412371,1
BAH-P-0608,1,False,107,0,0.0,1,79,0,0.0,1,102,4,0.0392156862745098,1,73,8,0.1095890410958904,1
BAH-P-0609,1,False,139,0,0.0,2,113,0,0.0,1,136,2,0.014705882352941176,2,108,6,0.05555555555555555,1
BAH-P-0610,1,False,116,0,0.0,1,88,0,0.0,1,110,6,0.05454545454545454,1,81,10,0.12345679012345678,1
BAH-P-0611,1,False,191,0,0.0,2,163,0,0.0,2,181,2,0.011049723756906077,2,152,6,0.039473684210526314,2
BAH-P-0612,1,False,115,0,0.0,1,87,0,0.0,1,109,2,0.01834862385321101,1,80,6,0.075,1
BAH-P-0613,1,False,106,0,0.0,1,78,0,0.0,1,100,0,0.0,1,71,4,0.056338028169014086,1
BAH-P-0614,1,True,106,0,0.0,1,78,0,0.0,1,102,0,0.0,1,73,4,0.0547945205479452,1
BAH-P-0615,1,False,109,0,0.0,1,81,0,0.0,1,106,0,0.0,1,77,4,0.05194805194805195,1
BAH-P-0616,1,False,137,0,0.0,2,109,0,0.0,1,132,0,0.0,2,103,4,0.038834951456310676,1
BAH-P-0617,1,False,115,0,0.0,1,91,0,0.0,1,102,0,0.0,1,78,3,0.038461538461538464,1
BAH-P-0618,1,False,148,0,0.0,2,120,0,0.0,1,136,2,0.014705882352941176,2,107,6,0.056074766355140186,1
BAH-P-0619,1,False,98,0,0.0,1,70,0,0.0,1,97,0,0.0,1,68,4,0.058823529411764705,1
BAH-P-0620,1,False,117,0,0.0,1,89,0,0.0,1,109,2,0.01834862385321101,1,80,6,0.075,1
BAH-P-0621,1,False,102,0,0.0,1,74,0,0.0,1,99,0,0.0,1,70,4,0.05714285714285714,1
BAH-P-0622,1,True,113,0,0.0,1,85,0,0.0,1,102,2,0.0196078431372549,1,73,6,0.0821917808219178,1
BAH-P-0623,1,False,143,0,0.0,2,115,0,0.0,1,128,4,0.03125,1,99,8,0.08080808080808081,1
BAH-P-0624,1,False,112,0,0.0,1,84,0,0.0,1,109,0,0.0,1,80,4,0.05,1
BAH-P-0625,1,False,144,0,0.0,2,116,0,0.0,1,128,2,0.015625,1,99,6,0.06060606060606061,1
BAH-P-0626,1,False,113,0,0.0,1,85,0,0.0,1,108,0,0.0,1,79,4,0.05063291139240506,1
BAH-P-0627,1,False,143,0,0.0,2,115,0,0.0,1,133,4,0.03007518796992481,2,104,8,0.07692307692307693,1
BAH-P-0628,1,False,209,0,0.0,2,181,0,0.0,2,200,2,0.01,2,171,6,0.03508771929824561,2
BAH-P-0629,1,False,199,0,0.0,2,167,0,0.0,2,189,4,0.021164021164021163,2,156,8,0.05128205128205128,2
BAH-P-0630,1,False,104,0,0.0,1,76,0,0.0,1,102,0,0.0,1,73,4,0.0547945205479452,1
BAH-P-0631,1,False,79,0,0.0,1,55,0,0.0,1,73,0,0.0,1,49,3,0.061224489795918366,1
BAH-P-0632,1,False,121,0,0.0,1,93,0,0.0,1,113,0,0.0,1,84,4,0.047619047619047616,1
BAH-P-0633,1,False,99,0,0.0,1,71,0,0.0,1,95,0,0.0,1,66,4,0.06060606060606061,1
BAH-P-0634,1,False,129,0,0.0,2,101,0,0.0,1,123,0,0.0,1,94,4,0.0425531914893617,1
BAH-P-0635,1,False,127,0,0.0,1,99,0,0.0,1,117,0,0.0,1,88,4,0.045454545454545456,1
BAH-P-0636,1,False,100,0,0.0,1,72,0,0.0,1,97,0,0.0,1,68,4,0.058823529411764705,1
BAH-P-0637,1,False,102,0,0.0,1,74,0,0.0,1,98,0,0.0,1,69,4,0.057971014492753624,1
BAH-P-0638,1,False,121,0,0.0,1,93,0,0.0,1,111,0,0.0,1,82,4,0.04878048780487805,1
BAH-P-0639,1,False,207,0,0.0,2,179,0,0.0,2,194,6,0.030927835051546393,2,165,10,0.06060606060606061,2
BAH-P-0640,1,False,119,0,0.0,1,95,0,0.0,1,112,2,0.017857142857142856,1,88,5,0.056818181818181816,1
BAH-P-0641,1,False,122,0,0.0,1,94,0,0.0,1,106,4,0.03773584905660377,1,77,8,0.1038961038961039,1
BAH-P-0642,1,False,103,0,0.0,1,75,0,0.0,1,99,0,0.0,1,70,4,0.05714285714285714,1
BAH-P-0643,1,False,105,0,0.0,1,77,0,0.0,1,101,0,0.0,1,72,4,0.05555555555555555,1
BAH-P-0644,1,False,130,0,0.0,2,102,0,0.0,1,126,2,0.015873015873015872,1,97,6,0.061855670103092786,1
BAH-P-0645,1,True,99,0,0.0,1,71,0,0.0,1,97,0,0.0,1,68,4,0.058823529411764705,1
BAH-P-0646,1,False,116,0,0.0,1,88,0,0.0,1,107,0,0.0,1,78,4,0.05128205128205128,1
BAH-P-0647,1,False,228,0,0.0,2,200,0,0.0,2,209,4,0.019138755980861243,2,180,8,0.044444444444444446,2
BAH-P-0648,1,False,137,0,0.0,2,109,0,0.0,1,131,0,0.0,2,102,4,0.0392156862745098,1
BAH-P-0649,1,False,160,0,0.0,2,132,0,0.0,2,147,4,0.027210884353741496,2,118,8,0.06779661016949153,1
BAH-P-0650,1,False,229,0,0.0,2,200,0,0.0,2,216,8,0.037037037037037035,2,186,12,0.06451612903225806,2
BAH-P-0651,1,False,99,0,0.0,1,71,0,0.0,1,96,0,0.0,1,67,4,0.05970149253731343,1
BAH-P-0652,1,False,128,0,0.0,1,100,0,0.0,1,118,2,0.01694915254237288,1,89,6,0.06741573033707865,1
BAH-P-0653,1,True,98,0,0.0,1,70,0,0.0,1,95,0,0.0,1,66,4,0.06060606060606061,1
BAH-P-0654,1,True,101,0,0.0,1,73,0,0.0,1,95,0,0.0,1,66,4,0.06060606060606061,1
BAH-P-0655,1,False,101,0,0.0,1,73,0,0.0,1,95,0,0.0,1,66,4,0.06060606060606061,1
BAH-P-0656,1,False,106,0,0.0,1,80,0,0.0,1,106,0,0.0,1,78,4,0.05128205128205128,1
BAH-P-0657,1,False,106,0,0.0,1,78,0,0.0,1,100,2,0.02,1,71,6,0.08450704225352113,1
BAH-P-0658,1,False,119,0,0.0,1,91,0,0.0,1,110,2,0.01818181818181818,1,81,6,0.07407407407407407,1
BAH-P-0659,1,False,102,0,0.0,1,74,0,0.0,1,99,0,0.0,1,70,4,0.05714285714285714,1
BAH-P-0660,1,False,98,0,0.0,1,70,0,0.0,1,94,0,0.0,1,65,4,0.06153846153846154,1
BAH-P-0661,1,True,106,0,0.0,1,78,0,0.0,1,101,2,0.019801980198019802,1,72,6,0.08333333333333333,1
BAH-P-0662,1,True,101,0,0.0,1,73,0,0.0,1,98,0,0.0,1,69,4,0.057971014492753624,1
BAH-P-0663,1,False,133,0,0.0,2,105,0,0.0,1,128,6,0.046875,1,99,10,0.10101010101010101,1
BAH-P-0664,1,False,111,0,0.0,1,87,0,0.0,1,96,0,0.0,1,72,3,0.041666666666666664,1
BAH-P-0665,1,False,124,0,0.0,1,96,0,0.0,1,117,2,0.017094017094017096,1,88,6,0.06818181818181818,1
BAH-P-0666,1,False,111,0,0.0,1,82,0,0.0,1,106,2,0.018867924528301886,1,76,6,0.07894736842105263,1
BAH-P-0667,1,False,102,0,0.0,1,74,0,0.0,1,94,0,0.0,1,65,4,0.06153846153846154,1
BAH-P-0668,1,False,114,0,0.0,1,85,0,0.0,1,105,0,0.0,1,75,4,0.05333333333333334,1
BAH-P-0669,1,False,137,0,0.0,2,109,0,0.0,1,121,3,0.024793388429752067,1,92,7,0.07608695652173914,1
BAH-P-0670,1,False,119,0,0.0,1,91,0,0.0,1,113,0,0.0,1,84,4,0.047619047619047616,1
BAH-P-0671,1,False,120,0,0.0,1,96,0,0.0,1,108,2,0.018518518518518517,1,84,5,0.05952380952380952,1
BAH-P-0672,1,False,168,0,0.0,2,140,0,0.0,2,160,0,0.0,2,131,4,0.030534351145038167,2
BAH-P-0673,1,False,123,0,0.0,1,95,0,0.0,1,122,0,0.0,1,93,4,0.043010752688172046,1
BAH-P-0674,1,False,189,0,0.0,2,161,0,0.0,2,182,1,0.005494505494505495,2,153,5,0.032679738562091505,2
BAH-P-0675,1,False,142,0,0.0,2,114,0,0.0,1,132,0,0.0,2,103,4,0.038834951456310676,1
BAH-P-0676,1,False,156,0,0.0,2,127,0,0.0,1,148,6,0.04054054054054054,2,118,10,0.0847457627118644,1
BAH-P-0677,1,False,168,0,0.0,2,140,0,0.0,2,158,0,0.0,2,129,4,0.031007751937984496,2
BAH-P-0678,1,False,93,0,0.0,1,65,0,0.0,1,89,0,0.0,1,60,4,0.06666666666666667,1
BAH-P-0679,1,False,99,0,0.0,1,70,0,0.0,1,97,0,0.0,1,67,4,0.05970149253731343,1
BAH-P-0680,1,False,132,0,0.0,2,103,0,0.0,1,118,0,0.0,1,88,4,0.045454545454545456,1
BAH-P-0681,1,False,108,0,0.0,1,84,0,0.0,1,107,0,0.0,1,83,3,0.03614457831325301,1
BAH-P-0682,1,False,122,0,0.0,1,93,0,0.0,1,118,2,0.01694915254237288,1,88,6,0.06818181818181818,1
BAH-P-0683,1,False,107,0,0.0,1,83,0,0.0,1,95,0,0.0,1,71,3,0.04225352112676056,1
BAH-P-0684,1,False,103,0,0.0,1,75,0,0.0,1,101,0,0.0,1,72,4,0.05555555555555555,1
BAH-P-0685,1,False,83,0,0.0,1,62,0,0.0,1,85,0,0.0,1,63,3,0.047619047619047616,1
BAH-P-0686,1,False,107,0,0.0,1,79,0,0.0,1,102,0,0.0,1,73,4,0.0547945205479452,1
BAH-P-0687,1,False,113,0,0.0,1,85,0,0.0,1,102,2,0.0196078431372549,1,73,6,0.0821917808219178,1
BAH-P-0688,1,False,142,0,0.0,2,112,0,0.0,1,136,0,0.0,2,105,4,0.0380952380952381,1
BAH-P-0689,1,False,108,0,0.0,1,80,0,0.0,1,105,2,0.01904761904761905,1,76,6,0.07894736842105263,1
BAH-P-0690,1,False,118,0,0.0,1,89,0,0.0,1,109,0,0.0,1,79,4,0.05063291139240506,1
BAH-P-0691,1,False,131,0,0.0,2,103,0,0.0,1,117,2,0.017094017094017096,1,88,6,0.06818181818181818,1
BAH-P-0692,1,False,154,0,0.0,2,126,0,0.0,1,149,2,0.013422818791946308,2,120,6,0.05,1
BAH-P-0693,1,False,106,0,0.0,1,78,0,0.0,1,104,0,0.0,1,75,4,0.05333333333333334,1
BAH-P-0694,1,False,126,0,0.0,1,98,0,0.0,1,122,0,0.0,1,93,4,0.043010752688172046,1
BAH-P-0695,1,False,127,0,0.0,1,99,0,0.0,1,116,0,0.0,1,87,4,0.04597701149425287,1
BAH-P-0696,1,False,130,0,0.0,2,102,0,0.0,1,118,0,0.0,1,89,4,0.0449438202247191,1
BAH-P-0697,1,False,147,0,0.0,2,119,0,0.0,1,143,0,0.0,2,114,4,0.03508771929824561,1
BAH-P-0698,1,False,132,0,0.0,2,103,0,0.0,1,128,4,0.03125,1,98,8,0.08163265306122448,1
BAH-P-0699,1,False,115,0,0.0,1,87,0,0.0,1,109,2,0.01834862385321101,1,80,6,0.075,1
BAH-P-0700,1,False,146,0,0.0,2,117,0,0.0,1,134,4,0.029850746268656716,2,104,8,0.07692307692307693,1
BAH-P-0701,1,False,119,0,0.0,1,90,0,0.0,1,116,0,0.0,1,86,4,0.046511627906976744,1
BAH-P-0702,1,False,108,0,0.0,1,80,0,0.0,1,100,0,0.0,1,71,4,0.056338028169014086,1
BAH-P-0703,1,False,104,0,0.0,1,76,0,0.0,1,96,0,0.0,1,67,4,0.05970149253731343,1
BAH-P-0704,1,False,121,0,0.0,1,93,0,0.0,1,116,0,0.0,1,87,4,0.04597701149425287,1
BAH-P-0705,1,False,180,0,0.0,2,150,0,0.0,2,173,2,0.011560693641618497,2,142,6,0.04225352112676056,2
BAH-P-0706,1,False,126,0,0.0,1,97,0,0.0,1,122,2,0.01639344262295082,1,92,6,0.06521739130434782,1
BAH-P-0707,1,False,123,0,0.0,1,95,0,0.0,1,118,4,0.03389830508474576,1,89,8,0.0898876404494382,1
BAH-P-0708,1,False,239,0,0.0,2,208,0,0.0,2,234,6,0.02564102564102564,2,202,10,0.04950495049504951,2
BAH-P-0709,1,False,126,0,0.0,1,98,0,0.0,1,116,4,0.034482758620689655,1,87,8,0.09195402298850575,1
BAH-P-0710,1,False,202,0,0.0,2,171,0,0.0,2,196,2,0.01020408163265306,2,164,6,0.036585365853658534,2
BAH-P-0711,1,False,150,0,0.0,2,119,0,0.0,1,147,2,0.013605442176870748,2,115,6,0.05217391304347826,1
BAH-P-0712,1,False,117,0,0.0,1,89,0,0.0,1,103,3,0.02912621359223301,1,74,7,0.0945945945945946,1
BAH-P-0713,1,False,114,0,0.0,1,86,0,0.0,1,112,2,0.017857142857142856,1,83,6,0.07228915662650602,1
BAH-P-0714,1,False,120,0,0.0,1,91,0,0.0,1,116,4,0.034482758620689655,1,86,8,0.09302325581395349,1
BAH-P-0715,1,False,116,0,0.0,1,88,0,0.0,1,111,2,0.018018018018018018,1,82,6,0.07317073170731707,1
BAH-P-0716,1,False,182,0,0.0,2,154,0,0.0,2,172,0,0.0,2,143,4,0.027972027972027972,2
BAH-P-0717,1,False,193,0,0.0,2,162,0,0.0,2,184,0,0.0,2,152,4,0.02631578947368421,2
BAH-P-0718,1,False,98,0,0.0,1,70,0,0.0,1,91,0,0.0,1,62,4,0.06451612903225806,1
BAH-P-0719,1,False,120,0,0.0,1,92,0,0.0,1,114,0,0.0,1,85,4,0.047058823529411764,1
BAH-P-0720,1,False,103,0,0.0,1,74,0,0.0,1,100,2,0.02,1,70,6,0.08571428571428572,1
BAH-P-0721,1,False,186,0,0.0,2,158,0,0.0,2,168,2,0.011904761904761904,2,139,6,0.04316546762589928,2
BAH-P-0722,1,False,115,0,0.0,1,85,0,0.0,1,114,0,0.0,1,83,4,0.04819277108433735,1
BAH-P-0723,1,False,98,0,0.0,1,70,0,0.0,1,95,0,0.0,1,66,4,0.06060606060606061,1
BAH-P-0724,1,False,106,0,0.0,1,78,0,0.0,1,102,0,0.0,1,73,4,0.0547945205479452,1
BAH-P-0725,1,False,110,0,0.0,1,82,0,0.0,1,106,2,0.018867924528301886,1,77,6,0.07792207792207792,1
BAH-P-0726,1,False,137,0,0.0,2,109,0,0.0,1,126,0,0.0,1,97,4,0.041237113402061855,1
BAH-P-0727,1,False,99,0,0.0,1,72,0,0.0,1,93,0,0.0,1,65,4,0.06153846153846154,1
BAH-P-0728,1,False,155,0,0.0,2,127,0,0.0,1,153,0,0.0,2,124,4,0.03225806451612903,1
BAH-P-0729,1,False,108,0,0.0,1,80,0,0.0,1,105,2,0.01904761904761905,1,76,6,0.07894736842105263,1
BAH-P-0730,1,True,124,0,0.0,1,96,0,0.0,1,114,0,0.0,1,85,4,0.047058823529411764,1
BAH-P-0731,1,False,120,0,0.0,1,92,0,0.0,1,116,2,0.017241379310344827,1,87,6,0.06896551724137931,1
BAH-P-0732,1,False,119,0,0.0,1,91,0,0.0,1,112,0,0.0,1,83,4,0.04819277108433735,1
BAH-P-0733,1,False,90,0,0.0,1,61,0,0.0,1,87,0,0.0,1,57,4,0.07017543859649122,1
BAH-P-0734,1,False,120,0,0.0,1,92,0,0.0,1,115,2,0.017391304347826087,1,86,6,0.06976744186046512,1
BAH-P-0735,1,True,109,0,0.0,1,81,0,0.0,1,102,2,0.0196078431372549,1,73,6,0.0821917808219178,1
BAH-P-0736,1,True,100,0,0.0,1,72,0,0.0,1,94,0,0.0,1,65,4,0.06153846153846154,1
BAH-P-0737,1,True,105,0,0.0,1,76,0,0.0,1,102,2,0.0196078431372549,1,72,6,0.08333333333333333,1
BAH-P-0738,1,False,145,0,0.0,2,117,0,0.0,1,138,4,0.028985507246376812,2,109,8,0.07339449541284404,1
BAH-P-0739,1,False,119,0,0.0,1,91,0,0.0,1,110,0,0.0,1,81,4,0.04938271604938271,1
BAH-P-0740,1,False,105,0,0.0,1,76,0,0.0,1,104,0,0.0,1,74,4,0.05405405405405406,1
BAH-P-0741,1,False,117,0,0.0,1,89,0,0.0,1,114,0,0.0,1,85,4,0.047058823529411764,1
BAH-P-0742,1,False,120,0,0.0,1,92,0,0.0,1,115,0,0.0,1,86,4,0.046511627906976744,1
BAH-P-0743,1,False,121,0,0.0,1,92,0,0.0,1,119,6,0.05042016806722689,1,89,10,0.11235955056179775,1
BAH-P-0744,1,False,113,0,0.0,1,85,0,0.0,1,108,0,0.0,1,79,4,0.05063291139240506,1
BAH-P-0745,1,False,129,0,0.0,2,101,0,0.0,1,118,0,0.0,1,89,4,0.0449438202247191,1
BAH-P-0746,1,False,167,0,0.0,2,136,0,0.0,2,147,0,0.0,2,115,4,0.034782608695652174,1
BAH-P-0747,1,False,119,0,0.0,1,91,0,0.0,1,105,0,0.0,1,76,4,0.05263157894736842,1
BAH-P-0748,1,False,100,0,0.0,1,72,0,0.0,1,97,0,0.0,1,68,4,0.058823529411764705,1
BAH-P-0749,1,False,196,0,0.0,2,167,0,0.0,2,187,2,0.0106951871657754,2,157,6,0.03821656050955414,2
BAH-P-0750,1,False,143,0,0.0,2,115,0,0.0,1,131,2,0.015267175572519083,2,102,6,0.058823529411764705,1
BAH-P-0751,1,False,136,0,0.0,2,108,0,0.0,1,125,0,0.0,1,96,4,0.041666666666666664,1
BAH-P-0752,1,False,103,0,0.0,1,74,0,0.0,1,99,0,0.0,1,69,4,0.057971014492753624,1
BAH-P-0753,1,False,175,0,0.0,2,146,0,0.0,2,166,4,0.024096385542168676,2,136,8,0.058823529411764705,2
BAH-P-0754,1,False,116,0,0.0,1,87,0,0.0,1,108,0,0.0,1,78,4,0.05128205128205128,1
BAH-P-0755,1,False,97,0,0.0,1,69,0,0.0,1,96,0,0.0,1,67,4,0.05970149253731343,1
BAH-P-0756,1,False,109,0,0.0,1,80,0,0.0,1,103,0,0.0,1,73,4,0.0547945205479452,1
BAH-P-0757,1,True,84,0,0.0,1,56,0,0.0,1,83,0,0.0,1,54,4,0.07407407407407407,1
BAH-P-0758,1,False,117,0,0.0,1,89,0,0.0,1,116,0,0.0,1,87,4,0.04597701149425287,1
BAH-P-0759,1,False,123,0,0.0,1,94,0,0.0,1,111,2,0.018018018018018018,1,81,6,0.07407407407407407,1
BAH-P-0760,1,False,224,0,0.0,2,190,0,0.0,2,216,4,0.018518518518518517,2,181,8,0.04419889502762431,2
BAH-P-0761,1,False,136,0,0.0,2,107,0,0.0,1,124,2,0.016129032258064516,1,94,6,0.06382978723404255,1
BAH-P-0762,1,False,103,0,0.0,1,75,0,0.0,1,99,0,0.0,1,70,4,0.05714285714285714,1
BAH-P-0763,1,False,124,0,0.0,1,95,0,0.0,1,123,0,0.0,1,93,4,0.043010752688172046,1
BAH-P-0764,1,False,114,0,0.0,1,90,0,0.0,1,105,0,0.0,1,81,3,0.037037037037037035,1
BAH-P-0765,1,True,106,0,0.0,1,77,0,0.0,1,102,0,0.0,1,72,4,0.05555555555555555,1
BAH-P-0766,1,False,93,0,0.0,1,63,0,0.0,1,92,0,0.0,1,61,4,0.06557377049180328,1
BAH-P-0767,1,False,207,0,0.0,2,177,0,0.0,2,194,0,0.0,2,163,4,0.024539877300613498,2
BAH-P-0768,1,False,111,0,0.0,1,77,0,0.0,1,109,0,0.0,1,74,4,0.05405405405405406,1
BAH-P-0769,1,False,203,0,0.0,2,172,0,0.0,2,195,6,0.03076923076923077,2,163,10,0.06134969325153374,2
BAH-P-0770,1,False,126,0,0.0,1,96,0,0.0,1,121,2,0.01652892561983471,1,90,6,0.06666666666666667,1
BAH-P-0771,1,False,124,0,0.0,1,98,0,0.0,1,116,0,0.0,1,88,4,0.045454545454545456,1
BAH-P-0772,1,False,140,0,0.0,2,112,0,0.0,1,125,4,0.032,1,96,8,0.08333333333333333,1
BAH-P-0773,1,False,114,0,0.0,1,84,0,0.0,1,108,2,0.018518518518518517,1,77,6,0.07792207792207792,1
BAH-P-0774,1,False,130,0,0.0,2,96,0,0.0,1,125,0,0.0,1,90,4,0.044444444444444446,1
BAH-P-0775,1,False,115,0,0.0,1,86,0,0.0,1,108,0,0.0,1,78,4,0.05128205128205128,1
BAH-P-0776,1,False,104,0,0.0,1,76,0,0.0,1,99,0,0.0,1,70,4,0.05714285714285714,1
BAH-P-0777,1,False,135,0,0.0,2,101,0,0.0,1,132,0,0.0,2,97,4,0.041237113402061855,1
BAH-P-0778,1,False,117,0,0.0,1,89,0,0.0,1,113,0,0.0,1,84,4,0.047619047619047616,1
BAH-P-0779,1,False,111,0,0.0,1,83,0,0.0,1,103,0,0.0,1,74,4,0.05405405405405406,1
BAH-P-0780,1,False,127,0,0.0,1,99,0,0.0,1,122,5,0.040983606557377046,1,93,9,0.0967741935483871,1
BAH-P-0781,1,False,111,0,0.0,1,90,0,0.0,1,103,0,0.0,1,81,2,0.024691358024691357,1
BAH-P-0782,1,False,110,0,0.0,1,84,0,0.0,1,105,0,0.0,1,77,4,0.05194805194805195,1
BAH-P-0783,1,True,107,0,0.0,1,79,0,0.0,1,98,0,0.0,1,69,4,0.057971014492753624,1
BAH-P-0784,1,True,99,0,0.0,1,71,0,0.0,1,92,0,0.0,1,63,4,0.06349206349206349,1
BAH-P-0785,1,False,120,0,0.0,1,92,0,0.0,1,115,2,0.017391304347826087,1,86,6,0.06976744186046512,1
BAH-P-0786,1,False,169,0,0.0,2,141,0,0.0,2,158,8,0.05063291139240506,2,129,12,0.09302325581395349,2
BAH-P-0787,1,False,106,0,0.0,1,78,0,0.0,1,101,0,0.0,1,72,4,0.05555555555555555,1
BAH-P-0788,1,False,104,0,0.0,1,76,0,0.0,1,100,0,0.0,1,71,4,0.056338028169014086,1
BAH-P-0789,1,False,92,0,0.0,1,64,0,0.0,1,91,0,0.0,1,62,4,0.06451612903225806,1
BAH-P-0790,1,False,113,0,0.0,1,85,0,0.0,1,108,0,0.0,1,79,4,0.05063291139240506,1
BAH-P-0791,1,False,133,0,0.0,2,105,0,0.0,1,120,0,0.0,1,91,4,0.04395604395604396,1
BAH-P-0792,1,False,121,0,0.0,1,93,0,0.0,1,114,2,0.017543859649122806,1,85,6,0.07058823529411765,1
BAH-P-0793,1,False,109,0,0.0,1,81,0,0.0,1,105,2,0.01904761904761905,1,76,6,0.07894736842105263,1
BAH-P-0794,1,False,110,0,0.0,1,82,0,0.0,1,107,0,0.0,1,78,4,0.05128205128205128,1
BAH-P-0795,1,False,114,0,0.0,1,86,0,0.0,1,107,0,0.0,1,78,4,0.05128205128205128,1
BAH-P-0796,1,False,127,0,0.0,1,99,0,0.0,1,120,0,0.0,1,91,4,0.04395604395604396,1
BAH-P-0797,1,False,118,0,0.0,1,84,0,0.0,1,116,0,0.0,1,81,4,0.04938271604938271,1
BAH-P-0798,1,False,190,0,0.0,2,159,0,0.0,2,184,8,0.043478260869565216,2,152,12,0.07894736842105263,2
BAH-P-0799,1,False,126,0,0.0,1,97,0,0.0,1,119,4,0.03361344537815126,1,89,8,0.0898876404494382,1
BAH-P-0800,1,False,139,0,0.0,2,111,0,0.0,1,132,3,0.022727272727272728,2,103,7,0.06796116504854369,1
BAH-P-0801,1,False,118,0,0.0,1,89,0,0.0,1,113,2,0.017699115044247787,1,83,6,0.07228915662650602,1
BAH-P-0802,1,False,111,0,0.0,1,83,0,0.0,1,108,2,0.018518518518518517,1,79,6,0.0759493670886076,1
BAH-P-0803,1,False,108,0,0.0,1,80,0,0.0,1,103,0,0.0,1,74,4,0.05405405405405406,1
BAH-P-0804,1,False,118,0,0.0,1,90,0,0.0,1,113,1,0.008849557522123894,1,84,5,0.05952380952380952,1
BAH-P-0805,1,False,130,0,0.0,2,102,0,0.0,1,112,2,0.017857142857142856,1,83,6,0.07228915662650602,1
BAH-P-0806,1,False,107,0,0.0,1,79,0,0.0,1,102,0,0.0,1,73,4,0.0547945205479452,1
BAH-P-0807,1,False,111,0,0.0,1,83,0,0.0,1,108,0,0.0,1,79,4,0.05063291139240506,1
BAH-P-0808,1,False,105,0,0.0,1,77,0,0.0,1,102,0,0.0,1,73,4,0.0547945205479452,1
BAH-P-0809,1,False,141,0,0.0,2,113,0,0.0,1,128,2,0.015625,1,99,6,0.06060606060606061,1
BAH-P-0810,1,False,96,0,0.0,1,72,0,0.0,1,96,0,0.0,1,72,3,0.041666666666666664,1
BAH-P-0811,1,False,120,0,0.0,1,92,0,0.0,1,117,0,0.0,1,88,4,0.045454545454545456,1
BAH-P-0812,1,False,175,0,0.0,2,147,0,0.0,2,170,2,0.011764705882352941,2,141,6,0.0425531914893617,2
BAH-P-0813,1,False,117,0,0.0,1,89,0,0.0,1,113,2,0.017699115044247787,1,84,6,0.07142857142857142,1
BAH-P-0814,1,False,110,0,0.0,1,80,0,0.0,1,107,0,0.0,1,76,4,0.05263157894736842,1
BAH-P-0815,1,False,131,0,0.0,2,103,0,0.0,1,126,0,0.0,1,97,4,0.041237113402061855,1
BAH-P-0816,1,False,187,0,0.0,2,150,0,0.0,2,185,2,0.010810810810810811,2,147,6,0.04081632653061224,2
BAH-P-0817,1,False,105,0,0.0,1,77,0,0.0,1,99,0,0.0,1,70,4,0.05714285714285714,1
BAH-P-0818,1,False,111,0,0.0,1,83,0,0.0,1,106,0,0.0,1,77,4,0.05194805194805195,1
BAH-P-0819,1,False,104,0,0.0,1,78,0,0.0,1,97,0,0.0,1,69,4,0.057971014492753624,1
BAH-P-0820,1,False,104,0,0.0,1,76,0,0.0,1,99,0,0.0,1,70,4,0.05714285714285714,1
BAH-P-0821,1,False,91,0,0.0,1,63,0,0.0,1,92,0,0.0,1,63,4,0.06349206349206349,1
BAH-P-0822,1,False,144,0,0.0,2,116,0,0.0,1,136,4,0.029411764705882353,2,107,8,0.07476635514018691,1
BAH-P-0823,1,False,116,0,0.0,1,88,0,0.0,1,105,0,0.0,1,76,4,0.05263157894736842,1
BAH-P-0824,1,True,101,0,0.0,1,73,0,0.0,1,96,0,0.0,1,67,4,0.05970149253731343,1
BAH-P-0825,1,False,101,0,0.0,1,73,0,0.0,1,98,0,0.0,1,69,4,0.057971014492753624,1
BAH-P-0826,1,False,97,0,0.0,1,69,0,0.0,1,95,0,0.0,1,66,4,0.06060606060606061,1
BAH-P-0827,1,False,99,0,0.0,1,73,0,0.0,1,95,0,0.0,1,67,4,0.05970149253731343,1
BAH-P-0828,1,False,99,0,0.0,1,71,0,0.0,1,95,2,0.021052631578947368,1,66,6,0.09090909090909091,1
BAH-P-0829,1,False,96,0,0.0,1,68,0,0.0,1,89,0,0.0,1,60,4,0.06666666666666667,1
BAH-P-0830,1,False,101,0,0.0,1,73,0,0.0,1,98,2,0.02040816326530612,1,69,6,0.08695652173913043,1
BAH-P-0831,1,False,105,0,0.0,1,79,0,0.0,1,103,0,0.0,1,75,4,0.05333333333333334,1
BAH-P-0832,1,False,120,0,0.0,1,94,0,0.0,1,111,0,0.0,1,83,4,0.04819277108433735,1
BAH-P-0833,1,False,109,0,0.0,1,83,0,0.0,1,104,0,0.0,1,76,4,0.05263157894736842,1
BAH-P-0834,1,False,116,0,0.0,1,90,0,0.0,1,112,0,0.0,1,84,4,0.047619047619047616,1
BAH-P-0835,1,False,107,0,0.0,1,77,0,0.0,1,104,0,0.0,1,73,4,0.0547945205479452,1
BAH-P-0836,1,False,117,0,0.0,1,88,0,0.0,1,112,0,0.0,1,82,4,0.04878048780487805,1
BAH-P-0837,1,False,128,0,0.0,1,94,0,0.0,1,119,0,0.0,1,84,4,0.047619047619047616,1
BAH-P-0838,1,False,114,0,0.0,1,86,0,0.0,1,104,0,0.0,1,75,4,0.05333333333333334,1
BAH-P-0839,1,False,135,0,0.0,2,106,0,0.0,1,126,0,0.0,1,96,4,0.041666666666666664,1
BAH-P-0840,1,False,132,0,0.0,2,104,0,0.0,1,128,0,0.0,1,99,4,0.04040404040404041,1
BAH-P-0841,1,False,93,0,0.0,1,68,0,0.0,1,86,0,0.0,1,59,3,0.05084745762711865,1
BAH-P-0842,1,False,113,0,0.0,1,87,0,0.0,1,109,0,0.0,1,81,4,0.04938271604938271,1
BAH-P-0843,1,False,135,0,0.0,2,107,0,0.0,1,122,0,0.0,1,93,4,0.043010752688172046,1
BAH-P-0844,1,False,113,0,0.0,1,85,0,0.0,1,110,0,0.0,1,81,4,0.04938271604938271,1
BAH-P-0845,1,False,91,0,0.0,1,63,0,0.0,1,89,0,0.0,1,60,4,0.06666666666666667,1
BAH-P-0846,1,False,111,0,0.0,1,83,0,0.0,1,105,0,0.0,1,76,4,0.05263157894736842,1
BAH-P-0847,1,False,164,0,0.0,2,136,0,0.0,2,151,0,0.0,2,122,4,0.03278688524590164,1
BAH-P-0848,1,False,115,0,0.0,1,87,0,0.0,1,99,2,0.020202020202020204,1,70,6,0.08571428571428572,1
BAH-P-0849,1,False,108,0,0.0,1,80,0,0.0,1,105,0,0.0,1,76,4,0.05263157894736842,1
BAH-P-0850,1,False,115,0,0.0,1,87,0,0.0,1,110,0,0.0,1,81,4,0.04938271604938271,1
BAH-P-0851,1,False,113,0,0.0,1,87,0,0.0,1,108,2,0.018518518518518517,1,80,6,0.075,1
BAH-P-0852,1,False,132,0,0.0,2,106,0,0.0,1,127,3,0.023622047244094488,1,99,7,0.0707070707070707,1
BAH-P-0853,1,False,169,0,0.0,2,141,0,0.0,2,153,2,0.013071895424836602,2,124,6,0.04838709677419355,1
BAH-P-0854,1,False,105,0,0.0,1,75,0,0.0,1,102,2,0.0196078431372549,1,71,6,0.08450704225352113,1
BAH-P-0855,1,False,148,0,0.0,2,120,0,0.0,1,135,4,0.02962962962962963,2,106,8,0.07547169811320754,1
BAH-P-0856,1,False,133,0,0.0,2,105,0,0.0,1,124,2,0.016129032258064516,1,95,6,0.06315789473684211,1
BAH-P-0857,1,False,108,0,0.0,1,80,0,0.0,1,103,0,0.0,1,74,4,0.05405405405405406,1
BAH-P-0858,1,False,142,0,0.0,2,114,0,0.0,1,137,4,0.029197080291970802,2,108,8,0.07407407407407407,1
BAH-P-0859,1,False,113,0,0.0,1,87,0,0.0,1,108,2,0.018518518518518517,1,80,6,0.075,1
BAH-P-0860,1,True,98,0,0.0,1,70,0,0.0,1,96,0,0.0,1,67,4,0.05970149253731343,1
BAH-P-0861,1,False,111,0,0.0,1,83,0,0.0,1,107,1,0.009345794392523364,1,78,5,0.0641025641025641,1
BAH-P-0862,1,False,134,0,0.0,2,100,0,0.0,1,135,2,0.014814814814814815,2,100,5,0.05,1
BAH-P-0863,1,False,99,0,0.0,1,69,0,0.0,1,97,0,0.0,1,66,4,0.06060606060606061,1
BAH-P-0864,1,False,185,0,0.0,2,157,0,0.0,2,172,0,0.0,2,143,4,0.027972027972027972,2
BAH-P-0865,1,False,96,0,0.0,1,68,0,0.0,1,91,0,0.0,1,62,4,0.06451612903225806,1
BAH-P-0866,1,False,88,0,0.0,1,60,0,0.0,1,87,0,0.0,1,58,4,0.06896551724137931,1
BAH-P-0867,1,False,121,0,0.0,1,93,0,0.0,1,116,0,0.0,1,87,4,0.04597701149425287,1
BAH-P-0868,1,False,95,0,0.0,1,67,0,0.0,1,91,0,0.0,1,62,4,0.06451612903225806,1
BAH-P-0869,1,False,120,0,0.0,1,91,0,0.0,1,115,2,0.017391304347826087,1,85,6,0.07058823529411765,1
BAH-P-0870,1,False,114,0,0.0,1,86,0,0.0,1,109,0,0.0,1,80,4,0.05,1
BAH-P-0871,1,True,101,0,0.0,1,73,0,0.0,1,96,0,0.0,1,67,4,0.05970149253731343,1
BAH-P-0872,1,False,112,0,0.0,1,84,0,0.0,1,106,0,0.0,1,77,4,0.05194805194805195,1
BAH-P-0873,1,True,97,0,0.0,1,69,0,0.0,1,94,0,0.0,1,65,4,0.06153846153846154,1
BAH-P-0874,1,False,109,0,0.0,1,81,0,0.0,1,105,0,0.0,1,76,4,0.05263157894736842,1
BAH-P-0875,1,False,114,0,0.0,1,86,0,0.0,1,112,0,0.0,1,83,4,0.04819277108433735,1
BAH-P-0876,1,False,108,0,0.0,1,80,0,0.0,1,104,2,0.019230769230769232,1,75,6,0.08,1
BAH-P-0877,1,False,135,0,0.0,2,107,0,0.0,1,122,2,0.01639344262295082,1,93,6,0.06451612903225806,1
BAH-P-0878,1,True,101,0,0.0,1,73,0,0.0,1,96,0,0.0,1,67,4,0.05970149253731343,1
BAH-P-0879,1,False,105,0,0.0,1,77,0,0.0,1,100,0,0.0,1,71,4,0.056338028169014086,1
BAH-P-0880,1,False,118,0,0.0,1,90,0,0.0,1,112,0,0.0,1,83,4,0.04819277108433735,1
BAH-P-0881,1,False,100,0,0.0,1,72,0,0.0,1,99,0,0.0,1,70,4,0.05714285714285714,1
BAH-P-0882,1,False,122,0,0.0,1,94,0,0.0,1,113,2,0.017699115044247787,1,84,6,0.07142857142857142,1
BAH-P-0883,1,False,188,0,0.0,2,161,0,0.0,2,185,2,0.010810810810810811,2,158,5,0.03164556962025317,2
BAH-P-0884,1,False,224,0,0.0,2,196,0,0.0,2,215,0,0.0,2,186,4,0.021505376344086023,2
BAH-P-0885,1,False,121,0,0.0,1,93,0,0.0,1,115,0,0.0,1,86,4,0.046511627906976744,1
BAH-P-0886,1,False,127,0,0.0,1,99,0,0.0,1,117,2,0.017094017094017096,1,88,6,0.06818181818181818,1
BAH-P-0887,1,False,146,0,0.0,2,118,0,0.0,1,142,2,0.014084507042253521,2,113,6,0.05309734513274336,1
BAH-P-0888,1,False,80,0,0.0,1,52,0,0.0,1,80,0,0.0,1,51,4,0.0784313725490196,1
BAH-P-0889,1,False,106,0,0.0,1,77,0,0.0,1,105,0,0.0,1,75,4,0.05333333333333334,1
BAH-P-0890,1,True,90,0,0.0,1,62,0,0.0,1,87,0,0.0,1,58,4,0.06896551724137931,1
BAH-P-0891,1,False,124,0,0.0,1,96,0,0.0,1,118,2,0.01694915254237288,1,89,6,0.06741573033707865,1
BAH-P-0892,1,False,158,0,0.0,2,127,0,0.0,1,149,0,0.0,2,117,4,0.03418803418803419,1
BAH-P-0893,1,False,124,0,0.0,1,94,0,0.0,1,104,6,0.057692307692307696,1,73,10,0.136986301369863,1
BAH-P-0894,1,True,105,0,0.0,1,77,0,0.0,1,101,0,0.0,1,72,4,0.05555555555555555,1
BAH-P-0895,1,False,113,0,0.0,1,85,0,0.0,1,110,2,0.01818181818181818,1,81,6,0.07407407407407407,1
BAH-P-0896,1,False,189,0,0.0,2,158,0,0.0,2,185,0,0.0,2,153,4,0.026143790849673203,2
BAH-P-0897,1,False,103,0,0.0,1,74,0,0.0,1,100,0,0.0,1,70,4,0.05714285714285714,1
BAH-P-0898,1,False,114,0,0.0,1,86,0,0.0,1,111,0,0.0,1,82,4,0.04878048780487805,1
BAH-P-0899,1,False,112,0,0.0,1,84,0,0.0,1,108,0,0.0,1,79,4,0.05063291139240506,1
BAH-P-0900,1,False,109,0,0.0,1,81,0,0.0,1,98,0,0.0,1,69,4,0.057971014492753624,1
BAH-P-0901,1,False,127,0,0.0,1,99,0,0.0,1,122,2,0.01639344262295082,1,93,6,0.06451612903225806,1
BAH-P-0902,1,False,146,0,0.0,2,110,0,0.0,1,143,0,0.0,2,106,4,0.03773584905660377,1
BAH-P-0903,1,False,116,0,0.0,1,88,0,0.0,1,108,2,0.018518518518518517,1,79,6,0.0759493670886076,1
BAH-P-0904,1,False,125,0,0.0,1,97,0,0.0,1,122,2,0.01639344262295082,1,93,6,0.06451612903225806,1
BAH-P-0905,1,False,149,0,0.0,2,123,0,0.0,1,139,2,0.014388489208633094,2,111,6,0.05405405405405406,1
BAH-P-0906,1,False,94,0,0.0,1,66,0,0.0,1,89,0,0.0,1,60,4,0.06666666666666667,1
BAH-P-0907,1,False,153,0,0.0,2,125,0,0.0,1,141,4,0.028368794326241134,2,112,8,0.07142857142857142,1
BAH-P-0908,1,False,140,0,0.0,2,112,0,0.0,1,126,4,0.031746031746031744,1,97,8,0.08247422680412371,1
BAH-P-0909,1,False,115,0,0.0,1,87,0,0.0,1,115,2,0.017391304347826087,1,86,6,0.06976744186046512,1
BAH-P-0910,1,False,99,0,0.0,1,71,0,0.0,1,94,0,0.0,1,65,4,0.06153846153846154,1
BAH-P-0911,1,False,139,0,0.0,2,110,0,0.0,1,130,2,0.015384615384615385,2,100,6,0.06,1
BAH-P-0912,1,False,102,0,0.0,1,74,0,0.0,1,99,0,0.0,1,70,4,0.05714285714285714,1
BAH-P-0913,1,False,112,0,0.0,1,84,0,0.0,1,107,0,0.0,1,78,4,0.05128205128205128,1
BAH-P-0914,1,False,113,0,0.0,1,85,0,0.0,1,112,0,0.0,1,83,4,0.04819277108433735,1
BAH-P-0915,1,False,198,0,0.0,2,175,0,0.0,2,194,2,0.010309278350515464,2,170,5,0.029411764705882353,2
BAH-P-0916,1,False,83,0,0.0,1,62,0,0.0,1,82,0,0.0,1,60,2,0.03333333333333333,1
BAH-P-0917,1,False,130,0,0.0,2,96,0,0.0,1,125,2,0.016,1,90,6,0.06666666666666667,1
BAH-P-0918,1,False,111,0,0.0,1,81,0,0.0,1,104,0,0.0,1,73,4,0.0547945205479452,1
BAH-P-0919,1,False,108,0,0.0,1,80,0,0.0,1,102,0,0.0,1,73,4,0.0547945205479452,1
BAH-P-0920,1,False,140,0,0.0,2,112,0,0.0,1,136,0,0.0,2,107,4,0.037383177570093455,1
BAH-P-0921,1,False,148,0,0.0,2,120,0,0.0,1,138,2,0.014492753623188406,2,109,6,0.05504587155963303,1
BAH-P-0922,1,False,105,0,0.0,1,77,0,0.0,1,103,0,0.0,1,74,4,0.05405405405405406,1
BAH-P-0923,1,False,116,0,0.0,1,87,0,0.0,1,114,2,0.017543859649122806,1,84,6,0.07142857142857142,1
BAH-P-0924,1,False,140,0,0.0,2,112,0,0.0,1,130,4,0.03076923076923077,2,101,8,0.07920792079207921,1
BAH-P-0925,1,False,111,0,0.0,1,83,0,0.0,1,107,2,0.018691588785046728,1,78,6,0.07692307692307693,1
BAH-P-0926,1,False,103,0,0.0,1,75,0,0.0,1,100,2,0.02,1,71,6,0.08450704225352113,1
BAH-P-0927,1,False,101,0,0.0,1,73,0,0.0,1,97,0,0.0,1,68,4,0.058823529411764705,1
BAH-P-0928,1,False,110,0,0.0,1,82,0,0.0,1,105,2,0.01904761904761905,1,76,6,0.07894736842105263,1
BAH-P-0929,1,False,129,0,0.0,2,101,0,0.0,1,123,2,0.016260162601626018,1,94,6,0.06382978723404255,1
BAH-P-0930,1,False,189,0,0.0,2,160,0,0.0,2,181,8,0.04419889502762431,2,151,12,0.07947019867549669,2
BAH-P-0931,1,False,124,0,0.0,1,96,0,0.0,1,115,0,0.0,1,86,4,0.046511627906976744,1
BAH-P-0932,1,False,127,0,0.0,1,99,0,0.0,1,124,2,0.016129032258064516,1,95,6,0.06315789473684211,1
BAH-P-0933,1,False,104,0,0.0,1,76,0,0.0,1,102,0,0.0,1,73,4,0.0547945205479452,1
BAH-P-0934,1,False,108,0,0.0,1,79,0,0.0,1,105,0,0.0,1,75,4,0.05333333333333334,1
BAH-P-0935,1,False,114,0,0.0,1,85,0,0.0,1,107,2,0.018691588785046728,1,77,6,0.07792207792207792,1
BAH-P-0936,1,False,152,0,0.0,2,122,0,0.0,1,141,4,0.028368794326241134,2,110,8,0.07272727272727272,1
BAH-P-0937,1,False,129,0,0.0,2,101,0,0.0,1,124,2,0.016129032258064516,1,95,6,0.06315789473684211,1
BAH-P-0938,1,False,113,0,0.0,1,83,0,0.0,1,111,2,0.018018018018018018,1,80,6,0.075,1
BAH-P-0939,1,False,131,0,0.0,2,102,0,0.0,1,125,4,0.032,1,95,8,0.08421052631578947,1
BAH-P-0940,1,False,121,0,0.0,1,87,0,0.0,1,121,0,0.0,1,86,4,0.046511627906976744,1
BAH-P-0941,1,False,131,0,0.0,2,102,0,0.0,1,127,2,0.015748031496062992,1,97,6,0.061855670103092786,1
BAH-P-0942,1,False,106,0,0.0,1,72,0,0.0,1,103,0,0.0,1,68,4,0.058823529411764705,1
BAH-P-0943,1,False,237,0,0.0,2,206,0,0.0,2,225,8,0.035555555555555556,2,193,12,0.06217616580310881,2
BAH-P-0944,1,False,119,0,0.0,1,90,0,0.0,1,114,0,0.0,1,84,4,0.047619047619047616,1
BAH-P-0945,1,False,112,0,0.0,1,83,0,0.0,1,110,0,0.0,1,80,4,0.05,1
BAH-P-0946,1,False,115,0,0.0,1,86,0,0.0,1,113,2,0.017699115044247787,1,83,6,0.07228915662650602,1
BAH-P-0947,1,False,120,0,0.0,1,91,0,0.0,1,118,2,0.01694915254237288,1,88,6,0.06818181818181818,1
BAH-P-0948,1,False,112,0,0.0,1,83,0,0.0,1,113,2,0.017699115044247787,1,83,6,0.07228915662650602,1
BAH-P-0949,1,False,216,0,0.0,2,188,0,0.0,2,204,4,0.0196078431372549,2,175,8,0.045714285714285714,2
BAH-P-0950,1,False,126,0,0.0,1,97,0,0.0,1,121,2,0.01652892561983471,1,91,6,0.06593406593406594,1
BAH-P-0951,1,False,142,0,0.0,2,113,0,0.0,1,130,4,0.03076923076923077,2,100,8,0.08,1
BAH-P-0952,1,False,119,0,0.0,1,90,0,0.0,1,117,2,0.017094017094017096,1,87,6,0.06896551724137931,1
BAH-P-0953,1,False,128,0,0.0,1,100,0,0.0,1,123,2,0.016260162601626018,1,94,6,0.06382978723404255,1
BAH-P-0954,1,False,103,0,0.0,1,73,0,0.0,1,100,2,0.02,1,69,6,0.08695652173913043,1
BAH-P-0955,1,False,118,0,0.0,1,90,0,0.0,1,113,2,0.017699115044247787,1,84,6,0.07142857142857142,1
BAH-P-0956,1,False,102,0,0.0,1,73,0,0.0,1,97,0,0.0,1,67,4,0.05970149253731343,1
BAH-P-0957,1,False,108,0,0.0,1,80,0,0.0,1,105,0,0.0,1,76,4,0.05263157894736842,1
BAH-P-0958,1,False,223,0,0.0,2,192,0,0.0,2,209,2,0.009569377990430622,2,177,6,0.03389830508474576,2
BAH-P-0959,1,False,103,0,0.0,1,73,0,0.0,1,98,0,0.0,1,67,4,0.05970149253731343,1
BAH-P-0960,1,False,130,0,0.0,2,102,0,0.0,1,115,2,0.017391304347826087,1,86,6,0.06976744186046512,1
BAH-P-0961,1,False,129,0,0.0,2,102,0,0.0,1,121,0,0.0,1,93,3,0.03225806451612903,1
BAH-P-0962,1,False,110,0,0.0,1,86,0,0.0,1,110,0,0.0,1,86,3,0.03488372093023256,1
BAH-P-0963,1,False,113,0,0.0,1,83,0,0.0,1,109,2,0.01834862385321101,1,78,6,0.07692307692307693,1
BAH-P-0964,1,False,131,0,0.0,2,104,0,0.0,1,123,2,0.016260162601626018,1,94,6,0.06382978723404255,1
BAH-P-0965,1,False,130,0,0.0,2,102,0,0.0,1,118,0,0.0,1,89,4,0.0449438202247191,1
BAH-P-0966,1,False,111,0,0.0,1,83,0,0.0,1,108,1,0.009259259259259259,1,79,5,0.06329113924050633,1
BAH-P-0967,1,False,105,0,0.0,1,77,0,0.0,1,103,0,0.0,1,74,4,0.05405405405405406,1
BAH-P-0968,1,False,120,0,0.0,1,92,0,0.0,1,115,2,0.017391304347826087,1,86,6,0.06976744186046512,1
BAH-P-0969,1,False,127,0,0.0,1,99,0,0.0,1,120,2,0.016666666666666666,1,91,6,0.06593406593406594,1
BAH-P-0970,1,False,119,0,0.0,1,90,0,0.0,1,114,2,0.017543859649122806,1,84,6,0.07142857142857142,1
BAH-P-0971,1,False,104,0,0.0,1,76,0,0.0,1,100,0,0.0,1,71,4,0.056338028169014086,1
BAH-P-0972,1,False,187,0,0.0,2,139,0,0.0,2,183,0,0.0,2,134,4,0.029850746268656716,2
BAH-P-0973,1,False,161,0,0.0,2,133,0,0.0,2,158,0,0.0,2,129,4,0.031007751937984496,2
BAH-P-0974,1,False,134,0,0.0,2,104,0,0.0,1,129,0,0.0,2,98,4,0.04081632653061224,1
BAH-P-0975,1,False,188,0,0.0,2,156,0,0.0,2,176,2,0.011363636363636364,2,143,6,0.04195804195804196,2
BAH-P-0976,1,False,105,0,0.0,1,77,0,0.0,1,100,0,0.0,1,71,4,0.056338028169014086,1
BAH-P-0977,1,False,218,0,0.0,2,190,0,0.0,2,198,4,0.020202020202020204,2,169,8,0.047337278106508875,2
BAH-P-0978,1,False,97,0,0.0,1,73,0,0.0,1,92,0,0.0,1,68,3,0.04411764705882353,1
BAH-P-0979,1,False,105,0,0.0,1,77,0,0.0,1,99,0,0.0,1,70,4,0.05714285714285714,1
BAH-P-0980,1,False,91,0,0.0,1,63,0,0.0,1,90,0,0.0,1,61,4,0.06557377049180328,1
BAH-P-0981,1,False,252,0,0.0,2,224,0,0.0,2,234,4,0.017094017094017096,2,205,8,0.03902439024390244,2
BAH-P-0982,1,False,254,0,0.0,2,223,0,0.0,2,247,4,0.016194331983805668,2,215,8,0.037209302325581395,2
BAH-P-0983,1,False,145,0,0.0,2,117,0,0.0,1,133,4,0.03007518796992481,2,104,8,0.07692307692307693,1
BAH-P-0984,1,False,126,0,0.0,1,97,0,0.0,1,120,2,0.016666666666666666,1,90,6,0.06666666666666667,1
BAH-P-0985,1,True,101,0,0.0,1,73,0,0.0,1,96,0,0.0,1,67,4,0.05970149253731343,1
BAH-P-0986,1,False,121,0,0.0,1,91,0,0.0,1,105,0,0.0,1,74,4,0.05405405405405406,1
BAH-P-0987,1,False,126,0,0.0,1,98,0,0.0,1,122,2,0.01639344262295082,1,93,6,0.06451612903225806,1
BAH-P-0988,1,True,110,0,0.0,1,82,0,0.0,1,102,0,0.0,1,73,4,0.0547945205479452,1
BAH-P-0989,1,False,109,0,0.0,1,81,0,0.0,1,103,2,0.019417475728155338,1,74,6,0.08108108108108109,1
BAH-P-0990,1,False,122,0,0.0,1,94,0,0.0,1,107,2,0.018691588785046728,1,78,6,0.07692307692307693,1
BAH-P-0991,1,False,127,0,0.0,1,99,0,0.0,1,121,4,0.03305785123966942,1,92,8,0.08695652173913043,1
BAH-P-0992,1,False,104,0,0.0,1,76,0,0.0,1,101,0,0.0,1,72,4,0.05555555555555555,1
BAH-P-0993,1,False,104,0,0.0,1,76,0,0.0,1,99,0,0.0,1,70,4,0.05714285714285714,1
BAH-P-0994,1,False,138,0,0.0,2,109,0,0.0,1,139,3,0.02158273381294964,2,109,7,0.06422018348623854,1
BAH-P-0995,1,True,106,0,0.0,1,77,0,0.0,1,102,0,0.0,1,72,4,0.05555555555555555,1
BAH-P-0996,1,False,135,0,0.0,2,106,0,0.0,1,128,2,0.015625,1,98,6,0.061224489795918366,1
BAH-P-0997,1,False,121,0,0.0,1,92,0,0.0,1,113,0,0.0,1,83,4,0.04819277108433735,1
BAH-P-0998,1,False,106,0,0.0,1,77,0,0.0,1,103,0,0.0,1,73,4,0.0547945205479452,1
BAH-P-0999,1,False,121,0,0.0,1,92,0,0.0,1,116,0,0.0,1,86,4,0.046511627906976744,1
BAH-P-1000,1,False,113,0,0.0,1,84,0,0.0,1,109,2,0.01834862385321101,1,79,6,0.0759493670886076,1
BAH-P-1001,1,False,115,0,0.0,1,86,0,0.0,1,107,2,0.018691588785046728,1,77,6,0.07792207792207792,1
BAH-P-1002,1,False,192,0,0.0,2,153,0,0.0,2,188,0,0.0,2,148,4,0.02702702702702703,2
BAH-P-1003,1,False,109,0,0.0,1,79,0,0.0,1,104,0,0.0,1,73,4,0.0547945205479452,1
BAH-P-1004,1,False,118,0,0.0,1,88,0,0.0,1,106,0,0.0,1,75,4,0.05333333333333334,1
BAH-P-1005,1,False,139,0,0.0,2,111,0,0.0,1,126,0,0.0,1,97,4,0.041237113402061855,1
BAH-P-1006,1,False,123,0,0.0,1,89,0,0.0,1,118,2,0.01694915254237288,1,83,6,0.07228915662650602,1
BAH-P-1007,1,False,112,0,0.0,1,84,0,0.0,1,109,0,0.0,1,80,4,0.05,1
BAH-P-1008,1,False,151,0,0.0,2,117,0,0.0,1,149,0,0.0,2,114,4,0.03508771929824561,1
BAH-P-1009,1,False,116,0,0.0,1,89,0,0.0,1,116,2,0.017241379310344827,1,87,6,0.06896551724137931,1
BAH-P-1010,1,False,107,0,0.0,1,77,0,0.0,1,105,2,0.01904761904761905,1,74,6,0.08108108108108109,1
BAH-P-1011,1,False,129,0,0.0,2,97,0,0.0,1,124,0,0.0,1,90,4,0.044444444444444446,1
BAH-P-1012,1,True,104,0,0.0,1,74,0,0.0,1,100,0,0.0,1,69,4,0.057971014492753624,1
BAH-P-1013,1,False,207,0,0.0,2,169,0,0.0,2,205,4,0.01951219512195122,2,166,8,0.04819277108433735,2
BAH-P-1014,1,False,167,0,0.0,2,139,0,0.0,2,160,2,0.0125,2,131,6,0.04580152671755725,2
BAH-P-1015,1,False,125,0,0.0,1,95,0,0.0,1,108,0,0.0,1,77,4,0.05194805194805195,1
BAH-P-1016,1,False,111,0,0.0,1,83,0,0.0,1,105,0,0.0,1,76,4,0.05263157894736842,1
BAH-P-1017,1,False,117,0,0.0,1,91,0,0.0,1,117,2,0.017094017094017096,1,89,6,0.06741573033707865,1
BAH-P-1018,1,False,175,0,0.0,2,154,0,0.0,2,166,6,0.03614457831325301,2,143,10,0.06993006993006994,2
BAH-P-1019,1,False,110,0,0.0,1,80,0,0.0,1,109,4,0.03669724770642202,1,78,8,0.10256410256410256,1
BAH-P-1020,1,False,123,0,0.0,1,96,0,0.0,1,116,2,0.017241379310344827,1,87,6,0.06896551724137931,1
BAH-P-1021,1,False,105,0,0.0,1,76,0,0.0,1,105,2,0.01904761904761905,1,75,6,0.08,1
BAH-P-1022,1,False,104,0,0.0,1,78,0,0.0,1,103,4,0.038834951456310676,1,75,8,0.10666666666666667,1
BAH-P-1023,1,False,120,0,0.0,1,93,0,0.0,1,108,4,0.037037037037037035,1,79,8,0.10126582278481013,1
BAH-P-1024,1,False,130,0,0.0,2,100,0,0.0,1,122,2,0.01639344262295082,1,91,6,0.06593406593406594,1
BAH-P-1025,1,False,186,0,0.0,2,158,0,0.0,2,165,14,0.08484848484848485,2,135,18,0.13333333333333333,2
BAH-P-1026,1,False,109,0,0.0,1,79,0,0.0,1,102,0,0.0,1,71,4,0.056338028169014086,1
BAH-P-1027,1,False,93,0,0.0,1,63,0,0.0,1,90,0,0.0,1,59,4,0.06779661016949153,1
BAH-P-1028,1,False,108,0,0.0,1,78,0,0.0,1,103,0,0.0,1,72,4,0.05555555555555555,1
BAH-P-1029,1,False,108,0,0.0,1,80,0,0.0,1,110,0,0.0,1,81,4,0.04938271604938271,1
BAH-P-1030,1,False,114,0,0.0,1,84,0,0.0,1,108,0,0.0,1,77,4,0.05194805194805195,1
BAH-P-1031,1,False,120,0,0.0,1,96,0,0.0,1,115,0,0.0,1,91,3,0.03296703296703297,1
BAH-P-1032,1,False,97,0,0.0,1,67,0,0.0,1,91,0,0.0,1,60,4,0.06666666666666667,1
BAH-P-1033,1,False,124,0,0.0,1,95,0,0.0,1,120,2,0.016666666666666666,1,90,6,0.06666666666666667,1
BAH-P-1034,1,False,105,0,0.0,1,75,0,0.0,1,102,2,0.0196078431372549,1,71,6,0.08450704225352113,1
BAH-P-1035,1,False,136,0,0.0,2,108,0,0.0,1,124,2,0.016129032258064516,1,95,6,0.06315789473684211,1
BAH-P-1036,1,False,160,0,0.0,2,132,0,0.0,2,151,4,0.026490066225165563,2,122,8,0.06557377049180328,1
BAH-P-1037,1,False,114,0,0.0,1,84,0,0.0,1,109,0,0.0,1,78,4,0.05128205128205128,1
BAH-P-1038,1,False,164,0,0.0,2,134,0,0.0,2,160,4,0.025,2,129,8,0.06201550387596899,2
BAH-P-1039,1,False,105,0,0.0,1,75,0,0.0,1,100,0,0.0,1,69,4,0.057971014492753624,1
BAH-P-1040,1,False,120,0,0.0,1,94,0,0.0,1,106,0,0.0,1,80,3,0.0375,1
BAH-P-1041,1,False,169,0,0.0,2,139,0,0.0,2,150,2,0.013333333333333334,2,119,6,0.05042016806722689,1
BAH-P-1042,1,False,103,0,0.0,1,73,0,0.0,1,100,0,0.0,1,69,4,0.057971014492753624,1
BAH-P-1043,1,False,135,0,0.0,2,107,0,0.0,1,128,2,0.015625,1,99,6,0.06060606060606061,1
BAH-P-1044,1,False,98,0,0.0,1,68,0,0.0,1,97,0,0.0,1,66,4,0.06060606060606061,1
BAH-P-1045,1,False,130,0,0.0,2,100,0,0.0,1,131,0,0.0,2,100,4,0.04,1
BAH-P-1046,1,False,111,0,0.0,1,83,0,0.0,1,108,0,0.0,1,79,4,0.05063291139240506,1
BAH-P-1047,1,False,139,0,0.0,2,112,0,0.0,1,134,4,0.029850746268656716,2,105,8,0.0761904761904762,1
BAH-P-1048,1,False,137,0,0.0,2,111,0,0.0,1,135,0,0.0,2,107,4,0.037383177570093455,1
BAH-P-1049,1,False,125,0,0.0,1,97,0,0.0,1,120,4,0.03333333333333333,1,91,8,0.08791208791208792,1
BAH-P-1050,1,False,144,0,0.0,2,110,0,0.0,1,137,0,0.0,2,102,4,0.0392156862745098,1
BAH-P-1051,1,False,190,0,0.0,2,163,0,0.0,2,187,12,0.06417112299465241,2,158,16,0.10126582278481013,2
BAH-P-1052,1,False,128,0,0.0,1,98,0,0.0,1,124,2,0.016129032258064516,1,93,6,0.06451612903225806,1
BAH-P-1053,1,False,98,0,0.0,1,68,0,0.0,1,97,0,0.0,1,66,4,0.06060606060606061,1
BAH-P-1054,1,False,92,0,0.0,1,62,0,0.0,1,89,0,0.0,1,58,4,0.06896551724137931,1
BAH-P-1055,1,False,138,0,0.0,2,109,0,0.0,1,131,2,0.015267175572519083,2,101,6,0.0594059405940594,1
BAH-P-1056,1,False,122,0,0.0,1,92,0,0.0,1,110,2,0.01818181818181818,1,79,6,0.0759493670886076,1
BAH-P-1057,1,False,111,0,0.0,1,84,0,0.0,1,110,0,0.0,1,81,4,0.04938271604938271,1
BAH-P-1058,1,False,105,0,0.0,1,77,0,0.0,1,104,0,0.0,1,75,4,0.05333333333333334,1
BAH-P-1059,1,False,121,0,0.0,1,92,0,0.0,1,115,0,0.0,1,85,4,0.047058823529411764,1
BAH-P-1060,1,False,123,0,0.0,1,94,0,0.0,1,120,0,0.0,1,90,4,0.044444444444444446,1
BAH-P-1061,1,False,192,0,0.0,2,164,0,0.0,2,182,2,0.01098901098901099,2,153,6,0.0392156862745098,2
BAH-P-1062,1,False,119,0,0.0,1,89,0,0.0,1,115,0,0.0,1,84,4,0.047619047619047616,1
BAH-P-1063,1,False,110,0,0.0,1,80,0,0.0,1,105,0,0.0,1,74,4,0.05405405405405406,1
BAH-P-1064,1,False,117,0,0.0,1,89,0,0.0,1,112,2,0.017857142857142856,1,83,6,0.07228915662650602,1
BAH-P-1065,1,False,125,0,0.0,1,97,0,0.0,1,118,2,0.01694915254237288,1,89,6,0.06741573033707865,1
BAH-P-1066,1,False,138,0,0.0,2,104,0,0.0,1,135,2,0.014814814814814815,2,100,6,0.06,1
BAH-P-1067,1,False,123,0,0.0,1,95,0,0.0,1,113,2,0.017699115044247787,1,84,6,0.07142857142857142,1
BAH-P-1068,1,False,210,0,0.0,2,177,0,0.0,2,198,0,0.0,2,164,4,0.024390243902439025,2
BAH-P-1069,1,True,109,0,0.0,1,81,0,0.0,1,107,0,0.0,1,78,4,0.05128205128205128,1
BAH-P-1070,1,False,133,0,0.0,2,106,0,0.0,1,126,0,0.0,1,98,2,0.02040816326530612,1
BAH-P-1071,1,False,131,0,0.0,2,103,0,0.0,1,124,2,0.016129032258064516,1,95,6,0.06315789473684211,1
BAH-P-1072,1,False,132,0,0.0,2,108,0,0.0,1,136,0,0.0,2,112,3,0.026785714285714284,1
BAH-P-1073,1,False,121,0,0.0,1,92,0,0.0,1,119,2,0.01680672268907563,1,89,6,0.06741573033707865,1
BAH-P-1074,1,False,387,0,0.0,4,366,0,0.0,3,371,0,0.0,3,349,2,0.0057306590257879654,3
BAH-P-1075,1,False,149,0,0.0,2,121,0,0.0,1,147,0,0.0,2,118,4,0.03389830508474576,1
BAH-P-1076,1,False,154,0,0.0,2,124,0,0.0,1,155,2,0.012903225806451613,2,124,6,0.04838709677419355,1
BAH-P-1077,1,False,80,0,0.0,1,56,0,0.0,1,75,0,0.0,1,51,3,0.058823529411764705,1
BAH-P-1078,1,False,213,0,0.0,2,181,0,0.0,2,207,4,0.01932367149758454,2,174,8,0.04597701149425287,2
BAH-P-1079,1,False,118,0,0.0,1,90,0,0.0,1,113,2,0.017699115044247787,1,84,6,0.07142857142857142,1
BAH-P-1080,1,False,185,0,0.0,2,152,0,0.0,2,176,4,0.022727272727272728,2,142,8,0.056338028169014086,2
BAH-P-1081,1,False,119,0,0.0,1,87,0,0.0,1,106,2,0.018867924528301886,1,72,6,0.08333333333333333,1
BAH-P-1082,1,False,142,0,0.0,2,114,0,0.0,1,138,2,0.014492753623188406,2,109,6,0.05504587155963303,1
BAH-P-1083,1,False,104,0,0.0,1,74,0,0.0,1,103,0,0.0,1,72,4,0.05555555555555555,1
BAH-P-1084,1,False,107,0,0.0,1,77,0,0.0,1,105,2,0.01904761904761905,1,74,6,0.08108108108108109,1
BAH-P-1085,1,False,111,0,0.0,1,81,0,0.0,1,109,2,0.01834862385321101,1,78,6,0.07692307692307693,1
BAH-P-1086,1,False,119,0,0.0,1,89,0,0.0,1,116,0,0.0,1,85,4,0.047058823529411764,1
BAH-P-1087,1,False,108,0,0.0,1,79,0,0.0,1,99,2,0.020202020202020204,1,69,6,0.08695652173913043,1
BAH-P-1088,1,False,120,0,0.0,1,90,0,0.0,1,118,0,0.0,1,86,4,0.046511627906976744,1
BAH-P-1089,1,False,159,0,0.0,2,131,0,0.0,2,152,2,0.013157894736842105,2,124,5,0.04032258064516129,1
BAH-P-1090,1,False,95,0,0.0,1,69,0,0.0,1,86,0,0.0,1,60,3,0.05,1
BAH-P-1091,1,False,124,0,0.0,1,100,0,0.0,1,114,0,0.0,1,90,3,0.03333333333333333,1
BAH-P-1092,1,False,107,0,0.0,1,77,0,0.0,1,106,2,0.018867924528301886,1,75,6,0.08,1
BAH-P-1093,1,False,135,0,0.0,2,109,0,0.0,1,119,0,0.0,1,93,3,0.03225806451612903,1
BAH-P-1094,1,False,192,0,0.0,2,159,0,0.0,2,181,4,0.022099447513812154,2,147,8,0.05442176870748299,2
BAH-P-1095,1,False,161,0,0.0,2,131,0,0.0,2,154,0,0.0,2,123,4,0.032520325203252036,1
BAH-P-1096,1,False,154,0,0.0,2,126,0,0.0,1,139,2,0.014388489208633094,2,110,6,0.05454545454545454,1
BAH-P-1097,1,False,125,0,0.0,1,95,0,0.0,1,122,2,0.01639344262295082,1,91,6,0.06593406593406594,1
BAH-P-1098,1,False,101,0,0.0,1,71,0,0.0,1,98,0,0.0,1,67,4,0.05970149253731343,1
BAH-P-1099,1,False,136,0,0.0,2,107,0,0.0,1,125,3,0.024,1,95,7,0.07368421052631578,1
BAH-P-1100,1,False,78,0,0.0,1,57,0,0.0,1,74,0,0.0,1,52,2,0.038461538461538464,1
BAH-P-1101,1,False,153,0,0.0,2,125,0,0.0,1,139,4,0.02877697841726619,2,110,8,0.07272727272727272,1
BAH-P-1102,1,False,286,0,0.0,3,253,0,0.0,2,276,12,0.043478260869565216,3,242,16,0.06611570247933884,2
BAH-P-1103,1,False,99,0,0.0,1,69,0,0.0,1,96,0,0.0,1,65,4,0.06153846153846154,1
BAH-P-1104,1,False,129,0,0.0,2,101,0,0.0,1,126,0,0.0,1,97,4,0.041237113402061855,1
BAH-P-1105,1,False,93,0,0.0,1,63,0,0.0,1,92,0,0.0,1,60,4,0.06666666666666667,1
BAH-P-1106,1,False,106,0,0.0,1,76,0,0.0,1,101,0,0.0,1,70,4,0.05714285714285714,1
BAH-P-1107,1,False,139,0,0.0,2,109,0,0.0,1,126,0,0.0,1,95,4,0.042105263157894736,1
BAH-P-1108,1,False,149,0,0.0,2,121,0,0.0,1,134,2,0.014925373134328358,2,105,6,0.05714285714285714,1
BAH-P-1109,1,False,104,0,0.0,1,76,0,0.0,1,99,0,0.0,1,70,4,0.05714285714285714,1
BAH-P-1110,1,False,297,0,0.0,3,249,0,0.0,2,288,20,0.06944444444444445,3,240,20,0.08333333333333333,2
BAH-P-1111,1,False,113,0,0.0,1,85,0,0.0,1,110,2,0.01818181818181818,1,81,6,0.07407407407407407,1
BAH-P-1112,1,False,131,0,0.0,2,103,0,0.0,1,127,4,0.031496062992125984,1,98,8,0.08163265306122448,1
BAH-P-1113,1,False,115,0,0.0,1,86,0,0.0,1,111,0,0.0,1,81,4,0.04938271604938271,1
BAH-P-1114,1,False,115,0,0.0,1,87,0,0.0,1,110,2,0.01818181818181818,1,81,6,0.07407407407407407,1
BAH-P-1115,1,False,126,0,0.0,1,98,0,0.0,1,103,0,0.0,1,74,4,0.05405405405405406,1
BAH-P-1116,1,True,124,0,0.0,1,95,0,0.0,1,115,2,0.017391304347826087,1,85,6,0.07058823529411765,1
BAH-P-1117,1,False,119,0,0.0,1,91,0,0.0,1,113,2,0.017699115044247787,1,84,6,0.07142857142857142,1
BAH-P-1118,1,False,222,0,0.0,2,198,0,0.0,2,207,10,0.04830917874396135,2,183,13,0.07103825136612021,2
BAH-P-1119,1,False,111,0,0.0,1,81,0,0.0,1,109,0,0.0,1,78,4,0.05128205128205128,1
BAH-P-1120,1,False,130,0,0.0,2,104,0,0.0,1,125,0,0.0,1,97,4,0.041237113402061855,1
BAH-P-1121,1,False,194,0,0.0,2,169,0,0.0,2,182,22,0.12087912087912088,2,155,25,0.16129032258064516,2
BAH-P-1122,1,False,120,0,0.0,1,90,0,0.0,1,115,2,0.017391304347826087,1,84,6,0.07142857142857142,1
BAH-P-1123,1,False,109,0,0.0,1,79,0,0.0,1,103,0,0.0,1,72,4,0.05555555555555555,1
BAH-P-1124,1,False,124,0,0.0,1,94,0,0.0,1,119,2,0.01680672268907563,1,88,6,0.06818181818181818,1
BAH-P-1125,1,True,115,0,0.0,1,87,0,0.0,1,110,0,0.0,1,81,4,0.04938271604938271,1
BAH-P-1126,1,True,101,0,0.0,1,73,0,0.0,1,96,0,0.0,1,67,4,0.05970149253731343,1
BAH-P-1127,1,False,114,0,0.0,1,82,0,0.0,1,108,0,0.0,1,75,3,0.04,1
BAH-P-1128,1,False,120,0,0.0,1,92,0,0.0,1,117,0,0.0,1,88,4,0.045454545454545456,1
BAH-P-1129,1,False,108,0,0.0,1,80,0,0.0,1,104,0,0.0,1,75,4,0.05333333333333334,1
BAH-P-1130,1,False,106,0,0.0,1,78,0,0.0,1,103,0,0.0,1,74,4,0.05405405405405406,1
BAH-P-1131,1,False,244,0,0.0,2,214,0,0.0,2,228,16,0.07017543859649122,2,197,20,0.10152284263959391,2
BAH-P-1132,1,False,159,0,0.0,2,129,0,0.0,2,141,4,0.028368794326241134,2,110,8,0.07272727272727272,1
BAH-P-1133,1,False,123,0,0.0,1,93,0,0.0,1,115,2,0.017391304347826087,1,84,6,0.07142857142857142,1
BAH-P-1134,1,True,100,0,0.0,1,70,0,0.0,1,98,0,0.0,1,67,4,0.05970149253731343,1
BAH-P-1135,1,False,137,0,0.0,2,109,0,0.0,1,130,4,0.03076923076923077,2,101,8,0.07920792079207921,1
BAH-P-1136,1,False,112,0,0.0,1,82,0,0.0,1,109,2,0.01834862385321101,1,78,6,0.07692307692307693,1
BAH-P-1137,1,False,147,0,0.0,2,119,0,0.0,1,136,2,0.014705882352941176,2,107,6,0.056074766355140186,1
BAH-P-1138,1,False,150,0,0.0,2,126,0,0.0,1,134,2,0.014925373134328358,2,110,5,0.045454545454545456,1
BAH-P-1139,1,False,120,0,0.0,1,90,0,0.0,1,117,2,0.017094017094017096,1,86,6,0.06976744186046512,1
BAH-P-1140,1,False,192,0,0.0,2,159,0,0.0,2,190,10,0.05263157894736842,2,156,14,0.08974358974358974,2
BAH-P-1141,1,False,95,0,0.0,1,65,0,0.0,1,95,0,0.0,1,64,4,0.0625,1
BAH-P-1142,1,False,125,0,0.0,1,95,0,0.0,1,122,2,0.01639344262295082,1,91,6,0.06593406593406594,1
BAH-P-1143,1,False,130,0,0.0,2,100,0,0.0,1,125,2,0.016,1,94,6,0.06382978723404255,1
BAH-P-1144,1,False,114,0,0.0,1,86,0,0.0,1,112,2,0.017857142857142856,1,83,6,0.07228915662650602,1
BAH-P-1145,1,False,97,0,0.0,1,68,0,0.0,1,95,0,0.0,1,65,4,0.06153846153846154,1
BAH-P-1146,1,False,122,0,0.0,1,94,0,0.0,1,120,2,0.016666666666666666,1,91,6,0.06593406593406594,1
BAH-P-1147,1,False,112,0,0.0,1,82,0,0.0,1,106,0,0.0,1,75,4,0.05333333333333334,1
BAH-P-1148,1,False,104,0,0.0,1,74,0,0.0,1,103,2,0.019417475728155338,1,72,6,0.08333333333333333,1
BAH-P-1149,1,True,109,0,0.0,1,81,0,0.0,1,104,0,0.0,1,75,4,0.05333333333333334,1
BAH-P-1150,1,False,111,0,0.0,1,81,0,0.0,1,106,0,0.0,1,75,4,0.05333333333333334,1
BAH-P-1151,1,False,94,0,0.0,1,64,0,0.0,1,93,0,0.0,1,62,4,0.06451612903225806,1
BAH-P-1152,1,False,120,0,0.0,1,92,0,0.0,1,117,0,0.0,1,88,4,0.045454545454545456,1
BAH-P-1153,1,False,149,0,0.0,2,121,0,0.0,1,137,2,0.014598540145985401,2,108,6,0.05555555555555555,1
BAH-P-1154,1,False,112,0,0.0,1,84,0,0.0,1,108,0,0.0,1,79,4,0.05063291139240506,1
BAH-P-1155,1,False,100,0,0.0,1,70,0,0.0,1,97,2,0.020618556701030927,1,66,6,0.09090909090909091,1
BAH-P-1156,1,False,116,0,0.0,1,88,0,0.0,1,114,0,0.0,1,85,4,0.047058823529411764,1
BAH-P-1157,1,False,122,0,0.0,1,96,0,0.0,1,119,2,0.01680672268907563,1,93,5,0.053763440860215055,1
BAH-P-1158,1,True,94,0,0.0,1,64,0,0.0,1,90,0,0.0,1,59,4,0.06779661016949153,1
BAH-P-1159,1,False,180,0,0.0,2,147,0,0.0,2,176,8,0.045454545454545456,2,142,12,0.08450704225352113,2
BAH-P-1160,1,False,120,0,0.0,1,92,0,0.0,1,121,4,0.03305785123966942,1,92,8,0.08695652173913043,1
BAH-P-1161,1,False,122,0,0.0,1,93,0,0.0,1,117,0,0.0,1,87,4,0.04597701149425287,1
BAH-P-1162,1,False,124,0,0.0,1,96,0,0.0,1,121,0,0.0,1,92,4,0.043478260869565216,1
BAH-P-1163,1,False,153,0,0.0,2,124,0,0.0,1,155,0,0.0,2,125,4,0.032,1
BAH-P-1164,1,False,147,0,0.0,2,121,0,0.0,1,138,0,0.0,2,110,4,0.03636363636363636,1
BAH-P-1165,1,True,99,0,0.0,1,69,0,0.0,1,94,0,0.0,1,63,4,0.06349206349206349,1
BAH-P-1166,1,False,116,0,0.0,1,87,0,0.0,1,112,2,0.017857142857142856,1,82,6,0.07317073170731707,1
BAH-P-1167,1,False,232,0,0.0,2,199,0,0.0,2,228,0,0.0,2,194,4,0.020618556701030927,2
BAH-P-1168,1,False,105,0,0.0,1,81,0,0.0,1,95,2,0.021052631578947368,1,71,5,0.07042253521126761,1
BAH-P-1169,1,False,139,0,0.0,2,110,0,0.0,1,132,2,0.015151515151515152,2,102,6,0.058823529411764705,1
BAH-P-1170,1,False,114,0,0.0,1,86,0,0.0,1,111,0,0.0,1,82,4,0.04878048780487805,1
BAH-P-1171,1,False,123,0,0.0,1,93,0,0.0,1,117,4,0.03418803418803419,1,86,8,0.09302325581395349,1
BAH-P-1172,1,False,97,0,0.0,1,72,0,0.0,1,89,0,0.0,1,64,3,0.046875,1
BAH-P-1173,1,False,136,0,0.0,2,108,0,0.0,1,132,0,0.0,2,103,4,0.038834951456310676,1
BAH-P-1174,1,False,139,0,0.0,2,113,0,0.0,1,129,2,0.015503875968992248,2,101,6,0.0594059405940594,1
BAH-P-1175,1,False,124,0,0.0,1,96,0,0.0,1,121,0,0.0,1,92,4,0.043478260869565216,1
BAH-P-1176,1,False,145,0,0.0,2,124,0,0.0,1,141,2,0.014184397163120567,2,119,4,0.03361344537815126,1
BAH-P-1177,1,False,104,0,0.0,1,76,0,0.0,1,99,0,0.0,1,70,4,0.05714285714285714,1
BAH-P-1178,1,False,126,0,0.0,1,98,0,0.0,1,117,0,0.0,1,88,4,0.045454545454545456,1
BAH-P-1179,1,False,128,0,0.0,1,100,0,0.0,1,125,2,0.016,1,96,6,0.0625,1
BAH-P-1180,1,False,109,0,0.0,1,81,0,0.0,1,107,0,0.0,1,78,4,0.05128205128205128,1
BAH-P-1181,1,False,156,0,0.0,2,128,0,0.0,1,147,2,0.013605442176870748,2,118,6,0.05084745762711865,1
BAH-P-1182,1,False,130,0,0.0,2,102,0,0.0,1,121,0,0.0,1,92,4,0.043478260869565216,1
BAH-P-1183,1,False,132,0,0.0,2,104,0,0.0,1,124,2,0.016129032258064516,1,95,6,0.06315789473684211,1
BAH-P-1184,1,False,151,0,0.0,2,123,0,0.0,1,139,6,0.04316546762589928,2,110,10,0.09090909090909091,1
BAH-P-1185,1,False,120,0,0.0,1,92,0,0.0,1,112,2,0.017857142857142856,1,83,6,0.07228915662650602,1
BAH-P-1186,1,False,109,0,0.0,1,81,0,0.0,1,107,0,0.0,1,78,4,0.05128205128205128,1
BAH-P-1187,1,False,115,0,0.0,1,85,0,0.0,1,111,2,0.018018018018018018,1,80,6,0.075,1
BAH-P-1188,1,False,106,0,0.0,1,76,0,0.0,1,104,0,0.0,1,73,4,0.0547945205479452,1
BAH-P-1189,1,False,100,0,0.0,1,74,0,0.0,1,89,0,0.0,1,63,3,0.047619047619047616,1
BAH-P-1190,1,False,106,0,0.0,1,76,0,0.0,1,105,0,0.0,1,74,4,0.05405405405405406,1
BAH-P-1191,1,False,205,0,0.0,2,176,0,0.0,2,198,2,0.010101010101010102,2,168,6,0.03571428571428571,2
BAH-P-1192,1,False,112,0,0.0,1,82,0,0.0,1,110,0,0.0,1,79,4,0.05063291139240506,1
BAH-P-1193,1,False,111,0,0.0,1,80,0,0.0,1,112,0,0.0,1,79,4,0.05063291139240506,1
BAH-P-1194,1,False,132,0,0.0,2,104,0,0.0,1,122,0,0.0,1,93,4,0.043010752688172046,1
BAH-P-1195,1,False,121,0,0.0,1,91,0,0.0,1,118,0,0.0,1,87,4,0.04597701149425287,1
BAH-P-1196,1,False,109,0,0.0,1,83,0,0.0,1,107,0,0.0,1,79,4,0.05063291139240506,1
BAH-P-1197,1,False,209,0,0.0,2,180,0,0.0,2,205,4,0.01951219512195122,2,174,8,0.04597701149425287,2
BAH-P-1198,1,False,199,0,0.0,2,162,0,0.0,2,191,4,0.020942408376963352,2,153,8,0.05228758169934641,2
BAH-P-1199,1,False,113,0,0.0,1,87,0,0.0,1,107,0,0.0,1,79,4,0.05063291139240506,1
BAH-P-1200,1,False,109,0,0.0,1,81,0,0.0,1,108,2,0.018518518518518517,1,79,6,0.0759493670886076,1
BAH-P-1201,1,False,105,0,0.0,1,79,0,0.0,1,106,0,0.0,1,78,4,0.05128205128205128,1
BAH-P-1202,1,False,101,0,0.0,1,72,0,0.0,1,97,0,0.0,1,67,4,0.05970149253731343,1
BAH-P-1203,1,False,98,0,0.0,1,72,0,0.0,1,96,0,0.0,1,68,4,0.058823529411764705,1
BAH-P-1204,1,False,161,0,0.0,2,132,0,0.0,2,153,2,0.013071895424836602,2,123,6,0.04878048780487805,1
BAH-P-1205,1,False,136,0,0.0,2,108,0,0.0,1,136,0,0.0,2,107,4,0.037383177570093455,1
BAH-P-1206,1,False,112,0,0.0,1,82,0,0.0,1,113,2,0.017699115044247787,1,81,6,0.07407407407407407,1
BAH-P-1207,1,False,129,0,0.0,2,99,0,0.0,1,124,6,0.04838709677419355,1,93,10,0.10752688172043011,1
BAH-P-1208,1,False,261,0,0.0,3,207,0,0.0,2,252,14,0.05555555555555555,2,197,14,0.07106598984771574,2
BAH-P-1209,1,False,125,0,0.0,1,96,0,0.0,1,115,2,0.017391304347826087,1,85,6,0.07058823529411765,1
BAH-P-1210,1,False,225,0,0.0,2,199,0,0.0,2,226,10,0.04424778761061947,2,198,14,0.0707070707070707,2
BAH-P-1211,1,False,133,0,0.0,2,105,0,0.0,1,129,4,0.031007751937984496,2,100,8,0.08,1
BAH-P-1212,1,False,212,0,0.0,2,179,0,0.0,2,201,4,0.01990049751243781,2,167,8,0.04790419161676647,2
BAH-P-1213,1,False,204,0,0.0,2,170,0,0.0,2,195,2,0.010256410256410256,2,160,5,0.03125,2
BAH-P-1214,1,True,126,0,0.0,1,98,0,0.0,1,116,2,0.017241379310344827,1,87,6,0.06896551724137931,1
BAH-P-1215,1,False,168,0,0.0,2,135,0,0.0,2,165,4,0.024242424242424242,2,131,8,0.061068702290076333,2
BAH-P-1216,1,False,126,0,0.0,1,96,0,0.0,1,119,2,0.01680672268907563,1,88,6,0.06818181818181818,1
BAH-P-1217,1,True,112,0,0.0,1,82,0,0.0,1,109,0,0.0,1,78,4,0.05128205128205128,1
BAH-P-1218,1,True,101,0,0.0,1,71,0,0.0,1,98,0,0.0,1,67,4,0.05970149253731343,1
BAH-P-1219,1,True,108,0,0.0,1,79,0,0.0,1,104,0,0.0,1,74,4,0.05405405405405406,1
BAH-P-1220,1,False,110,0,0.0,1,84,0,0.0,1,94,0,0.0,1,68,3,0.04411764705882353,1
BAH-P-1221,1,False,130,0,0.0,2,104,0,0.0,1,125,2,0.016,1,97,6,0.061855670103092786,1
BAH-P-1222,1,False,110,0,0.0,1,80,0,0.0,1,107,0,0.0,1,76,4,0.05263157894736842,1
BAH-P-1223,1,True,111,0,0.0,1,81,0,0.0,1,108,2,0.018518518518518517,1,77,6,0.07792207792207792,1
BAH-P-1224,1,False,253,0,0.0,2,221,0,0.0,2,236,0,0.0,2,203,4,0.019704433497536946,2
BAH-P-1225,1,False,124,0,0.0,1,96,0,0.0,1,118,0,0.0,1,89,3,0.033707865168539325,1
BAH-P-1226,1,False,120,0,0.0,1,90,0,0.0,1,110,0,0.0,1,79,4,0.05063291139240506,1
BAH-P-1227,1,False,96,0,0.0,1,66,0,0.0,1,92,0,0.0,1,61,4,0.06557377049180328,1
BAH-P-1228,1,False,150,0,0.0,2,122,0,0.0,1,145,2,0.013793103448275862,2,116,6,0.05172413793103448,1
BAH-P-1229,1,False,110,0,0.0,1,82,0,0.0,1,106,0,0.0,1,77,4,0.05194805194805195,1
BAH-P-1230,1,False,178,0,0.0,2,146,0,0.0,2,168,2,0.011904761904761904,2,135,5,0.037037037037037035,2
BAH-P-1231,1,False,91,0,0.0,1,62,0,0.0,1,91,0,0.0,1,61,4,0.06557377049180328,1
BAH-P-1232,1,False,108,0,0.0,1,82,0,0.0,1,109,2,0.01834862385321101,1,81,6,0.07407407407407407,1
BAH-P-1233,1,False,142,0,0.0,2,112,0,0.0,1,131,2,0.015267175572519083,2,100,6,0.06,1
BAH-P-1234,1,False,103,0,0.0,1,74,0,0.0,1,99,0,0.0,1,69,4,0.057971014492753624,1
BAH-P-1235,1,False,168,0,0.0,2,138,0,0.0,2,159,2,0.012578616352201259,2,128,6,0.046875,1
BAH-P-1236,1,False,101,0,0.0,1,73,0,0.0,1,98,0,0.0,1,69,4,0.057971014492753624,1
BAH-P-1237,1,False,141,0,0.0,2,115,0,0.0,1,132,2,0.015151515151515152,2,104,6,0.057692307692307696,1
BAH-P-1238,1,False,134,0,0.0,2,99,0,0.0,1,131,0,0.0,2,95,4,0.042105263157894736,1
BAH-P-1239,1,False,152,0,0.0,2,123,0,0.0,1,139,2,0.014388489208633094,2,109,6,0.05504587155963303,1
BAH-P-1240,1,True,118,0,0.0,1,88,0,0.0,1,111,0,0.0,1,80,4,0.05,1
BAH-P-1241,1,False,136,0,0.0,2,107,0,0.0,1,119,0,0.0,1,89,4,0.0449438202247191,1
BAH-P-1242,1,False,128,0,0.0,1,99,0,0.0,1,122,2,0.01639344262295082,1,92,6,0.06521739130434782,1
BAH-P-1243,1,True,89,0,0.0,1,60,0,0.0,1,89,0,0.0,1,59,4,0.06779661016949153,1
BAH-P-1244,1,False,138,0,0.0,2,109,0,0.0,1,134,1,0.007462686567164179,2,104,5,0.04807692307692308,1
BAH-P-1245,1,True,95,0,0.0,1,65,0,0.0,1,92,0,0.0,1,61,4,0.06557377049180328,1
BAH-P-1246,1,False,123,0,0.0,1,93,0,0.0,1,116,0,0.0,1,85,4,0.047058823529411764,1
BAH-P-1247,1,False,102,0,0.0,1,74,0,0.0,1,100,0,0.0,1,71,4,0.056338028169014086,1
BAH-P-1248,1,True,98,0,0.0,1,72,0,0.0,1,98,0,0.0,1,70,4,0.05714285714285714,1
BAH-P-1249,1,False,126,0,0.0,1,98,0,0.0,1,119,0,0.0,1,90,4,0.044444444444444446,1
BAH-P-1250,1,False,138,0,0.0,2,110,0,0.0,1,123,2,0.016260162601626018,1,94,6,0.06382978723404255,1
BAH-P-1251,1,False,99,0,0.0,1,70,0,0.0,1,95,0,0.0,1,65,2,0.03076923076923077,1
BAH-P-1252,1,False,126,0,0.0,1,96,0,0.0,1,119,2,0.01680672268907563,1,88,6,0.06818181818181818,1
BAH-P-1253,1,False,171,0,0.0,2,143,0,0.0,2,162,4,0.024691358024691357,2,133,8,0.06015037593984962,2
BAH-P-1254,1,False,125,0,0.0,1,97,0,0.0,1,121,2,0.01652892561983471,1,92,6,0.06521739130434782,1
BAH-P-1255,1,False,91,0,0.0,1,63,0,0.0,1,91,0,0.0,1,62,4,0.06451612903225806,1
BAH-P-1256,1,False,111,0,0.0,1,81,0,0.0,1,108,0,0.0,1,77,4,0.05194805194805195,1
BAH-P-1257,1,False,115,0,0.0,1,87,0,0.0,1,110,2,0.01818181818181818,1,81,6,0.07407407407407407,1
BAH-P-1258,1,False,258,0,0.0,3,232,0,0.0,2,243,8,0.03292181069958848,2,215,12,0.05581395348837209,2
BAH-P-1259,1,False,151,0,0.0,2,120,0,0.0,1,148,0,0.0,2,116,4,0.034482758620689655,1
BAH-P-1260,1,True,89,0,0.0,1,63,0,0.0,1,90,0,0.0,1,62,4,0.06451612903225806,1
BAH-P-1261,1,False,146,0,0.0,2,118,0,0.0,1,141,2,0.014184397163120567,2,112,6,0.05357142857142857,1
BAH-P-1262,1,False,122,0,0.0,1,94,0,0.0,1,113,2,0.017699115044247787,1,84,6,0.07142857142857142,1
BAH-P-1263,1,False,205,0,0.0,2,167,0,0.0,2,211,4,0.018957345971563982,2,171,8,0.04678362573099415,2
BAH-P-1264,1,False,110,0,0.0,1,82,0,0.0,1,107,2,0.018691588785046728,1,78,6,0.07692307692307693,1
BAH-P-1265,1,False,124,0,0.0,1,96,0,0.0,1,123,2,0.016260162601626018,1,94,6,0.06382978723404255,1
BAH-P-1266,1,True,107,0,0.0,1,77,0,0.0,1,103,0,0.0,1,72,4,0.05555555555555555,1
BAH-P-1267,1,False,150,0,0.0,2,120,0,0.0,1,144,2,0.013888888888888888,2,113,6,0.05309734513274336,1
BAH-P-1268,1,False,100,0,0.0,1,70,0,0.0,1,96,0,0.0,1,65,4,0.06153846153846154,1
BAH-P-1269,1,False,115,0,0.0,1,85,0,0.0,1,109,0,0.0,1,78,4,0.05128205128205128,1
BAH-P-1270,1,False,129,0,0.0,2,99,0,0.0,1,119,0,0.0,1,88,4,0.045454545454545456,1
BAH-P-1271,1,False,93,0,0.0,1,63,0,0.0,1,91,0,0.0,1,60,4,0.06666666666666667,1
BAH-P-1272,1,False,99,0,0.0,1,70,0,0.0,1,96,0,0.0,1,66,4,0.06060606060606061,1
BAH-P-1273,1,False,143,0,0.0,2,113,0,0.0,1,136,0,0.0,2,105,4,0.0380952380952381,1
BAH-P-1274,1,False,126,0,0.0,1,98,0,0.0,1,122,2,0.01639344262295082,1,93,6,0.06451612903225806,1
BAH-P-1275,1,False,108,0,0.0,1,79,0,0.0,1,105,0,0.0,1,75,4,0.05333333333333334,1
BAH-P-1276,1,False,127,0,0.0,1,98,0,0.0,1,118,0,0.0,1,88,4,0.045454545454545456,1
BAH-P-1277,1,False,101,0,0.0,1,72,0,0.0,1,97,0,0.0,1,67,4,0.05970149253731343,1
BAH-P-1278,1,False,126,0,0.0,1,100,0,0.0,1,116,0,0.0,1,90,3,0.03333333333333333,1
BAH-P-1279,1,False,110,0,0.0,1,82,0,0.0,1,108,2,0.018518518518518517,1,79,6,0.0759493670886076,1
BAH-P-1280,1,False,134,0,0.0,2,106,0,0.0,1,126,0,0.0,1,97,4,0.041237113402061855,1
BAH-P-1281,1,False,104,0,0.0,1,74,0,0.0,1,101,0,0.0,1,70,4,0.05714285714285714,1
BAH-P-1282,1,False,163,0,0.0,2,139,0,0.0,2,152,0,0.0,2,128,3,0.0234375,1
BAH-P-1283,1,False,94,0,0.0,1,66,0,0.0,1,93,0,0.0,1,64,4,0.0625,1
BAH-P-1284,1,False,63,0,0.0,1,39,0,0.0,1,62,0,0.0,1,38,3,0.07894736842105263,1
BAH-P-1285,1,True,99,0,0.0,1,69,0,0.0,1,94,0,0.0,1,63,4,0.06349206349206349,1
BAH-P-1286,1,False,170,0,0.0,2,140,0,0.0,2,148,2,0.013513513513513514,2,117,6,0.05128205128205128,1
BAH-P-1287,1,False,118,0,0.0,1,90,0,0.0,1,114,0,0.0,1,85,4,0.047058823529411764,1
BAH-P-1288,1,False,143,0,0.0,2,113,0,0.0,1,126,2,0.015873015873015872,1,95,6,0.06315789473684211,1
BAH-P-1289,1,False,89,0,0.0,1,65,0,0.0,1,84,0,0.0,1,60,3,0.05,1
BAH-P-1290,1,False,101,0,0.0,1,75,0,0.0,1,101,0,0.0,1,73,4,0.0547945205479452,1
BAH-P-1291,1,False,126,0,0.0,1,98,0,0.0,1,120,0,0.0,1,91,4,0.04395604395604396,1
BAH-P-1292,1,False,193,0,0.0,2,169,0,0.0,2,186,2,0.010752688172043012,2,162,5,0.030864197530864196,2
BAH-P-1293,1,False,117,0,0.0,1,91,0,0.0,1,117,0,0.0,1,89,4,0.0449438202247191,1
BAH-P-1294,1,False,112,0,0.0,1,86,0,0.0,1,111,0,0.0,1,82,4,0.04878048780487805,1
BAH-P-1295,1,False,217,0,0.0,2,184,0,0.0,2,215,6,0.027906976744186046,2,181,10,0.055248618784530384,2
BAH-P-1296,1,False,149,0,0.0,2,121,0,0.0,1,138,2,0.014492753623188406,2,109,6,0.05504587155963303,1
BAH-P-1297,1,False,173,0,0.0,2,136,0,0.0,2,168,12,0.07142857142857142,2,130,12,0.09230769230769231,2
BAH-P-1298,1,False,106,0,0.0,1,78,0,0.0,1,103,0,0.0,1,74,4,0.05405405405405406,1
BAH-P-1299,1,False,112,0,0.0,1,84,0,0.0,1,104,2,0.019230769230769232,1,75,6,0.08,1
BAH-P-1300,1,False,123,0,0.0,1,95,0,0.0,1,118,2,0.01694915254237288,1,89,6,0.06741573033707865,1
BAH-P-1301,1,False,119,0,0.0,1,91,0,0.0,1,110,0,0.0,1,81,4,0.04938271604938271,1
BAH-P-1302,1,True,94,0,0.0,1,64,0,0.0,1,93,2,0.021505376344086023,1,62,6,0.0967741935483871,1
BAH-P-1303,1,False,144,0,0.0,2,110,0,0.0,1,139,4,0.02877697841726619,2,103,8,0.07766990291262135,1
BAH-P-1304,1,False,89,0,0.0,1,60,0,0.0,1,88,0,0.0,1,58,4,0.06896551724137931,1
BAH-P-1305,1,False,129,0,0.0,2,99,0,0.0,1,117,2,0.017094017094017096,1,86,6,0.06976744186046512,1
BAH-P-1306,1,False,105,0,0.0,1,77,0,0.0,1,100,0,0.0,1,71,4,0.056338028169014086,1
BAH-P-1307,1,False,113,0,0.0,1,85,0,0.0,1,109,0,0.0,1,80,4,0.05,1
BAH-P-1308,1,False,102,0,0.0,1,74,0,0.0,1,99,0,0.0,1,70,4,0.05714285714285714,1
BAH-P-1309,1,False,161,0,0.0,2,135,0,0.0,2,159,2,0.012578616352201259,2,131,6,0.04580152671755725,2
BAH-P-1310,1,False,102,0,0.0,1,72,0,0.0,1,100,0,0.0,1,69,4,0.057971014492753624,1
BAH-P-1311,1,True,101,0,0.0,1,71,0,0.0,1,98,0,0.0,1,67,4,0.05970149253731343,1
BAH-P-1312,1,False,114,0,0.0,1,84,0,0.0,1,111,0,0.0,1,80,4,0.05,1
BAH-P-1313,1,False,202,0,0.0,2,170,0,0.0,2,195,4,0.020512820512820513,2,162,8,0.04938271604938271,2
BAH-P-1314,1,False,104,0,0.0,1,78,0,0.0,1,102,2,0.0196078431372549,1,74,6,0.08108108108108109,1
BAH-P-1315,1,False,103,0,0.0,1,77,0,0.0,1,102,0,0.0,1,74,4,0.05405405405405406,1
BAH-P-1316,1,False,114,0,0.0,1,88,0,0.0,1,111,4,0.036036036036036036,1,83,8,0.0963855421686747,1
BAH-P-1317,1,False,122,0,0.0,1,94,0,0.0,1,120,0,0.0,1,91,4,0.04395604395604396,1
BAH-P-1318,1,False,103,0,0.0,1,82,0,0.0,1,93,0,0.0,1,71,2,0.028169014084507043,1
BAH-P-1319,1,False,111,0,0.0,1,85,0,0.0,1,109,2,0.01834862385321101,1,81,6,0.07407407407407407,1
BAH-P-1320,1,False,121,0,0.0,1,91,0,0.0,1,119,0,0.0,1,88,4,0.045454545454545456,1
BAH-P-1321,1,False,131,0,0.0,2,103,0,0.0,1,122,0,0.0,1,93,4,0.043010752688172046,1
BAH-P-1322,1,False,105,0,0.0,1,77,0,0.0,1,97,0,0.0,1,68,4,0.058823529411764705,1
BAH-P-1323,1,False,112,0,0.0,1,81,0,0.0,1,111,0,0.0,1,78,4,0.05128205128205128,1
BAH-P-1324,1,False,133,0,0.0,2,102,0,0.0,1,129,2,0.015503875968992248,2,96,6,0.0625,1
BAH-P-1325,1,False,104,0,0.0,1,80,0,0.0,1,100,0,0.0,1,76,3,0.039473684210526314,1
BAH-P-1326,1,False,123,0,0.0,1,95,0,0.0,1,117,0,0.0,1,88,4,0.045454545454545456,1
BAH-P-1327,1,False,94,0,0.0,1,66,0,0.0,1,92,0,0.0,1,63,4,0.06349206349206349,1
BAH-P-1328,1,False,111,0,0.0,1,80,0,0.0,1,109,0,0.0,1,76,4,0.05263157894736842,1
BAH-P-1329,1,True,93,0,0.0,1,63,0,0.0,1,90,0,0.0,1,59,4,0.06779661016949153,1
BAH-P-1330,1,False,216,0,0.0,2,184,0,0.0,2,211,2,0.009478672985781991,2,178,5,0.028089887640449437,2
BAH-P-1331,1,False,126,0,0.0,1,97,0,0.0,1,123,2,0.016260162601626018,1,93,6,0.06451612903225806,1
BAH-P-1332,1,False,110,0,0.0,1,81,0,0.0,1,109,0,0.0,1,79,4,0.05063291139240506,1
BAH-P-1333,1,False,101,0,0.0,1,69,0,0.0,1,99,0,0.0,1,65,4,0.06153846153846154,1
BAH-P-1334,1,False,116,0,0.0,1,85,0,0.0,1,115,2,0.017391304347826087,1,82,6,0.07317073170731707,1
BAH-P-1335,1,False,107,0,0.0,1,77,0,0.0,1,105,0,0.0,1,74,4,0.05405405405405406,1
BAH-P-1336,1,False,130,0,0.0,2,100,0,0.0,1,129,2,0.015503875968992248,2,98,6,0.061224489795918366,1
BAH-P-1337,1,False,114,0,0.0,1,83,0,0.0,1,112,0,0.0,1,79,4,0.05063291139240506,1
BAH-P-1338,1,False,148,0,0.0,2,117,0,0.0,1,146,2,0.0136986301369863,2,113,6,0.05309734513274336,1
BAH-P-1339,1,False,130,0,0.0,2,106,0,0.0,1,123,0,0.0,1,99,3,0.030303030303030304,1
BAH-P-1340,1,False,131,0,0.0,2,100,0,0.0,1,127,2,0.015748031496062992,1,94,6,0.06382978723404255,1
BAH-P-1341,1,False,104,0,0.0,1,74,0,0.0,1,99,0,0.0,1,68,4,0.058823529411764705,1
BAH-P-1342,1,False,149,0,0.0,2,116,0,0.0,1,151,4,0.026490066225165563,2,116,7,0.0603448275862069,1
BAH-P-1343,1,False,117,0,0.0,1,87,0,0.0,1,113,0,0.0,1,82,4,0.04878048780487805,1
BAH-P-1344,1,False,201,0,0.0,2,167,0,0.0,2,190,0,0.0,2,155,3,0.01935483870967742,2
BAH-P-1345,1,False,97,0,0.0,1,67,0,0.0,1,93,2,0.021505376344086023,1,62,6,0.0967741935483871,1
BAH-P-1346,1,False,105,0,0.0,1,76,0,0.0,1,102,2,0.0196078431372549,1,72,6,0.08333333333333333,1
BAH-P-1347,1,False,140,0,0.0,2,111,0,0.0,1,132,3,0.022727272727272728,2,102,7,0.06862745098039216,1
BAH-P-1348,1,False,99,0,0.0,1,71,0,0.0,1,97,0,0.0,1,68,4,0.058823529411764705,1
BAH-P-1349,1,False,126,0,0.0,1,98,0,0.0,1,123,4,0.032520325203252036,1,94,8,0.0851063829787234,1
BAH-P-1350,1,False,150,0,0.0,2,119,0,0.0,1,145,0,0.0,2,113,4,0.035398230088495575,1
BAH-P-1351,1,False,145,0,0.0,2,117,0,0.0,1,142,0,0.0,2,113,4,0.035398230088495575,1
BAH-P-1352,1,False,132,0,0.0,2,104,0,0.0,1,129,2,0.015503875968992248,2,100,6,0.06,1
BAH-P-1353,1,False,107,0,0.0,1,77,0,0.0,1,102,0,0.0,1,71,4,0.056338028169014086,1
BAH-P-1354,1,True,105,0,0.0,1,77,0,0.0,1,100,0,0.0,1,71,4,0.056338028169014086,1
BAH-P-1355,1,False,110,0,0.0,1,84,0,0.0,1,107,0,0.0,1,81,3,0.037037037037037035,1
BAH-P-1356,1,False,135,0,0.0,2,107,0,0.0,1,129,0,0.0,2,100,4,0.04,1
BAH-P-1357,1,False,110,0,0.0,1,80,0,0.0,1,104,0,0.0,1,73,4,0.0547945205479452,1
BAH-P-1358,1,False,123,0,0.0,1,93,0,0.0,1,119,2,0.01680672268907563,1,88,6,0.06818181818181818,1
BAH-P-1359,1,False,145,0,0.0,2,117,0,0.0,1,132,0,0.0,2,103,4,0.038834951456310676,1
BAH-P-1360,1,False,114,0,0.0,1,86,0,0.0,1,113,0,0.0,1,84,4,0.047619047619047616,1
BAH-P-1361,1,True,98,0,0.0,1,68,0,0.0,1,94,0,0.0,1,63,4,0.06349206349206349,1
BAH-P-1362,1,False,104,0,0.0,1,83,0,0.0,1,97,2,0.020618556701030927,1,75,4,0.05333333333333334,1
BAH-P-1363,1,False,107,0,0.0,1,79,0,0.0,1,103,0,0.0,1,74,4,0.05405405405405406,1
BAH-P-1364,1,False,103,0,0.0,1,75,0,0.0,1,100,0,0.0,1,71,4,0.056338028169014086,1
BAH-P-1365,1,False,98,0,0.0,1,69,0,0.0,1,97,2,0.020618556701030927,1,67,6,0.08955223880597014,1
BAH-P-1366,1,False,116,0,0.0,1,86,0,0.0,1,115,2,0.017391304347826087,1,84,6,0.07142857142857142,1
BAH-P-1367,1,False,112,0,0.0,1,84,0,0.0,1,108,0,0.0,1,79,4,0.05063291139240506,1
BAH-P-1368,1,True,105,0,0.0,1,75,0,0.0,1,102,0,0.0,1,71,4,0.056338028169014086,1
BAH-P-1369,1,False,105,0,0.0,1,75,0,0.0,1,103,0,0.0,1,72,4,0.05555555555555555,1
BAH-P-1370,1,True,110,0,0.0,1,80,0,0.0,1,107,0,0.0,1,76,4,0.05263157894736842,1
BAH-P-1371,1,True,100,0,0.0,1,71,0,0.0,1,97,0,0.0,1,67,4,0.05970149253731343,1
BAH-P-1372,1,False,101,0,0.0,1,71,0,0.0,1,97,2,0.020618556701030927,1,66,6,0.09090909090909091,1
BAH-P-1373,1,True,95,0,0.0,1,66,0,0.0,1,92,0,0.0,1,62,4,0.06451612903225806,1
BAH-P-1374,1,False,186,0,0.0,2,158,0,0.0,2,174,2,0.011494252873563218,2,145,6,0.041379310344827586,2
BAH-P-1375,1,False,143,0,0.0,2,114,0,0.0,1,131,1,0.007633587786259542,2,101,5,0.04950495049504951,1
BAH-P-1376,1,False,133,0,0.0,2,103,0,0.0,1,126,1,0.007936507936507936,1,95,5,0.05263157894736842,1
BAH-P-1377,1,False,122,0,0.0,1,93,0,0.0,1,114,0,0.0,1,84,4,0.047619047619047616,1
BAH-P-1378,1,False,94,0,0.0,1,65,0,0.0,1,93,0,0.0,1,63,4,0.06349206349206349,1
BAH-P-1379,1,True,108,0,0.0,1,80,0,0.0,1,103,0,0.0,1,74,4,0.05405405405405406,1
BAH-P-1380,1,False,131,0,0.0,2,101,0,0.0,1,119,2,0.01680672268907563,1,88,6,0.06818181818181818,1
BAH-P-1381,1,False,99,0,0.0,1,69,0,0.0,1,98,0,0.0,1,67,4,0.05970149253731343,1
BAH-P-1382,1,False,118,0,0.0,1,88,0,0.0,1,114,2,0.017543859649122806,1,83,6,0.07228915662650602,1
BAH-P-1383,1,True,112,0,0.0,1,84,0,0.0,1,105,0,0.0,1,76,4,0.05263157894736842,1
BAH-P-1384,1,False,113,0,0.0,1,89,0,0.0,1,106,2,0.018867924528301886,1,82,5,0.06097560975609756,1
BAH-P-1385,1,False,108,0,0.0,1,79,0,0.0,1,108,0,0.0,1,78,4,0.05128205128205128,1
BAH-P-1386,1,False,133,0,0.0,2,103,0,0.0,1,127,2,0.015748031496062992,1,96,6,0.0625,1
BAH-P-1387,1,False,125,0,0.0,1,97,0,0.0,1,119,2,0.01680672268907563,1,90,6,0.06666666666666667,1
BAH-P-1388,1,False,109,0,0.0,1,79,0,0.0,1,105,0,0.0,1,74,4,0.05405405405405406,1
BAH-P-1389,1,True,97,0,0.0,1,69,0,0.0,1,93,0,0.0,1,64,4,0.0625,1
BAH-P-1390,1,False,129,0,0.0,2,103,0,0.0,1,120,0,0.0,1,94,3,0.031914893617021274,1
BAH-P-1391,1,False,130,0,0.0,2,105,0,0.0,1,116,0,0.0,1,89,4,0.0449438202247191,1
BAH-P-1392,1,False,201,0,0.0,2,169,0,0.0,2,189,0,0.0,2,156,3,0.019230769230769232,2
BAH-P-1393,1,False,108,0,0.0,1,80,0,0.0,1,102,0,0.0,1,73,4,0.0547945205479452,1
BAH-P-1394,1,False,121,0,0.0,1,93,0,0.0,1,117,0,0.0,1,88,4,0.045454545454545456,1
BAH-P-1395,1,False,111,0,0.0,1,83,0,0.0,1,106,0,0.0,1,77,4,0.05194805194805195,1
BAH-P-1396,1,False,140,0,0.0,2,110,0,0.0,1,127,4,0.031496062992125984,1,96,8,0.08333333333333333,1
BAH-P-1397,1,False,104,0,0.0,1,76,0,0.0,1,101,0,0.0,1,72,4,0.05555555555555555,1
BAH-P-1398,1,False,181,0,0.0,2,149,0,0.0,2,168,0,0.0,2,135,3,0.022222222222222223,2
BAH-P-1399,1,False,109,0,0.0,1,81,0,0.0,1,104,0,0.0,1,75,4,0.05333333333333334,1
BAH-P-1400,1,False,133,0,0.0,2,105,0,0.0,1,128,2,0.015625,1,99,6,0.06060606060606061,1
BAH-P-1401,1,False,141,0,0.0,2,113,0,0.0,1,130,2,0.015384615384615385,2,101,6,0.0594059405940594,1
BAH-P-1402,1,False,107,0,0.0,1,79,0,0.0,1,103,0,0.0,1,74,4,0.05405405405405406,1
BAH-P-1403,1,True,98,0,0.0,1,70,0,0.0,1,94,0,0.0,1,65,4,0.06153846153846154,1
BAH-P-1404,1,False,135,0,0.0,2,107,0,0.0,1,135,0,0.0,2,106,4,0.03773584905660377,1
BAH-P-1405,1,False,110,0,0.0,1,82,0,0.0,1,108,0,0.0,1,79,4,0.05063291139240506,1
BAH-P-1406,1,False,105,0,0.0,1,77,0,0.0,1,102,0,0.0,1,73,4,0.0547945205479452,1
BAH-P-1407,1,False,110,0,0.0,1,82,0,0.0,1,103,0,0.0,1,74,4,0.05405405405405406,1
BAH-P-1408,1,False,104,0,0.0,1,74,0,0.0,1,103,0,0.0,1,71,4,0.056338028169014086,1
BAH-P-1409,1,False,131,0,0.0,2,103,0,0.0,1,126,2,0.015873015873015872,1,97,6,0.061855670103092786,1
BAH-P-1410,1,False,123,0,0.0,1,95,0,0.0,1,116,0,0.0,1,87,4,0.04597701149425287,1
BAH-P-1411,1,False,101,0,0.0,1,73,0,0.0,1,99,0,0.0,1,70,4,0.05714285714285714,1
BAH-P-1412,1,False,149,0,0.0,2,121,0,0.0,1,137,2,0.014598540145985401,2,108,6,0.05555555555555555,1
BAH-P-1413,1,False,105,0,0.0,1,77,0,0.0,1,100,0,0.0,1,71,4,0.056338028169014086,1
BAH-P-1414,1,False,110,0,0.0,1,82,0,0.0,1,105,0,0.0,1,76,4,0.05263157894736842,1
BAH-P-1415,1,False,112,0,0.0,1,84,0,0.0,1,105,0,0.0,1,76,4,0.05263157894736842,1
BAH-P-1416,1,False,81,0,0.0,1,57,0,0.0,1,80,2,0.025,1,56,5,0.08928571428571429,1
BAH-P-1417,1,False,116,0,0.0,1,88,0,0.0,1,113,0,0.0,1,84,4,0.047619047619047616,1
BAH-P-1418,1,False,106,0,0.0,1,78,0,0.0,1,101,0,0.0,1,72,4,0.05555555555555555,1
BAH-P-1419,1,False,89,0,0.0,1,65,0,0.0,1,83,0,0.0,1,59,3,0.05084745762711865,1
BAH-P-1420,1,False,148,0,0.0,2,120,0,0.0,1,136,2,0.014705882352941176,2,107,6,0.056074766355140186,1
BAH-P-1421,1,False,122,0,0.0,1,94,0,0.0,1,119,0,0.0,1,90,4,0.044444444444444446,1
BAH-P-1422,1,False,126,0,0.0,1,98,0,0.0,1,113,4,0.035398230088495575,1,84,8,0.09523809523809523,1
BAH-P-1423,1,False,98,0,0.0,1,70,0,0.0,1,98,2,0.02040816326530612,1,69,6,0.08695652173913043,1
BAH-P-1424,1,False,113,0,0.0,1,85,0,0.0,1,107,0,0.0,1,78,4,0.05128205128205128,1
BAH-P-1425,1,False,121,0,0.0,1,93,0,0.0,1,119,0,0.0,1,90,4,0.044444444444444446,1
BAH-P-1426,1,False,114,0,0.0,1,86,0,0.0,1,113,0,0.0,1,84,4,0.047619047619047616,1
BAH-P-1427,1,False,119,0,0.0,1,91,0,0.0,1,114,0,0.0,1,85,4,0.047058823529411764,1
BAH-P-1428,1,False,122,0,0.0,1,94,0,0.0,1,118,2,0.01694915254237288,1,89,6,0.06741573033707865,1
BAH-P-1429,1,False,144,0,0.0,2,116,0,0.0,1,137,4,0.029197080291970802,2,108,8,0.07407407407407407,1
BAH-P-1430,1,False,288,0,0.0,3,256,0,0.0,2,273,12,0.04395604395604396,3,240,15,0.0625,2
BAH-P-1431,1,False,120,0,0.0,1,92,0,0.0,1,117,0,0.0,1,88,4,0.045454545454545456,1
BAH-P-1432,1,False,114,0,0.0,1,86,0,0.0,1,113,2,0.017699115044247787,1,84,6,0.07142857142857142,1
BAH-P-1433,1,False,107,0,0.0,1,79,0,0.0,1,101,0,0.0,1,72,4,0.05555555555555555,1
BAH-P-1434,1,False,133,0,0.0,2,105,0,0.0,1,121,0,0.0,1,92,4,0.043478260869565216,1
BAH-P-1435,1,False,113,0,0.0,1,85,0,0.0,1,107,0,0.0,1,78,4,0.05128205128205128,1
BAH-P-1436,1,False,105,0,0.0,1,77,0,0.0,1,102,0,0.0,1,73,4,0.0547945205479452,1
BAH-P-1437,1,False,279,0,0.0,3,242,0,0.0,2,274,2,0.0072992700729927005,3,236,5,0.0211864406779661,2
BAH-P-1438,1,False,93,0,0.0,1,65,0,0.0,1,91,0,0.0,1,62,4,0.06451612903225806,1
BAH-P-1439,1,False,106,0,0.0,1,78,0,0.0,1,103,2,0.019417475728155338,1,74,6,0.08108108108108109,1
BAH-P-1440,1,False,125,0,0.0,1,97,0,0.0,1,120,0,0.0,1,91,4,0.04395604395604396,1
BAH-P-1441,1,False,122,0,0.0,1,94,0,0.0,1,119,0,0.0,1,90,4,0.044444444444444446,1
BAH-P-1442,1,False,135,0,0.0,2,107,0,0.0,1,130,4,0.03076923076923077,2,101,8,0.07920792079207921,1
BAH-P-1443,1,False,121,0,0.0,1,93,0,0.0,1,119,2,0.01680672268907563,1,90,6,0.06666666666666667,1
BAH-P-1444,1,False,125,0,0.0,1,95,0,0.0,1,125,2,0.016,1,94,6,0.06382978723404255,1
BAH-P-1445,1,False,95,0,0.0,1,67,0,0.0,1,95,0,0.0,1,66,4,0.06060606060606061,1
BAH-P-1446,1,False,135,0,0.0,2,107,0,0.0,1,128,2,0.015625,1,99,6,0.06060606060606061,1
BAH-P-1447,1,False,137,0,0.0,2,109,0,0.0,1,131,2,0.015267175572519083,2,102,6,0.058823529411764705,1
BAH-P-1448,1,False,163,0,0.0,2,139,0,0.0,2,135,0,0.0,2,111,3,0.02702702702702703,1
BAH-P-1449,1,False,111,0,0.0,1,83,0,0.0,1,106,0,0.0,1,77,4,0.05194805194805195,1
BAH-P-1450,1,False,102,0,0.0,1,74,0,0.0,1,99,0,0.0,1,70,4,0.05714285714285714,1
BAH-P-1451,1,False,132,0,0.0,2,104,0,0.0,1,128,2,0.015625,1,99,6,0.06060606060606061,1
BAH-P-1452,1,False,95,0,0.0,1,67,0,0.0,1,93,0,0.0,1,64,4,0.0625,1
BAH-P-1453,1,False,97,0,0.0,1,71,0,0.0,1,95,0,0.0,1,68,3,0.04411764705882353,1
BAH-P-1454,1,False,110,0,0.0,1,82,0,0.0,1,107,0,0.0,1,78,4,0.05128205128205128,1
BAH-P-1455,1,False,130,0,0.0,2,102,0,0.0,1,122,0,0.0,1,93,4,0.043010752688172046,1
BAH-P-1456,1,False,136,0,0.0,2,108,0,0.0,1,128,2,0.015625,1,99,6,0.06060606060606061,1
BAH-P-1457,1,False,103,0,0.0,1,75,0,0.0,1,99,0,0.0,1,70,4,0.05714285714285714,1
BAH-P-1458,1,False,108,0,0.0,1,80,0,0.0,1,106,0,0.0,1,77,4,0.05194805194805195,1
BAH-P-1459,1,False,117,0,0.0,1,89,0,0.0,1,115,2,0.017391304347826087,1,86,6,0.06976744186046512,1
BAH-P-1460,1,False,121,0,0.0,1,93,0,0.0,1,112,0,0.0,1,83,4,0.04819277108433735,1
BAH-P-1461,1,False,109,0,0.0,1,81,0,0.0,1,105,0,0.0,1,76,4,0.05263157894736842,1
BAH-P-1462,1,False,127,0,0.0,1,99,0,0.0,1,122,0,0.0,1,93,4,0.043010752688172046,1
BAH-P-1463,1,False,119,0,0.0,1,91,0,0.0,1,113,0,0.0,1,84,4,0.047619047619047616,1
BAH-P-1464,1,False,127,0,0.0,1,101,0,0.0,1,125,2,0.016,1,97,6,0.061855670103092786,1
BAH-P-1465,1,False,113,0,0.0,1,85,0,0.0,1,116,2,0.017241379310344827,1,87,6,0.06896551724137931,1
BAH-P-1466,1,False,153,0,0.0,2,125,0,0.0,1,147,0,0.0,2,118,4,0.03389830508474576,1
BAH-P-1467,1,False,121,0,0.0,1,93,0,0.0,1,117,2,0.017094017094017096,1,88,6,0.06818181818181818,1
BAH-P-1468,1,False,209,0,0.0,2,181,0,0.0,2,199,6,0.03015075376884422,2,170,9,0.052941176470588235,2
BAH-P-1469,1,False,112,0,0.0,1,84,0,0.0,1,111,4,0.036036036036036036,1,82,8,0.0975609756097561,1
BAH-P-1470,1,False,159,0,0.0,2,131,0,0.0,2,147,2,0.013605442176870748,2,118,6,0.05084745762711865,1
BAH-P-1471,1,False,123,0,0.0,1,95,0,0.0,1,117,2,0.017094017094017096,1,88,6,0.06818181818181818,1
BAH-P-1472,1,False,104,0,0.0,1,76,0,0.0,1,104,0,0.0,1,75,4,0.05333333333333334,1
BAH-P-1473,1,False,142,0,0.0,2,114,0,0.0,1,134,2,0.014925373134328358,2,105,6,0.05714285714285714,1
BAH-P-1474,1,False,102,0,0.0,1,78,0,0.0,1,97,2,0.020618556701030927,1,73,5,0.0684931506849315,1
BAH-P-1475,1,False,136,0,0.0,2,108,0,0.0,1,132,2,0.015151515151515152,2,103,6,0.05825242718446602,1
BAH-P-1476,1,False,108,0,0.0,1,80,0,0.0,1,104,0,0.0,1,75,4,0.05333333333333334,1
BAH-P-1477,1,False,141,0,0.0,2,113,0,0.0,1,136,2,0.014705882352941176,2,107,6,0.056074766355140186,1
BAH-P-1478,1,False,128,0,0.0,1,100,0,0.0,1,124,2,0.016129032258064516,1,95,6,0.06315789473684211,1
BAH-P-1479,1,False,99,0,0.0,1,71,0,0.0,1,96,0,0.0,1,67,4,0.05970149253731343,1
BAH-P-1480,1,False,160,0,0.0,2,132,0,0.0,2,147,2,0.013605442176870748,2,118,6,0.05084745762711865,1
BAH-P-1481,1,False,95,0,0.0,1,74,0,0.0,1,89,0,0.0,1,67,2,0.029850746268656716,1
BAH-P-1482,1,False,153,0,0.0,2,123,0,0.0,1,139,0,0.0,2,108,4,0.037037037037037035,1
BAH-P-1483,1,True,98,0,0.0,1,64,0,0.0,1,97,0,0.0,1,62,3,0.04838709677419355,1
BAH-P-1484,1,False,113,0,0.0,1,83,0,0.0,1,108,0,0.0,1,77,4,0.05194805194805195,1
BAH-P-1485,1,False,98,0,0.0,1,72,0,0.0,1,99,0,0.0,1,71,4,0.056338028169014086,1
BAH-P-1486,1,False,148,0,0.0,2,120,0,0.0,1,139,2,0.014388489208633094,2,110,6,0.05454545454545454,1
BAH-P-1487,1,False,102,0,0.0,1,76,0,0.0,1,101,0,0.0,1,73,4,0.0547945205479452,1
BAH-P-1488,1,False,137,0,0.0,2,109,0,0.0,1,134,2,0.014925373134328358,2,105,6,0.05714285714285714,1
BAH-P-1489,1,False,110,0,0.0,1,82,0,0.0,1,108,2,0.018518518518518517,1,79,6,0.0759493670886076,1
BAH-P-1490,1,False,170,0,0.0,2,140,0,0.0,2,167,8,0.04790419161676647,2,135,11,0.08148148148148149,2
BAH-P-1491,1,False,134,0,0.0,2,104,0,0.0,1,118,0,0.0,1,86,4,0.046511627906976744,1
BAH-P-1492,1,False,122,0,0.0,1,94,0,0.0,1,121,0,0.0,1,92,4,0.043478260869565216,1
BAH-P-1493,1,False,134,0,0.0,2,106,0,0.0,1,123,0,0.0,1,94,4,0.0425531914893617,1
BAH-P-1494,1,False,159,0,0.0,2,131,0,0.0,2,152,4,0.02631578947368421,2,123,8,0.06504065040650407,1
BAH-P-1495,1,False,122,0,0.0,1,94,0,0.0,1,115,2,0.017391304347826087,1,86,6,0.06976744186046512,1
BAH-P-1496,1,True,81,0,0.0,1,55,0,0.0,1,76,0,0.0,1,49,3,0.061224489795918366,1
BAH-P-1497,1,False,123,0,0.0,1,95,0,0.0,1,120,4,0.03333333333333333,1,91,8,0.08791208791208792,1
BAH-P-1498,1,False,142,0,0.0,2,113,0,0.0,1,138,4,0.028985507246376812,2,108,8,0.07407407407407407,1
BAH-P-1499,1,False,166,0,0.0,2,138,0,0.0,2,158,2,0.012658227848101266,2,129,6,0.046511627906976744,2
BAH-P-1500,1,False,114,0,0.0,1,85,0,0.0,1,110,0,0.0,1,80,4,0.05,1
BAH-P-1501,1,True,111,0,0.0,1,81,0,0.0,1,108,2,0.018518518518518517,1,77,6,0.07792207792207792,1
BAH-P-1502,1,False,110,0,0.0,1,82,0,0.0,1,109,0,0.0,1,80,4,0.05,1
BAH-P-1503,1,False,126,0,0.0,1,96,0,0.0,1,123,2,0.016260162601626018,1,92,6,0.06521739130434782,1
BAH-P-1504,1,False,139,0,0.0,2,113,0,0.0,1,138,0,0.0,2,110,4,0.03636363636363636,1
BAH-P-1505,1,False,182,0,0.0,2,149,0,0.0,2,177,0,0.0,2,143,4,0.027972027972027972,2
BAH-P-1506,1,False,103,0,0.0,1,75,0,0.0,1,103,2,0.019417475728155338,1,74,6,0.08108108108108109,1
BAH-P-1507,1,False,130,0,0.0,2,102,0,0.0,1,121,0,0.0,1,92,4,0.043478260869565216,1
BAH-P-1508,1,False,107,0,0.0,1,79,0,0.0,1,104,0,0.0,1,75,4,0.05333333333333334,1
BAH-P-1509,1,False,131,0,0.0,2,105,0,0.0,1,122,0,0.0,1,94,4,0.0425531914893617,1
BAH-P-1510,1,False,104,0,0.0,1,74,0,0.0,1,99,0,0.0,1,68,4,0.058823529411764705,1
BAH-P-1511,1,False,108,0,0.0,1,82,0,0.0,1,107,2,0.018691588785046728,1,79,6,0.0759493670886076,1
BAH-P-1512,1,True,97,0,0.0,1,71,0,0.0,1,94,0,0.0,1,66,4,0.06060606060606061,1
BAH-P-1513,1,False,100,0,0.0,1,74,0,0.0,1,100,0,0.0,1,72,4,0.05555555555555555,1
BAH-P-1514,1,False,104,0,0.0,1,78,0,0.0,1,105,0,0.0,1,77,4,0.05194805194805195,1
BAH-P-1515,1,False,109,0,0.0,1,83,0,0.0,1,109,0,0.0,1,81,4,0.04938271604938271,1
BAH-P-1516,1,True,92,0,0.0,1,66,0,0.0,1,93,0,0.0,1,65,4,0.06153846153846154,1
BAH-P-1517,1,False,114,0,0.0,1,88,0,0.0,1,111,0,0.0,1,83,4,0.04819277108433735,1
BAH-P-1518,1,False,112,0,0.0,1,74,0,0.0,1,112,0,0.0,1,72,4,0.05555555555555555,1
BAH-P-1519,1,False,111,0,0.0,1,85,0,0.0,1,106,0,0.0,1,78,4,0.05128205128205128,1
BAH-P-1520,1,False,116,0,0.0,1,74,0,0.0,1,116,0,0.0,1,72,4,0.05555555555555555,1
BAH-P-1521,1,False,119,0,0.0,1,93,0,0.0,1,116,0,0.0,1,88,4,0.045454545454545456,1
BAH-P-1522,1,False,113,0,0.0,1,81,0,0.0,1,114,0,0.0,1,80,4,0.05,1
BAH-P-1523,1,False,113,0,0.0,1,81,0,0.0,1,115,0,0.0,1,81,4,0.04938271604938271,1
BAH-P-1524,1,False,126,0,0.0,1,94,0,0.0,1,125,0,0.0,1,91,4,0.04395604395604396,1
BAH-P-1525,1,False,128,0,0.0,1,102,0,0.0,1,123,0,0.0,1,95,4,0.042105263157894736,1
BAH-P-1526,1,False,129,0,0.0,2,101,0,0.0,1,126,2,0.015873015873015872,1,97,6,0.061855670103092786,1
BAH-P-1527,1,False,111,0,0.0,1,83,0,0.0,1,107,0,0.0,1,78,4,0.05128205128205128,1
BAH-P-1528,1,False,116,0,0.0,1,88,0,0.0,1,115,0,0.0,1,86,4,0.046511627906976744,1
BAH-P-1529,1,False,123,0,0.0,1,95,0,0.0,1,120,2,0.016666666666666666,1,91,6,0.06593406593406594,1
BAH-P-1530,1,False,122,0,0.0,1,94,0,0.0,1,115,2,0.017391304347826087,1,86,6,0.06976744186046512,1
BAH-P-1531,1,False,100,0,0.0,1,74,0,0.0,1,101,0,0.0,1,73,4,0.0547945205479452,1
BAH-P-1532,1,False,122,0,0.0,1,96,0,0.0,1,121,0,0.0,1,93,4,0.043010752688172046,1
BAH-P-1533,1,False,101,0,0.0,1,73,0,0.0,1,97,0,0.0,1,68,4,0.058823529411764705,1
BAH-P-1534,1,False,117,0,0.0,1,89,0,0.0,1,115,2,0.017391304347826087,1,86,6,0.06976744186046512,1
BAH-P-1535,1,False,118,0,0.0,1,89,0,0.0,1,120,0,0.0,1,90,4,0.044444444444444446,1
BAH-P-1536,1,False,114,0,0.0,1,83,0,0.0,1,119,0,0.0,1,86,4,0.046511627906976744,1
BAH-P-1537,1,False,92,0,0.0,1,66,0,0.0,1,88,0,0.0,1,60,4,0.06666666666666667,1
BAH-P-1538,1,False,92,0,0.0,1,66,0,0.0,1,94,0,0.0,1,66,4,0.06060606060606061,1
BAH-P-1539,1,False,121,0,0.0,1,95,0,0.0,1,119,0,0.0,1,91,4,0.04395604395604396,1
BAH-P-1540,1,False,147,0,0.0,2,121,0,0.0,1,144,2,0.013888888888888888,2,116,6,0.05172413793103448,1
BAH-P-1541,1,False,110,0,0.0,1,84,0,0.0,1,108,0,0.0,1,80,4,0.05,1
BAH-P-1542,1,False,105,0,0.0,1,79,0,0.0,1,99,0,0.0,1,71,4,0.056338028169014086,1
BAH-P-1543,1,False,93,0,0.0,1,67,0,0.0,1,94,0,0.0,1,66,4,0.06060606060606061,1
BAH-P-1544,1,True,104,0,0.0,1,78,0,0.0,1,103,0,0.0,1,75,4,0.05333333333333334,1
BAH-P-1545,1,False,158,0,0.0,2,130,0,0.0,2,147,0,0.0,2,118,4,0.03389830508474576,1
BAH-P-1546,1,False,107,0,0.0,1,81,0,0.0,1,104,0,0.0,1,76,4,0.05263157894736842,1
BAH-P-1547,1,True,110,0,0.0,1,80,0,0.0,1,107,0,0.0,1,76,4,0.05263157894736842,1
BAH-P-1548,1,True,102,0,0.0,1,76,0,0.0,1,101,0,0.0,1,73,4,0.0547945205479452,1
BAH-P-1549,1,False,150,0,0.0,2,122,0,0.0,1,146,0,0.0,2,117,4,0.03418803418803419,1
BAH-P-1550,1,False,147,0,0.0,2,118,0,0.0,1,145,2,0.013793103448275862,2,115,6,0.05217391304347826,1
BAH-P-1551,1,False,111,0,0.0,1,83,0,0.0,1,103,0,0.0,1,74,4,0.05405405405405406,1
BAH-P-1552,1,False,107,0,0.0,1,81,0,0.0,1,104,0,0.0,1,76,4,0.05263157894736842,1
BAH-P-1553,1,False,115,0,0.0,1,85,0,0.0,1,112,0,0.0,1,81,4,0.04938271604938271,1
BAH-P-1554,1,False,112,0,0.0,1,84,0,0.0,1,107,0,0.0,1,78,4,0.05128205128205128,1
BAH-P-1555,1,False,93,0,0.0,1,67,0,0.0,1,89,0,0.0,1,61,4,0.06557377049180328,1
BAH-P-1556,1,True,102,0,0.0,1,76,0,0.0,1,99,0,0.0,1,71,4,0.056338028169014086,1
BAH-P-1557,1,False,159,0,0.0,2,133,0,0.0,2,152,8,0.05263157894736842,2,126,11,0.0873015873015873,1
BAH-P-1558,1,False,127,0,0.0,1,99,0,0.0,1,115,0,0.0,1,86,4,0.046511627906976744,1
BAH-P-1559,1,False,190,0,0.0,2,156,0,0.0,2,180,6,0.03333333333333333,2,145,9,0.06206896551724138,2
BAH-P-1560,1,False,96,0,0.0,1,66,0,0.0,1,95,2,0.021052631578947368,1,64,6,0.09375,1
BAH-P-1561,1,False,97,0,0.0,1,67,0,0.0,1,95,0,0.0,1,64,4,0.0625,1
BAH-P-1562,1,False,103,0,0.0,1,73,0,0.0,1,100,0,0.0,1,69,4,0.057971014492753624,1
BAH-P-1563,1,False,96,0,0.0,1,70,0,0.0,1,92,2,0.021739130434782608,1,66,5,0.07575757575757576,1
BAH-P-1564,1,True,101,0,0.0,1,71,0,0.0,1,98,0,0.0,1,67,4,0.05970149253731343,1
BAH-P-1565,1,False,142,0,0.0,2,113,0,0.0,1,133,1,0.007518796992481203,2,103,5,0.04854368932038835,1
BAH-P-1566,1,False,109,0,0.0,1,81,0,0.0,1,100,2,0.02,1,71,6,0.08450704225352113,1
BAH-P-1567,1,False,99,0,0.0,1,78,0,0.0,1,95,0,0.0,1,73,2,0.0273972602739726,1
BAH-P-1568,1,False,109,0,0.0,1,83,0,0.0,1,106,0,0.0,1,78,4,0.05128205128205128,1
BAH-P-1569,1,False,118,0,0.0,1,92,0,0.0,1,116,0,0.0,1,88,4,0.045454545454545456,1
BAH-P-1570,1,False,105,0,0.0,1,79,0,0.0,1,101,0,0.0,1,73,4,0.0547945205479452,1
BAH-P-1571,1,False,112,0,0.0,1,84,0,0.0,1,106,0,0.0,1,77,4,0.05194805194805195,1
BAH-P-1572,1,False,115,0,0.0,1,85,0,0.0,1,112,2,0.017857142857142856,1,81,6,0.07407407407407407,1
BAH-P-1573,1,False,120,0,0.0,1,94,0,0.0,1,121,0,0.0,1,93,4,0.043010752688172046,1
BAH-P-1574,1,False,115,0,0.0,1,89,0,0.0,1,115,0,0.0,1,87,4,0.04597701149425287,1
BAH-P-1575,1,False,125,0,0.0,1,99,0,0.0,1,121,2,0.01652892561983471,1,93,6,0.06451612903225806,1
BAH-P-1576,1,False,100,0,0.0,1,74,0,0.0,1,99,0,0.0,1,71,4,0.056338028169014086,1
BAH-P-1577,1,False,188,0,0.0,2,156,0,0.0,2,176,0,0.0,2,143,3,0.02097902097902098,2
BAH-P-1578,1,False,98,0,0.0,1,72,0,0.0,1,97,0,0.0,1,69,4,0.057971014492753624,1
BAH-P-1579,1,True,109,0,0.0,1,77,0,0.0,1,106,0,0.0,1,72,4,0.05555555555555555,1
BAH-P-1580,1,False,101,0,0.0,1,75,0,0.0,1,101,0,0.0,1,73,4,0.0547945205479452,1
BAH-P-1581,1,False,108,0,0.0,1,79,0,0.0,1,108,0,0.0,1,78,4,0.05128205128205128,1
BAH-P-1582,1,True,112,0,0.0,1,80,0,0.0,1,110,0,0.0,1,76,4,0.05263157894736842,1
BAH-P-1583,1,False,97,0,0.0,1,69,0,0.0,1,92,0,0.0,1,63,4,0.06349206349206349,1
BAH-P-1584,1,False,95,0,0.0,1,67,0,0.0,1,92,0,0.0,1,63,4,0.06349206349206349,1
BAH-P-1585,1,False,116,0,0.0,1,84,0,0.0,1,113,0,0.0,1,79,4,0.05063291139240506,1
BAH-P-1586,1,False,102,0,0.0,1,74,0,0.0,1,98,0,0.0,1,69,4,0.057971014492753624,1
BAH-P-1587,1,True,110,0,0.0,1,78,0,0.0,1,106,0,0.0,1,72,4,0.05555555555555555,1
BAH-P-1588,1,False,156,0,0.0,2,126,0,0.0,1,158,0,0.0,2,126,4,0.031746031746031744,1
BAH-P-1589,1,True,111,0,0.0,1,79,0,0.0,1,109,0,0.0,1,75,4,0.05333333333333334,1
BAH-P-1590,1,False,122,0,0.0,1,90,0,0.0,1,119,0,0.0,1,85,4,0.047058823529411764,1
BAH-P-1591,1,True,110,0,0.0,1,78,0,0.0,1,109,0,0.0,1,75,4,0.05333333333333334,1
BAH-P-1592,1,False,118,0,0.0,1,87,0,0.0,1,114,0,0.0,1,81,4,0.04938271604938271,1
BAH-P-1593,1,False,121,0,0.0,1,90,0,0.0,1,114,0,0.0,1,81,4,0.04938271604938271,1
BAH-P-1594,1,False,108,0,0.0,1,78,0,0.0,1,105,2,0.01904761904761905,1,74,6,0.08108108108108109,1
BAH-P-1595,1,True,124,0,0.0,1,92,0,0.0,1,119,2,0.01680672268907563,1,85,6,0.07058823529411765,1
BAH-P-1596,1,False,106,0,0.0,1,76,0,0.0,1,104,0,0.0,1,73,4,0.0547945205479452,1
BAH-P-1597,1,False,113,0,0.0,1,83,0,0.0,1,108,0,0.0,1,77,4,0.05194805194805195,1
BAH-P-1598,1,False,117,0,0.0,1,87,0,0.0,1,107,0,0.0,1,76,4,0.05263157894736842,1
BAH-P-1599,1,False,104,0,0.0,1,78,0,0.0,1,103,0,0.0,1,75,4,0.05333333333333334,1
BAH-P-1600,1,False,132,0,0.0,2,102,0,0.0,1,123,2,0.016260162601626018,1,92,6,0.06521739130434782,1
BAH-P-1601,1,False,108,0,0.0,1,76,0,0.0,1,103,0,0.0,1,69,4,0.057971014492753624,1
BAH-P-1602,1,True,102,0,0.0,1,72,0,0.0,1,98,2,0.02040816326530612,1,67,6,0.08955223880597014,1
BAH-P-1603,1,False,117,0,0.0,1,91,0,0.0,1,115,4,0.034782608695652174,1,87,8,0.09195402298850575,1
BAH-P-1604,1,False,114,0,0.0,1,88,0,0.0,1,112,2,0.017857142857142856,1,84,6,0.07142857142857142,1
BAH-P-1605,1,False,107,0,0.0,1,81,0,0.0,1,106,0,0.0,1,78,4,0.05128205128205128,1
BAH-P-1606,1,False,120,0,0.0,1,91,0,0.0,1,114,0,0.0,1,84,4,0.047619047619047616,1
BAH-P-1607,1,False,154,0,0.0,2,125,0,0.0,1,146,0,0.0,2,115,4,0.034782608695652174,1
BAH-P-1608,1,False,105,0,0.0,1,76,0,0.0,1,104,0,0.0,1,74,4,0.05405405405405406,1
BAH-P-1609,1,False,120,0,0.0,1,95,0,0.0,1,110,0,0.0,1,84,3,0.03571428571428571,1
BAH-P-1610,1,False,146,0,0.0,2,117,0,0.0,1,139,5,0.03597122302158273,2,109,9,0.08256880733944955,1
BAH-P-1611,1,False,127,0,0.0,1,102,0,0.0,1,124,0,0.0,1,99,3,0.030303030303030304,1
BAH-P-1612,1,False,121,0,0.0,1,92,0,0.0,1,114,4,0.03508771929824561,1,84,8,0.09523809523809523,1
BAH-P-1613,1,False,93,0,0.0,1,67,0,0.0,1,91,0,0.0,1,63,4,0.06349206349206349,1
BAH-P-1614,1,True,94,0,0.0,1,65,0,0.0,1,92,0,0.0,1,62,4,0.06451612903225806,1
BAH-P-1615,1,False,99,0,0.0,1,71,0,0.0,1,97,0,0.0,1,68,4,0.058823529411764705,1
BAH-P-1616,1,False,116,0,0.0,1,83,0,0.0,1,114,0,0.0,1,79,4,0.05063291139240506,1
BAH-P-1617,1,False,111,0,0.0,1,85,0,0.0,1,106,0,0.0,1,78,4,0.05128205128205128,1
BAH-P-1618,1,True,112,0,0.0,1,80,0,0.0,1,111,0,0.0,1,77,4,0.05194805194805195,1
BAH-P-1619,1,False,120,0,0.0,1,92,0,0.0,1,113,0,0.0,1,84,4,0.047619047619047616,1
BAH-P-1620,1,True,112,0,0.0,1,84,0,0.0,1,108,0,0.0,1,79,4,0.05063291139240506,1
BAH-P-1621,1,False,106,0,0.0,1,78,0,0.0,1,101,0,0.0,1,72,4,0.05555555555555555,1
BAH-P-1622,1,False,121,0,0.0,1,93,0,0.0,1,116,0,0.0,1,87,4,0.04597701149425287,1
BAH-P-1623,1,False,108,0,0.0,1,78,0,0.0,1,105,0,0.0,1,74,4,0.05405405405405406,1
BAH-P-1624,1,False,124,0,0.0,1,94,0,0.0,1,118,0,0.0,1,86,4,0.046511627906976744,1
BAH-P-1625,1,False,113,0,0.0,1,85,0,0.0,1,106,0,0.0,1,77,4,0.05194805194805195,1
BAH-P-1626,1,False,110,0,0.0,1,84,0,0.0,1,108,0,0.0,1,80,4,0.05,1
BAH-P-1627,1,False,147,0,0.0,2,119,0,0.0,1,144,0,0.0,2,115,4,0.034782608695652174,1
BAH-P-1628,1,False,116,0,0.0,1,86,0,0.0,1,112,2,0.017857142857142856,1,81,6,0.07407407407407407,1
BAH-P-1629,1,True,105,0,0.0,1,75,0,0.0,1,102,0,0.0,1,71,4,0.056338028169014086,1
BAH-P-1630,1,True,101,0,0.0,1,71,0,0.0,1,98,0,0.0,1,67,4,0.05970149253731343,1
BAH-P-1631,1,False,112,0,0.0,1,82,0,0.0,1,103,0,0.0,1,72,4,0.05555555555555555,1
BAH-P-1632,1,False,98,0,0.0,1,68,0,0.0,1,98,0,0.0,1,67,4,0.05970149253731343,1
BAH-P-1633,1,False,104,0,0.0,1,74,0,0.0,1,99,0,0.0,1,68,4,0.058823529411764705,1
BAH-P-1634,1,True,100,0,0.0,1,74,0,0.0,1,101,0,0.0,1,73,4,0.0547945205479452,1
BAH-P-1635,1,False,106,0,0.0,1,76,0,0.0,1,105,4,0.0380952380952381,1,74,8,0.10810810810810811,1
BAH-P-1636,1,False,125,0,0.0,1,96,0,0.0,1,116,0,0.0,1,85,4,0.047058823529411764,1
BAH-P-1637,1,False,206,0,0.0,2,170,0,0.0,2,199,0,0.0,2,161,3,0.018633540372670808,2
BAH-P-1638,1,False,100,0,0.0,1,71,0,0.0,1,98,0,0.0,1,68,4,0.058823529411764705,1
BAH-P-1639,1,True,107,0,0.0,1,77,0,0.0,1,99,0,0.0,1,68,4,0.058823529411764705,1
BAH-P-1640,1,False,104,0,0.0,1,75,0,0.0,1,102,0,0.0,1,72,4,0.05555555555555555,1
BAH-P-1641,1,False,159,0,0.0,2,129,0,0.0,2,147,0,0.0,2,116,4,0.034482758620689655,1
BAH-P-1642,1,False,115,0,0.0,1,89,0,0.0,1,117,3,0.02564102564102564,1,89,7,0.07865168539325842,1
BAH-P-1643,1,False,113,0,0.0,1,87,0,0.0,1,110,0,0.0,1,82,4,0.04878048780487805,1
BAH-P-1644,1,False,117,0,0.0,1,87,0,0.0,1,113,0,0.0,1,82,4,0.04878048780487805,1
BAH-P-1645,1,False,148,0,0.0,2,119,0,0.0,1,143,0,0.0,2,113,4,0.035398230088495575,1
BAH-P-1646,1,False,122,0,0.0,1,93,0,0.0,1,110,0,0.0,1,80,4,0.05,1
BAH-P-1647,1,False,124,0,0.0,1,98,0,0.0,1,115,4,0.034782608695652174,1,87,8,0.09195402298850575,1
BAH-P-1648,1,False,117,0,0.0,1,85,0,0.0,1,110,0,0.0,1,76,4,0.05263157894736842,1
BAH-P-1649,1,False,135,0,0.0,2,105,0,0.0,1,131,0,0.0,2,100,4,0.04,1
BAH-P-1650,1,False,119,0,0.0,1,89,0,0.0,1,111,2,0.018018018018018018,1,80,6,0.075,1
BAH-P-1651,1,True,111,0,0.0,1,79,0,0.0,1,110,0,0.0,1,76,4,0.05263157894736842,1
BAH-P-1652,1,True,131,0,0.0,2,99,0,0.0,1,127,0,0.0,1,93,4,0.043010752688172046,1
BAH-P-1653,1,False,79,0,0.0,1,54,0,0.0,1,81,0,0.0,1,54,3,0.05555555555555555,1
BAH-P-1654,1,False,145,0,0.0,2,113,0,0.0,1,129,0,0.0,2,95,4,0.042105263157894736,1
BAH-P-1655,1,False,124,0,0.0,1,94,0,0.0,1,118,4,0.03389830508474576,1,87,8,0.09195402298850575,1
BAH-P-1656,1,False,107,0,0.0,1,81,0,0.0,1,105,2,0.01904761904761905,1,77,6,0.07792207792207792,1
BAH-P-1657,1,True,111,0,0.0,1,79,0,0.0,1,109,0,0.0,1,75,4,0.05333333333333334,1
BAH-P-1658,1,False,123,0,0.0,1,91,0,0.0,1,118,2,0.01694915254237288,1,84,6,0.07142857142857142,1
BAH-P-1659,1,False,109,0,0.0,1,77,0,0.0,1,109,0,0.0,1,75,4,0.05333333333333334,1
BAH-P-1660,1,False,110,0,0.0,1,78,0,0.0,1,106,0,0.0,1,72,4,0.05555555555555555,1
BAH-P-1661,1,False,103,0,0.0,1,75,0,0.0,1,99,0,0.0,1,70,4,0.05714285714285714,1
BAH-P-1662,1,True,92,0,0.0,1,63,0,0.0,1,90,0,0.0,1,60,4,0.06666666666666667,1
BAH-P-1663,1,False,75,0,0.0,1,54,0,0.0,1,75,0,0.0,1,53,2,0.03773584905660377,1
BAH-P-1664,1,False,112,0,0.0,1,82,0,0.0,1,105,2,0.01904761904761905,1,74,6,0.08108108108108109,1
BAH-P-1665,1,True,108,0,0.0,1,76,0,0.0,1,106,0,0.0,1,72,4,0.05555555555555555,1
BAH-P-1666,1,False,107,0,0.0,1,77,0,0.0,1,104,0,0.0,1,73,4,0.0547945205479452,1
BAH-P-1667,1,False,114,0,0.0,1,82,0,0.0,1,112,0,0.0,1,78,4,0.05128205128205128,1
BAH-P-1668,1,False,124,0,0.0,1,92,0,0.0,1,125,0,0.0,1,91,4,0.04395604395604396,1
BAH-P-1669,1,False,112,0,0.0,1,80,0,0.0,1,109,0,0.0,1,75,4,0.05333333333333334,1
BAH-P-1670,1,False,109,0,0.0,1,77,0,0.0,1,108,0,0.0,1,74,4,0.05405405405405406,1
BAH-P-1671,1,True,108,0,0.0,1,78,0,0.0,1,100,0,0.0,1,69,4,0.057971014492753624,1
BAH-P-1672,1,False,101,0,0.0,1,75,0,0.0,1,100,0,0.0,1,72,4,0.05555555555555555,1
BAH-P-1673,1,True,101,0,0.0,1,71,0,0.0,1,98,0,0.0,1,67,4,0.05970149253731343,1
BAH-P-1674,1,False,117,0,0.0,1,91,0,0.0,1,116,0,0.0,1,88,4,0.045454545454545456,1
BAH-P-1675,1,False,112,0,0.0,1,91,0,0.0,1,109,0,0.0,1,87,2,0.022988505747126436,1
BAH-P-1676,1,False,115,0,0.0,1,89,0,0.0,1,111,0,0.0,1,83,4,0.04819277108433735,1
BAH-P-1677,1,False,115,0,0.0,1,85,0,0.0,1,115,0,0.0,1,84,4,0.047619047619047616,1
BAH-P-1678,1,False,105,0,0.0,1,79,0,0.0,1,100,0,0.0,1,74,3,0.04054054054054054,1
BAH-P-1679,1,False,115,0,0.0,1,85,0,0.0,1,107,0,0.0,1,76,4,0.05263157894736842,1
BAH-P-1680,1,False,117,0,0.0,1,87,0,0.0,1,114,0,0.0,1,83,4,0.04819277108433735,1
BAH-P-1681,1,False,97,0,0.0,1,72,0,0.0,1,83,0,0.0,1,57,3,0.05263157894736842,1
BAH-P-1682,1,True,106,0,0.0,1,78,0,0.0,1,103,0,0.0,1,74,4,0.05405405405405406,1
BAH-P-1683,1,False,133,0,0.0,2,103,0,0.0,1,125,2,0.016,1,94,6,0.06382978723404255,1
BAH-P-1684,1,False,111,0,0.0,1,81,0,0.0,1,97,0,0.0,1,66,4,0.06060606060606061,1
BAH-P-1685,1,True,110,0,0.0,1,82,0,0.0,1,105,0,0.0,1,76,4,0.05263157894736842,1
BAH-P-1686,1,False,97,0,0.0,1,67,0,0.0,1,97,0,0.0,1,67,2,0.029850746268656716,1
BAH-P-1687,1,True,105,0,0.0,1,75,0,0.0,1,102,0,0.0,1,71,4,0.056338028169014086,1
BAH-P-1688,1,True,104,0,0.0,1,76,0,0.0,1,101,0,0.0,1,72,4,0.05555555555555555,1
BAH-P-1689,1,False,113,0,0.0,1,83,0,0.0,1,109,0,0.0,1,78,4,0.05128205128205128,1
BAH-P-1690,1,False,88,0,0.0,1,62,0,0.0,1,84,0,0.0,1,58,3,0.05172413793103448,1
BAH-P-1691,1,False,134,0,0.0,2,108,0,0.0,1,131,6,0.04580152671755725,2,103,10,0.0970873786407767,1
BAH-P-1692,1,False,109,0,0.0,1,79,0,0.0,1,106,0,0.0,1,75,4,0.05333333333333334,1
BAH-P-1693,1,False,112,0,0.0,1,84,0,0.0,1,107,0,0.0,1,78,3,0.038461538461538464,1
BAH-P-1694,1,False,114,0,0.0,1,82,0,0.0,1,112,0,0.0,1,78,4,0.05128205128205128,1
BAH-P-1695,1,False,112,0,0.0,1,80,0,0.0,1,108,0,0.0,1,74,4,0.05405405405405406,1
BAH-P-1696,1,False,139,0,0.0,2,113,0,0.0,1,134,2,0.014925373134328358,2,106,6,0.05660377358490566,1
BAH-P-1697,1,False,109,0,0.0,1,83,0,0.0,1,110,2,0.01818181818181818,1,82,6,0.07317073170731707,1
BAH-P-1698,1,False,119,0,0.0,1,93,0,0.0,1,119,2,0.01680672268907563,1,91,6,0.06593406593406594,1
BAH-P-1699,1,True,87,0,0.0,1,61,0,0.0,1,84,0,0.0,1,58,3,0.05172413793103448,1
BAH-P-1700,1,False,116,0,0.0,1,88,0,0.0,1,110,4,0.03636363636363636,1,81,8,0.09876543209876543,1
BAH-P-1701,1,False,100,0,0.0,1,70,0,0.0,1,94,0,0.0,1,63,4,0.06349206349206349,1
BAH-P-1702,1,False,113,0,0.0,1,91,0,0.0,1,107,2,0.018691588785046728,1,84,5,0.05952380952380952,1
BAH-P-1703,1,False,118,0,0.0,1,88,0,0.0,1,108,0,0.0,1,77,4,0.05194805194805195,1
BAH-P-1704,1,False,92,0,0.0,1,63,0,0.0,1,89,0,0.0,1,59,4,0.06779661016949153,1
BAH-P-1705,1,False,109,0,0.0,1,79,0,0.0,1,100,0,0.0,1,69,4,0.057971014492753624,1
BAH-P-1706,1,False,121,0,0.0,1,91,0,0.0,1,110,0,0.0,1,79,4,0.05063291139240506,1
BAH-P-1707,1,False,99,0,0.0,1,71,0,0.0,1,99,0,0.0,1,69,4,0.057971014492753624,1
BAH-P-1708,1,True,117,0,0.0,1,91,0,0.0,1,113,0,0.0,1,85,4,0.047058823529411764,1
BAH-P-1709,1,False,120,0,0.0,1,94,0,0.0,1,114,0,0.0,1,86,4,0.046511627906976744,1
BAH-P-1710,1,False,112,0,0.0,1,91,0,0.0,1,113,0,0.0,1,91,2,0.02197802197802198,1
BAH-P-1711,1,False,123,0,0.0,1,93,0,0.0,1,124,2,0.016129032258064516,1,93,6,0.06451612903225806,1
BAH-P-1712,1,True,115,0,0.0,1,89,0,0.0,1,113,0,0.0,1,85,4,0.047058823529411764,1
BAH-P-1713,1,True,109,0,0.0,1,77,0,0.0,1,108,0,0.0,1,74,4,0.05405405405405406,1
BAH-P-1714,1,False,119,0,0.0,1,87,0,0.0,1,117,0,0.0,1,83,4,0.04819277108433735,1
BAH-P-1715,1,False,164,0,0.0,2,132,0,0.0,2,154,0,0.0,2,120,4,0.03333333333333333,1
BAH-P-1716,1,False,151,0,0.0,2,122,0,0.0,1,145,0,0.0,2,115,4,0.034782608695652174,1
BAH-P-1717,1,False,112,0,0.0,1,84,0,0.0,1,107,0,0.0,1,78,3,0.038461538461538464,1
BAH-P-1718,1,False,133,0,0.0,2,101,0,0.0,1,126,1,0.007936507936507936,1,92,5,0.05434782608695652,1
BAH-P-1719,1,False,110,0,0.0,1,78,0,0.0,1,110,0,0.0,1,76,4,0.05263157894736842,1
BAH-P-1720,1,False,116,0,0.0,1,84,0,0.0,1,114,0,0.0,1,80,4,0.05,1
BAH-P-1721,1,False,114,0,0.0,1,82,0,0.0,1,111,0,0.0,1,77,4,0.05194805194805195,1
BAH-P-1722,1,False,117,0,0.0,1,91,0,0.0,1,115,0,0.0,1,87,4,0.04597701149425287,1
BAH-P-1723,1,False,119,0,0.0,1,87,0,0.0,1,112,0,0.0,1,78,4,0.05128205128205128,1
BAH-P-1724,1,False,130,0,0.0,2,101,0,0.0,1,127,0,0.0,1,97,4,0.041237113402061855,1
BAH-P-1725,1,False,100,0,0.0,1,71,0,0.0,1,98,0,0.0,1,68,4,0.058823529411764705,1
BAH-P-1726,1,False,134,0,0.0,2,105,0,0.0,1,125,0,0.0,1,95,4,0.042105263157894736,1
BAH-P-1727,1,False,118,0,0.0,1,89,0,0.0,1,106,0,0.0,1,76,4,0.05263157894736842,1
BAH-P-1728,1,True,104,0,0.0,1,75,0,0.0,1,104,0,0.0,1,74,4,0.05405405405405406,1
BAH-P-1729,1,True,121,0,0.0,1,95,0,0.0,1,119,0,0.0,1,91,4,0.04395604395604396,1
BAH-P-1730,1,True,103,0,0.0,1,77,0,0.0,1,100,0,0.0,1,72,4,0.05555555555555555,1
BAH-P-1731,1,False,113,0,0.0,1,83,0,0.0,1,110,2,0.01818181818181818,1,79,6,0.0759493670886076,1
BAH-P-1732,1,False,98,0,0.0,1,70,0,0.0,1,96,0,0.0,1,66,4,0.06060606060606061,1
BAH-P-1733,1,True,103,0,0.0,1,75,0,0.0,1,104,0,0.0,1,74,4,0.05405405405405406,1
BAH-P-1734,1,False,94,0,0.0,1,66,0,0.0,1,92,2,0.021739130434782608,1,62,6,0.0967741935483871,1
BAH-P-1735,1,False,99,0,0.0,1,73,0,0.0,1,96,2,0.020833333333333332,1,70,5,0.07142857142857142,1
BAH-P-1736,1,False,140,0,0.0,2,110,0,0.0,1,135,6,0.044444444444444446,2,104,10,0.09615384615384616,1
BAH-P-1737,1,False,123,0,0.0,1,97,0,0.0,1,125,0,0.0,1,97,4,0.041237113402061855,1
BAH-P-1738,1,True,120,0,0.0,1,94,0,0.0,1,119,0,0.0,1,91,4,0.04395604395604396,1
BAH-P-1739,1,True,96,0,0.0,1,66,0,0.0,1,95,0,0.0,1,64,4,0.0625,1
BAH-P-1740,1,False,116,0,0.0,1,86,0,0.0,1,111,2,0.018018018018018018,1,80,6,0.075,1
BAH-P-1741,1,False,119,0,0.0,1,93,0,0.0,1,117,0,0.0,1,89,4,0.0449438202247191,1
BAH-P-1742,1,False,119,0,0.0,1,93,0,0.0,1,112,0,0.0,1,84,4,0.047619047619047616,1
BAH-P-1743,1,False,113,0,0.0,1,87,0,0.0,1,110,2,0.01818181818181818,1,82,6,0.07317073170731707,1
BAH-P-1744,1,False,110,0,0.0,1,82,0,0.0,1,109,0,0.0,1,79,4,0.05063291139240506,1
BAH-P-1745,1,False,109,0,0.0,1,79,0,0.0,1,109,2,0.01834862385321101,1,78,6,0.07692307692307693,1
BAH-P-1746,1,False,117,0,0.0,1,90,0,0.0,1,112,0,0.0,1,83,4,0.04819277108433735,1
BAH-P-1747,1,False,97,0,0.0,1,70,0,0.0,1,98,0,0.0,1,69,4,0.057971014492753624,1
BAH-P-1748,1,False,107,0,0.0,1,78,0,0.0,1,105,0,0.0,1,75,4,0.05333333333333334,1
BAH-P-1749,1,False,103,0,0.0,1,76,0,0.0,1,101,2,0.019801980198019802,1,72,6,0.08333333333333333,1
BAH-P-1750,1,False,158,0,0.0,2,128,0,0.0,1,157,4,0.025477707006369428,2,126,8,0.06349206349206349,1
BAH-P-1751,1,False,296,0,0.0,3,261,0,0.0,3,286,0,0.0,3,251,2,0.00796812749003984,2
BAH-P-1752,1,False,111,0,0.0,1,79,0,0.0,1,110,0,0.0,1,76,4,0.05263157894736842,1
BAH-P-1753,1,False,116,0,0.0,1,86,0,0.0,1,115,2,0.017391304347826087,1,84,6,0.07142857142857142,1
BAH-P-1754,1,False,104,0,0.0,1,78,0,0.0,1,104,0,0.0,1,76,4,0.05263157894736842,1
BAH-P-1755,1,True,105,0,0.0,1,79,0,0.0,1,103,0,0.0,1,75,4,0.05333333333333334,1
BAH-P-1756,1,True,111,0,0.0,1,85,0,0.0,1,108,0,0.0,1,80,4,0.05,1
BAH-P-1757,2,False,94,0,0.0,1,66,0,0.0,1,85,0,0.0,1,56,4,0.07142857142857142,1
BAH-P-1758,2,False,93,0,0.0,1,67,0,0.0,1,91,0,0.0,1,63,4,0.06349206349206349,1
BAH-P-1759,2,False,159,0,0.0,2,129,0,0.0,2,148,1,0.006756756756756757,2,117,5,0.042735042735042736,1
BAH-P-1760,2,False,99,0,0.0,1,71,0,0.0,1,96,0,0.0,1,67,4,0.05970149253731343,1
BAH-P-1761,2,True,106,0,0.0,1,80,0,0.0,1,106,2,0.018867924528301886,1,78,6,0.07692307692307693,1
BAH-P-1762,2,False,121,0,0.0,1,94,0,0.0,1,116,0,0.0,1,87,4,0.04597701149425287,1
BAH-P-1763,2,False,121,0,0.0,1,93,0,0.0,1,111,2,0.018018018018018018,1,82,6,0.07317073170731707,1
BAH-P-1764,2,True,102,0,0.0,1,74,0,0.0,1,97,2,0.020618556701030927,1,68,6,0.08823529411764706,1
BAH-P-1765,2,False,124,0,0.0,1,96,0,0.0,1,111,0,0.0,1,82,4,0.04878048780487805,1
BAH-P-1766,2,False,108,0,0.0,1,80,0,0.0,1,103,0,0.0,1,74,4,0.05405405405405406,1
BAH-P-1767,2,False,117,0,0.0,1,85,0,0.0,1,114,0,0.0,1,80,4,0.05,1
BAH-P-1768,2,True,96,0,0.0,1,67,0,0.0,1,94,0,0.0,1,64,4,0.0625,1
BAH-P-1769,2,False,137,0,0.0,2,111,0,0.0,1,126,0,0.0,1,98,4,0.04081632653061224,1
BAH-P-1770,2,False,105,0,0.0,1,76,0,0.0,1,101,0,0.0,1,71,4,0.056338028169014086,1
BAH-P-1771,2,True,108,0,0.0,1,82,0,0.0,1,105,2,0.01904761904761905,1,77,6,0.07792207792207792,1
BAH-P-1772,2,False,117,0,0.0,1,95,0,0.0,1,108,2,0.018518518518518517,1,85,5,0.058823529411764705,1
BAH-P-1773,2,False,112,0,0.0,1,84,0,0.0,1,111,2,0.018018018018018018,1,81,6,0.07407407407407407,1
BAH-P-1774,2,False,124,0,0.0,1,98,0,0.0,1,122,0,0.0,1,94,4,0.0425531914893617,1
BAH-P-1775,2,False,205,0,0.0,2,172,0,0.0,2,199,10,0.05025125628140704,2,165,14,0.08484848484848485,2
BAH-P-1776,2,True,89,0,0.0,1,59,0,0.0,1,88,0,0.0,1,57,4,0.07017543859649122,1
BAH-P-1777,2,False,184,0,0.0,2,153,0,0.0,2,179,0,0.0,2,146,3,0.02054794520547945,2
BAH-P-1778,2,True,109,0,0.0,1,83,0,0.0,1,107,2,0.018691588785046728,1,79,6,0.0759493670886076,1
BAH-P-1779,2,False,123,0,0.0,1,97,0,0.0,1,117,2,0.017094017094017096,1,89,6,0.06741573033707865,1
BAH-P-1780,2,False,133,0,0.0,2,103,0,0.0,1,120,2,0.016666666666666666,1,89,6,0.06741573033707865,1
BAH-P-1781,2,False,103,0,0.0,1,75,0,0.0,1,99,0,0.0,1,70,4,0.05714285714285714,1
BAH-P-1782,2,False,166,0,0.0,2,138,0,0.0,2,153,10,0.06535947712418301,2,122,14,0.11475409836065574,1
BAH-P-1783,2,False,173,0,0.0,2,143,0,0.0,2,166,0,0.0,2,135,4,0.02962962962962963,2
BAH-P-1784,2,False,132,0,0.0,2,104,0,0.0,1,128,4,0.03125,1,99,8,0.08080808080808081,1
BAH-P-1785,2,True,100,0,0.0,1,70,0,0.0,1,98,0,0.0,1,67,4,0.05970149253731343,1
BAH-P-1786,2,False,102,0,0.0,1,74,0,0.0,1,99,0,0.0,1,70,4,0.05714285714285714,1
BAH-P-1787,2,False,117,0,0.0,1,87,0,0.0,1,111,0,0.0,1,79,4,0.05063291139240506,1
BAH-P-1788,2,False,130,0,0.0,2,100,0,0.0,1,129,2,0.015503875968992248,2,97,6,0.061855670103092786,1
BAH-P-1789,2,False,229,0,0.0,2,199,0,0.0,2,213,10,0.046948356807511735,2,182,14,0.07692307692307693,2
BAH-P-1790,2,False,200,0,0.0,2,169,0,0.0,2,195,10,0.05128205128205128,2,162,14,0.08641975308641975,2
BAH-P-1791,2,False,115,0,0.0,1,85,0,0.0,1,112,0,0.0,1,81,4,0.04938271604938271,1
BAH-P-1792,2,False,122,0,0.0,1,93,0,0.0,1,114,0,0.0,1,84,4,0.047619047619047616,1
BAH-P-1793,2,False,111,0,0.0,1,81,0,0.0,1,100,0,0.0,1,69,4,0.057971014492753624,1
BAH-P-1794,2,False,112,0,0.0,1,91,0,0.0,1,107,2,0.018691588785046728,1,84,6,0.07142857142857142,1
BAH-P-1795,2,False,133,0,0.0,2,101,0,0.0,1,121,0,0.0,1,87,4,0.04597701149425287,1
BAH-P-1796,2,False,127,0,0.0,1,100,0,0.0,1,123,2,0.016260162601626018,1,94,6,0.06382978723404255,1
BAH-P-1797,2,False,134,0,0.0,2,106,0,0.0,1,126,0,0.0,1,97,4,0.041237113402061855,1
BAH-P-1798,2,False,142,0,0.0,2,113,0,0.0,1,131,0,0.0,2,101,4,0.039603960396039604,1
BAH-P-1799,2,False,123,0,0.0,1,91,0,0.0,1,120,0,0.0,1,86,4,0.046511627906976744,1
BAH-P-1800,2,False,120,0,0.0,1,94,0,0.0,1,118,4,0.03389830508474576,1,90,8,0.08888888888888889,1
BAH-P-1801,2,False,122,0,0.0,1,95,0,0.0,1,121,4,0.03305785123966942,1,92,8,0.08695652173913043,1
BAH-P-1802,2,False,102,0,0.0,1,76,0,0.0,1,97,0,0.0,1,70,3,0.04285714285714286,1
BAH-P-1803,2,False,126,0,0.0,1,100,0,0.0,1,126,4,0.031746031746031744,1,98,8,0.08163265306122448,1
BAH-P-1804,2,False,115,0,0.0,1,87,0,0.0,1,111,0,0.0,1,82,4,0.04878048780487805,1
BAH-P-1805,2,False,96,0,0.0,1,67,0,0.0,1,95,0,0.0,1,65,4,0.06153846153846154,1
BAH-P-1806,2,False,109,0,0.0,1,81,0,0.0,1,101,0,0.0,1,72,4,0.05555555555555555,1
BAH-P-1807,2,False,114,0,0.0,1,86,0,0.0,1,109,0,0.0,1,80,4,0.05,1
BAH-P-1808,2,False,89,0,0.0,1,61,0,0.0,1,87,0,0.0,1,58,4,0.06896551724137931,1
BAH-P-1809,2,False,110,0,0.0,1,82,0,0.0,1,107,0,0.0,1,78,4,0.05128205128205128,1
BAH-P-1810,2,False,118,0,0.0,1,90,0,0.0,1,113,0,0.0,1,84,4,0.047619047619047616,1
BAH-P-1811,2,False,114,0,0.0,1,86,0,0.0,1,110,0,0.0,1,81,4,0.04938271604938271,1
BAH-P-1812,2,False,119,0,0.0,1,91,0,0.0,1,112,0,0.0,1,83,4,0.04819277108433735,1
BAH-P-1813,2,False,115,0,0.0,1,87,0,0.0,1,109,0,0.0,1,80,4,0.05,1
BAH-P-1814,2,False,107,0,0.0,1,79,0,0.0,1,103,0,0.0,1,74,4,0.05405405405405406,1
BAH-P-1815,2,False,139,0,0.0,2,111,0,0.0,1,129,2,0.015503875968992248,2,100,6,0.06,1
BAH-P-1816,2,False,114,0,0.0,1,86,0,0.0,1,111,0,0.0,1,82,4,0.04878048780487805,1
BAH-P-1817,2,False,131,0,0.0,2,103,0,0.0,1,125,2,0.016,1,96,6,0.0625,1
BAH-P-1818,2,False,128,0,0.0,1,100,0,0.0,1,119,2,0.01680672268907563,1,90,6,0.06666666666666667,1
BAH-P-1819,2,False,130,0,0.0,2,102,0,0.0,1,117,0,0.0,1,88,4,0.045454545454545456,1
BAH-P-1820,2,False,118,0,0.0,1,90,0,0.0,1,116,0,0.0,1,87,4,0.04597701149425287,1
BAH-P-1821,2,False,118,0,0.0,1,90,0,0.0,1,114,2,0.017543859649122806,1,85,6,0.07058823529411765,1
BAH-P-1822,2,False,105,0,0.0,1,77,0,0.0,1,99,0,0.0,1,70,4,0.05714285714285714,1
BAH-P-1823,2,False,132,0,0.0,2,101,0,0.0,1,126,2,0.015873015873015872,1,93,6,0.06451612903225806,1
BAH-P-1824,2,False,132,0,0.0,2,100,0,0.0,1,123,0,0.0,1,89,4,0.0449438202247191,1
BAH-P-1825,2,False,108,0,0.0,1,82,0,0.0,1,106,0,0.0,1,78,4,0.05128205128205128,1
BAH-P-1826,2,False,107,0,0.0,1,76,0,0.0,1,108,0,0.0,1,75,4,0.05333333333333334,1
BAH-P-1827,2,False,116,0,0.0,1,85,0,0.0,1,116,0,0.0,1,83,4,0.04819277108433735,1
BAH-P-1828,2,False,129,0,0.0,2,102,0,0.0,1,129,4,0.031007751937984496,2,100,8,0.08,1
BAH-P-1829,2,False,109,0,0.0,1,87,0,0.0,1,102,0,0.0,1,79,3,0.0379746835443038,1
BAH-P-1830,2,True,101,0,0.0,1,71,0,0.0,1,98,0,0.0,1,67,4,0.05970149253731343,1
BAH-P-1831,2,False,129,0,0.0,2,99,0,0.0,1,120,1,0.008333333333333333,1,89,5,0.056179775280898875,1
BAH-P-1832,2,False,96,0,0.0,1,66,0,0.0,1,95,0,0.0,1,64,4,0.0625,1
BAH-P-1833,2,False,118,0,0.0,1,86,0,0.0,1,114,0,0.0,1,80,4,0.05,1
BAH-P-1834,2,False,127,0,0.0,1,97,0,0.0,1,125,2,0.016,1,94,6,0.06382978723404255,1
BAH-P-1835,2,False,96,0,0.0,1,66,0,0.0,1,92,0,0.0,1,61,4,0.06557377049180328,1
BAH-P-1836,2,True,111,0,0.0,1,79,0,0.0,1,109,0,0.0,1,75,4,0.05333333333333334,1
BAH-P-1837,2,True,107,0,0.0,1,75,0,0.0,1,105,0,0.0,1,71,4,0.056338028169014086,1
BAH-P-1838,2,False,122,0,0.0,1,92,0,0.0,1,117,0,0.0,1,86,4,0.046511627906976744,1
BAH-P-1839,2,False,112,0,0.0,1,86,0,0.0,1,110,2,0.01818181818181818,1,82,6,0.07317073170731707,1
BAH-P-1840,2,False,106,0,0.0,1,80,0,0.0,1,106,2,0.018867924528301886,1,78,6,0.07692307692307693,1
BAH-P-1841,2,False,127,0,0.0,1,97,0,0.0,1,117,2,0.017094017094017096,1,86,6,0.06976744186046512,1
BAH-P-1842,2,False,109,0,0.0,1,79,0,0.0,1,103,0,0.0,1,72,4,0.05555555555555555,1
BAH-P-1843,2,False,130,0,0.0,2,106,0,0.0,1,126,2,0.015873015873015872,1,102,5,0.049019607843137254,1
BAH-P-1844,2,False,107,0,0.0,1,77,0,0.0,1,105,0,0.0,1,74,4,0.05405405405405406,1
BAH-P-1845,2,True,112,0,0.0,1,86,0,0.0,1,110,0,0.0,1,82,4,0.04878048780487805,1
BAH-P-1846,2,True,103,0,0.0,1,73,0,0.0,1,100,0,0.0,1,69,4,0.057971014492753624,1
BAH-P-1847,2,True,99,0,0.0,1,69,0,0.0,1,95,0,0.0,1,64,4,0.0625,1
BAH-P-1848,2,True,100,0,0.0,1,70,0,0.0,1,98,0,0.0,1,67,4,0.05970149253731343,1
BAH-P-1849,2,False,218,0,0.0,2,186,0,0.0,2,214,14,0.06542056074766354,2,180,17,0.09444444444444444,2
BAH-P-1850,2,True,110,0,0.0,1,80,0,0.0,1,108,2,0.018518518518518517,1,77,6,0.07792207792207792,1
BAH-P-1851,2,False,113,0,0.0,1,83,0,0.0,1,110,2,0.01818181818181818,1,79,6,0.0759493670886076,1
BAH-P-1852,2,False,118,0,0.0,1,88,0,0.0,1,112,2,0.017857142857142856,1,81,6,0.07407407407407407,1
BAH-P-1853,2,True,101,0,0.0,1,71,0,0.0,1,99,0,0.0,1,68,4,0.058823529411764705,1
BAH-P-1854,2,False,112,0,0.0,1,83,0,0.0,1,106,2,0.018867924528301886,1,76,6,0.07894736842105263,1
BAH-P-1855,2,False,128,0,0.0,1,98,0,0.0,1,122,2,0.01639344262295082,1,91,6,0.06593406593406594,1
BAH-P-1856,2,False,124,0,0.0,1,98,0,0.0,1,120,2,0.016666666666666666,1,92,6,0.06521739130434782,1
BAH-P-1857,2,True,94,0,0.0,1,65,0,0.0,1,92,0,0.0,1,62,4,0.06451612903225806,1
BAH-P-1858,2,False,108,0,0.0,1,79,0,0.0,1,103,0,0.0,1,73,4,0.0547945205479452,1
BAH-P-1859,2,False,110,0,0.0,1,81,0,0.0,1,108,4,0.037037037037037035,1,78,8,0.10256410256410256,1
BAH-P-1860,2,False,110,0,0.0,1,81,0,0.0,1,110,2,0.01818181818181818,1,80,6,0.075,1
BAH-P-1861,2,False,126,0,0.0,1,97,0,0.0,1,118,2,0.01694915254237288,1,88,6,0.06818181818181818,1
BAH-P-1862,2,False,109,0,0.0,1,83,0,0.0,1,110,0,0.0,1,82,4,0.04878048780487805,1
BAH-P-1863,2,False,115,0,0.0,1,89,0,0.0,1,116,0,0.0,1,88,4,0.045454545454545456,1
BAH-P-1864,2,False,111,0,0.0,1,85,0,0.0,1,109,2,0.01834862385321101,1,81,6,0.07407407407407407,1
BAH-P-1865,2,False,121,0,0.0,1,92,0,0.0,1,119,2,0.01680672268907563,1,89,6,0.06741573033707865,1
BAH-P-1866,2,True,122,0,0.0,1,92,0,0.0,1,113,0,0.0,1,82,4,0.04878048780487805,1
BAH-P-1867,2,False,103,0,0.0,1,77,0,0.0,1,101,0,0.0,1,73,4,0.0547945205479452,1
BAH-P-1868,2,True,112,0,0.0,1,82,0,0.0,1,107,0,0.0,1,76,4,0.05263157894736842,1
BAH-P-1869,2,True,105,0,0.0,1,75,0,0.0,1,102,0,0.0,1,71,4,0.056338028169014086,1
BAH-P-1870,2,False,128,0,0.0,1,96,0,0.0,1,126,0,0.0,1,92,4,0.043478260869565216,1
BAH-P-1871,2,True,101,0,0.0,1,71,0,0.0,1,98,0,0.0,1,67,4,0.05970149253731343,1
BAH-P-1872,2,False,116,0,0.0,1,86,0,0.0,1,111,0,0.0,1,80,4,0.05,1
BAH-P-1873,2,False,108,0,0.0,1,78,0,0.0,1,105,0,0.0,1,74,4,0.05405405405405406,1
BAH-P-1874,2,True,103,0,0.0,1,73,0,0.0,1,100,0,0.0,1,69,4,0.057971014492753624,1
BAH-P-1875,2,False,114,0,0.0,1,88,0,0.0,1,113,0,0.0,1,85,4,0.047058823529411764,1
BAH-P-1876,2,False,111,0,0.0,1,82,0,0.0,1,107,0,0.0,1,77,4,0.05194805194805195,1
BAH-P-1877,2,False,145,0,0.0,2,115,0,0.0,1,134,2,0.014925373134328358,2,103,6,0.05825242718446602,1
BAH-P-1878,2,False,96,0,0.0,1,79,0,0.0,1,103,2,0.019417475728155338,1,85,5,0.058823529411764705,1
BAH-P-1879,2,False,122,0,0.0,1,92,0,0.0,1,114,0,0.0,1,83,4,0.04819277108433735,1
BAH-P-1880,2,False,131,0,0.0,2,105,0,0.0,1,124,2,0.016129032258064516,1,96,6,0.0625,1
BAH-P-1881,2,False,101,0,0.0,1,71,0,0.0,1,100,0,0.0,1,69,4,0.057971014492753624,1
BAH-P-1882,2,False,119,0,0.0,1,93,0,0.0,1,112,0,0.0,1,84,4,0.047619047619047616,1
BAH-P-1883,2,False,110,0,0.0,1,84,0,0.0,1,110,0,0.0,1,82,4,0.04878048780487805,1
BAH-P-1884,2,True,109,0,0.0,1,83,0,0.0,1,106,0,0.0,1,78,4,0.05128205128205128,1
BAH-P-1885,2,False,107,0,0.0,1,81,0,0.0,1,105,0,0.0,1,77,4,0.05194805194805195,1
BAH-P-1886,2,False,133,0,0.0,2,107,0,0.0,1,129,4,0.031007751937984496,2,101,8,0.07920792079207921,1
BAH-P-1887,2,False,105,0,0.0,1,79,0,0.0,1,101,0,0.0,1,73,4,0.0547945205479452,1
BAH-P-1888,2,False,124,0,0.0,1,94,0,0.0,1,110,0,0.0,1,79,4,0.05063291139240506,1
BAH-P-1889,2,True,103,0,0.0,1,74,0,0.0,1,101,0,0.0,1,71,4,0.056338028169014086,1
BAH-P-1890,2,True,127,0,0.0,1,101,0,0.0,1,124,2,0.016129032258064516,1,96,6,0.0625,1
BAH-P-1891,2,False,110,0,0.0,1,84,0,0.0,1,107,0,0.0,1,79,4,0.05063291139240506,1
BAH-P-1892,2,False,114,0,0.0,1,84,0,0.0,1,110,2,0.01818181818181818,1,79,6,0.0759493670886076,1
BAH-P-1893,2,True,111,0,0.0,1,85,0,0.0,1,106,0,0.0,1,78,4,0.05128205128205128,1
BAH-P-1894,2,False,127,0,0.0,1,98,0,0.0,1,121,0,0.0,1,91,4,0.04395604395604396,1
BAH-P-1895,2,False,124,0,0.0,1,94,0,0.0,1,113,0,0.0,1,82,4,0.04878048780487805,1
BAH-P-1896,2,False,115,0,0.0,1,85,0,0.0,1,113,2,0.017699115044247787,1,82,6,0.07317073170731707,1
BAH-P-1897,2,False,112,0,0.0,1,82,0,0.0,1,108,2,0.018518518518518517,1,77,6,0.07792207792207792,1
BAH-P-1898,2,True,103,0,0.0,1,77,0,0.0,1,102,0,0.0,1,74,4,0.05405405405405406,1
BAH-P-1899,2,False,114,0,0.0,1,88,0,0.0,1,112,2,0.017857142857142856,1,84,6,0.07142857142857142,1
BAH-P-1900,2,False,102,0,0.0,1,76,0,0.0,1,101,0,0.0,1,73,4,0.0547945205479452,1
BAH-P-1901,2,True,115,0,0.0,1,89,0,0.0,1,112,0,0.0,1,84,4,0.047619047619047616,1
BAH-P-1902,2,False,121,0,0.0,1,95,0,0.0,1,115,0,0.0,1,87,4,0.04597701149425287,1
BAH-P-1903,2,True,116,0,0.0,1,90,0,0.0,1,116,0,0.0,1,88,4,0.045454545454545456,1
BAH-P-1904,2,False,129,0,0.0,2,103,0,0.0,1,127,6,0.047244094488188976,1,99,10,0.10101010101010101,1
BAH-P-1905,2,False,102,0,0.0,1,76,0,0.0,1,100,0,0.0,1,72,4,0.05555555555555555,1
BAH-P-1906,2,True,108,0,0.0,1,76,0,0.0,1,107,0,0.0,1,73,4,0.0547945205479452,1
BAH-P-1907,2,False,69,0,0.0,1,45,0,0.0,1,69,0,0.0,1,43,3,0.06976744186046512,1
BAH-P-1908,2,True,111,0,0.0,1,79,0,0.0,1,108,0,0.0,1,74,4,0.05405405405405406,1
BAH-P-1909,2,True,129,0,0.0,2,97,0,0.0,1,125,0,0.0,1,91,4,0.04395604395604396,1
BAH-P-1910,2,False,117,0,0.0,1,87,0,0.0,1,111,2,0.018018018018018018,1,80,6,0.075,1
BAH-P-1911,2,False,112,0,0.0,1,84,0,0.0,1,109,0,0.0,1,80,4,0.05,1
BAH-P-1912,2,False,120,0,0.0,1,88,0,0.0,1,116,0,0.0,1,82,4,0.04878048780487805,1
BAH-P-1913,2,True,115,0,0.0,1,89,0,0.0,1,111,2,0.018018018018018018,1,83,6,0.07228915662650602,1
BAH-P-1914,2,False,127,0,0.0,1,95,0,0.0,1,121,0,0.0,1,87,4,0.04597701149425287,1
BAH-P-1915,2,True,116,0,0.0,1,90,0,0.0,1,111,0,0.0,1,83,4,0.04819277108433735,1
BAH-P-1916,2,False,192,0,0.0,2,159,0,0.0,2,181,4,0.022099447513812154,2,147,7,0.047619047619047616,2
BAH-P-1917,2,False,102,0,0.0,1,73,0,0.0,1,97,0,0.0,1,67,4,0.05970149253731343,1
BAH-P-1918,2,False,100,0,0.0,1,71,0,0.0,1,100,2,0.02,1,70,6,0.08571428571428572,1
BAH-P-1919,2,False,143,0,0.0,2,114,0,0.0,1,126,0,0.0,1,96,4,0.041666666666666664,1
BAH-P-1920,2,False,112,0,0.0,1,86,0,0.0,1,108,0,0.0,1,80,4,0.05,1
BAH-P-1921,2,True,112,0,0.0,1,82,0,0.0,1,109,0,0.0,1,78,4,0.05128205128205128,1
BAH-P-1922,2,True,101,0,0.0,1,74,0,0.0,1,98,0,0.0,1,70,3,0.04285714285714286,1
BAH-P-1923,2,False,120,0,0.0,1,88,0,0.0,1,117,0,0.0,1,83,4,0.04819277108433735,1
BAH-P-1924,2,False,119,0,0.0,1,89,0,0.0,1,116,2,0.017241379310344827,1,85,6,0.07058823529411765,1
BAH-P-1925,2,True,101,0,0.0,1,71,0,0.0,1,99,0,0.0,1,68,4,0.058823529411764705,1
BAH-P-1926,2,False,121,0,0.0,1,89,0,0.0,1,116,2,0.017241379310344827,1,82,6,0.07317073170731707,1
BAH-P-1927,2,True,116,0,0.0,1,90,0,0.0,1,114,0,0.0,1,86,4,0.046511627906976744,1
BAH-P-1928,2,True,107,0,0.0,1,79,0,0.0,1,104,0,0.0,1,75,4,0.05333333333333334,1
BAH-P-1929,2,False,121,0,0.0,1,95,0,0.0,1,116,0,0.0,1,88,4,0.045454545454545456,1
BAH-P-1930,2,True,116,0,0.0,1,87,0,0.0,1,109,0,0.0,1,79,4,0.05063291139240506,1
BAH-P-1931,2,False,121,0,0.0,1,89,0,0.0,1,116,0,0.0,1,82,4,0.04878048780487805,1
BAH-P-1932,2,False,108,0,0.0,1,76,0,0.0,1,105,0,0.0,1,71,4,0.056338028169014086,1
BAH-P-1933,2,False,149,0,0.0,2,120,0,0.0,1,143,2,0.013986013986013986,2,113,6,0.05309734513274336,1
BAH-P-1934,2,False,111,0,0.0,1,82,0,0.0,1,109,0,0.0,1,79,4,0.05063291139240506,1
BAH-P-1935,2,False,169,0,0.0,2,136,0,0.0,2,165,8,0.048484848484848485,2,131,11,0.08396946564885496,2
BAH-P-1936,2,False,98,0,0.0,1,68,0,0.0,1,94,0,0.0,1,63,4,0.06349206349206349,1
BAH-P-1937,2,False,109,0,0.0,1,79,0,0.0,1,106,2,0.018867924528301886,1,75,6,0.08,1
BAH-P-1938,2,False,107,0,0.0,1,77,0,0.0,1,102,0,0.0,1,71,4,0.056338028169014086,1
BAH-P-1939,2,False,113,0,0.0,1,84,0,0.0,1,109,0,0.0,1,79,4,0.05063291139240506,1
BAH-P-1940,2,False,95,0,0.0,1,67,0,0.0,1,93,0,0.0,1,64,4,0.0625,1
BAH-P-1941,2,False,110,0,0.0,1,84,0,0.0,1,107,0,0.0,1,79,4,0.05063291139240506,1
BAH-P-1942,2,False,112,0,0.0,1,86,0,0.0,1,113,0,0.0,1,85,4,0.047058823529411764,1
BAH-P-1943,2,False,106,0,0.0,1,76,0,0.0,1,103,0,0.0,1,72,4,0.05555555555555555,1
BAH-P-1944,2,True,96,0,0.0,1,66,0,0.0,1,93,0,0.0,1,62,4,0.06451612903225806,1
BAH-P-1945,2,False,116,0,0.0,1,90,0,0.0,1,111,0,0.0,1,83,4,0.04819277108433735,1
BAH-P-1946,2,False,106,0,0.0,1,76,0,0.0,1,105,0,0.0,1,74,4,0.05405405405405406,1
BAH-P-1947,2,True,113,0,0.0,1,87,0,0.0,1,113,0,0.0,1,85,4,0.047058823529411764,1
BAH-P-1948,2,False,115,0,0.0,1,86,0,0.0,1,112,0,0.0,1,82,4,0.04878048780487805,1
BAH-P-1949,2,False,108,0,0.0,1,80,0,0.0,1,103,0,0.0,1,73,4,0.0547945205479452,1
BAH-P-1950,2,False,106,0,0.0,1,77,0,0.0,1,104,0,0.0,1,74,4,0.05405405405405406,1
BAH-P-1951,2,False,111,0,0.0,1,81,0,0.0,1,108,0,0.0,1,77,4,0.05194805194805195,1
BAH-P-1952,2,False,111,0,0.0,1,81,0,0.0,1,107,2,0.018691588785046728,1,76,6,0.07894736842105263,1
BAH-P-1953,2,False,111,0,0.0,1,81,0,0.0,1,108,0,0.0,1,77,4,0.05194805194805195,1
BAH-P-1954,2,False,104,0,0.0,1,74,0,0.0,1,101,0,0.0,1,70,4,0.05714285714285714,1
BAH-P-1955,2,False,127,0,0.0,1,95,0,0.0,1,121,0,0.0,1,87,4,0.04597701149425287,1
BAH-P-1956,2,False,106,0,0.0,1,76,0,0.0,1,102,0,0.0,1,71,4,0.056338028169014086,1
BAH-P-1957,2,False,146,0,0.0,2,114,0,0.0,1,141,1,0.0070921985815602835,2,107,5,0.04672897196261682,1
BAH-P-1958,2,False,108,0,0.0,1,76,0,0.0,1,104,0,0.0,1,70,4,0.05714285714285714,1
BAH-P-1959,2,False,175,0,0.0,2,145,0,0.0,2,165,8,0.048484848484848485,2,133,11,0.08270676691729323,2
BAH-P-1960,2,False,99,0,0.0,1,71,0,0.0,1,97,2,0.020618556701030927,1,67,6,0.08955223880597014,1
BAH-P-1961,2,False,132,0,0.0,2,101,0,0.0,1,119,0,0.0,1,86,4,0.046511627906976744,1
BAH-P-1962,2,False,96,0,0.0,1,68,0,0.0,1,97,0,0.0,1,67,4,0.05970149253731343,1
BAH-P-1963,2,True,99,0,0.0,1,71,0,0.0,1,98,2,0.02040816326530612,1,68,6,0.08823529411764706,1
BAH-P-1964,2,False,100,0,0.0,1,72,0,0.0,1,100,0,0.0,1,70,4,0.05714285714285714,1
BAH-P-1965,2,False,93,0,0.0,1,65,0,0.0,1,92,0,0.0,1,62,4,0.06451612903225806,1
BAH-P-1966,2,True,106,0,0.0,1,76,0,0.0,1,101,0,0.0,1,70,4,0.05714285714285714,1
BAH-P-1967,2,False,114,0,0.0,1,84,0,0.0,1,110,0,0.0,1,79,4,0.05063291139240506,1
BAH-P-1968,2,False,127,0,0.0,1,101,0,0.0,1,126,2,0.015873015873015872,1,98,6,0.061224489795918366,1
BAH-P-1969,2,False,110,0,0.0,1,84,0,0.0,1,110,0,0.0,1,82,4,0.04878048780487805,1
BAH-P-1970,2,False,121,0,0.0,1,95,0,0.0,1,116,0,0.0,1,88,4,0.045454545454545456,1
BAH-P-1971,2,False,115,0,0.0,1,87,0,0.0,1,111,0,0.0,1,81,4,0.04938271604938271,1
BAH-P-1972,2,False,109,0,0.0,1,81,0,0.0,1,111,4,0.036036036036036036,1,81,8,0.09876543209876543,1
BAH-P-1973,2,False,93,0,0.0,1,65,0,0.0,1,91,0,0.0,1,61,4,0.06557377049180328,1
BAH-P-1974,2,False,107,0,0.0,1,79,0,0.0,1,106,2,0.018867924528301886,1,76,6,0.07894736842105263,1
BAH-P-1975,2,False,104,0,0.0,1,75,0,0.0,1,103,0,0.0,1,73,4,0.0547945205479452,1
BAH-P-1976,2,True,98,0,0.0,1,70,0,0.0,1,95,0,0.0,1,65,4,0.06153846153846154,1
BAH-P-1977,2,False,101,0,0.0,1,73,0,0.0,1,99,0,0.0,1,69,4,0.057971014492753624,1
BAH-P-1978,2,True,98,0,0.0,1,70,0,0.0,1,95,0,0.0,1,65,4,0.06153846153846154,1
BAH-P-1979,2,False,114,0,0.0,1,85,0,0.0,1,109,0,0.0,1,79,4,0.05063291139240506,1
BAH-P-1980,2,True,102,0,0.0,1,70,0,0.0,1,102,0,0.0,1,68,4,0.058823529411764705,1
BAH-P-1981,2,False,93,0,0.0,1,66,0,0.0,1,93,0,0.0,1,64,4,0.0625,1
BAH-P-1982,2,True,104,0,0.0,1,78,0,0.0,1,100,0,0.0,1,72,4,0.05555555555555555,1
BAH-P-1983,2,False,123,0,0.0,1,102,0,0.0,1,120,0,0.0,1,97,4,0.041237113402061855,1
BAH-P-1984,2,False,108,0,0.0,1,81,0,0.0,1,107,2,0.018691588785046728,1,78,6,0.07692307692307693,1
BAH-P-1985,2,False,104,0,0.0,1,74,0,0.0,1,98,0,0.0,1,67,4,0.05970149253731343,1
BAH-P-1986,2,True,106,0,0.0,1,80,0,0.0,1,104,0,0.0,1,76,4,0.05263157894736842,1
BAH-P-1987,2,False,138,0,0.0,2,108,0,0.0,1,132,0,0.0,2,101,4,0.039603960396039604,1
BAH-P-1988,2,False,104,0,0.0,1,78,0,0.0,1,103,0,0.0,1,75,4,0.05333333333333334,1
BAH-P-1989,2,True,108,0,0.0,1,82,0,0.0,1,104,0,0.0,1,76,4,0.05263157894736842,1
BAH-P-1990,2,False,104,0,0.0,1,78,0,0.0,1,104,0,0.0,1,76,4,0.05263157894736842,1
BAH-P-1991,2,False,105,0,0.0,1,79,0,0.0,1,102,0,0.0,1,74,4,0.05405405405405406,1
BAH-P-1992,2,False,105,0,0.0,1,79,0,0.0,1,104,0,0.0,1,76,4,0.05263157894736842,1
BAH-P-1993,2,True,103,0,0.0,1,77,0,0.0,1,100,0,0.0,1,72,4,0.05555555555555555,1
BAH-P-1994,2,True,111,0,0.0,1,81,0,0.0,1,107,0,0.0,1,76,4,0.05263157894736842,1
BAH-P-1995,2,False,113,0,0.0,1,83,0,0.0,1,111,2,0.018018018018018018,1,80,6,0.075,1
BAH-P-1996,2,False,121,0,0.0,1,91,0,0.0,1,112,2,0.017857142857142856,1,81,6,0.07407407407407407,1
BAH-P-1997,2,False,132,0,0.0,2,102,0,0.0,1,125,2,0.016,1,94,6,0.06382978723404255,1
BAH-P-1998,2,False,175,0,0.0,2,141,0,0.0,2,171,0,0.0,2,136,3,0.022058823529411766,2
BAH-P-1999,2,False,114,0,0.0,1,84,0,0.0,1,112,0,0.0,1,81,4,0.04938271604938271,1
BAH-P-2000,2,True,107,0,0.0,1,81,0,0.0,1,106,0,0.0,1,78,4,0.05128205128205128,1
BAH-P-2001,2,False,117,0,0.0,1,87,0,0.0,1,115,0,0.0,1,84,4,0.047619047619047616,1
BAH-P-2002,2,True,112,0,0.0,1,86,0,0.0,1,111,0,0.0,1,83,4,0.04819277108433735,1
BAH-P-2003,2,True,108,0,0.0,1,82,0,0.0,1,107,2,0.018691588785046728,1,79,6,0.0759493670886076,1
BAH-P-2004,2,False,93,0,0.0,1,65,0,0.0,1,92,0,0.0,1,62,4,0.06451612903225806,1
BAH-P-2005,2,False,123,0,0.0,1,95,0,0.0,1,120,0,0.0,1,90,4,0.044444444444444446,1
BAH-P-2006,2,False,108,0,0.0,1,80,0,0.0,1,107,2,0.018691588785046728,1,77,6,0.07792207792207792,1
BAH-P-2007,2,True,93,0,0.0,1,65,0,0.0,1,93,0,0.0,1,63,4,0.06349206349206349,1
BAH-P-2008,2,False,112,0,0.0,1,82,0,0.0,1,109,2,0.01834862385321101,1,78,6,0.07692307692307693,1
BAH-P-2009,2,False,97,0,0.0,1,69,0,0.0,1,96,0,0.0,1,66,4,0.06060606060606061,1
BAH-P-2010,2,False,121,0,0.0,1,93,0,0.0,1,114,0,0.0,1,84,4,0.047619047619047616,1
BAH-P-2011,2,False,93,0,0.0,1,65,0,0.0,1,91,0,0.0,1,61,4,0.06557377049180328,1
BAH-P-2012,2,False,117,0,0.0,1,89,0,0.0,1,113,2,0.017699115044247787,1,83,6,0.07228915662650602,1
BAH-P-2013,2,False,94,0,0.0,1,66,0,0.0,1,91,0,0.0,1,61,4,0.06557377049180328,1
BAH-P-2014,2,False,102,0,0.0,1,74,0,0.0,1,102,0,0.0,1,72,4,0.05555555555555555,1
BAH-P-2015,2,False,105,0,0.0,1,77,0,0.0,1,105,2,0.01904761904761905,1,75,6,0.08,1
BAH-P-2016,2,False,105,0,0.0,1,77,0,0.0,1,100,0,0.0,1,70,4,0.05714285714285714,1
BAH-P-2017,2,False,97,0,0.0,1,69,0,0.0,1,97,0,0.0,1,67,4,0.05970149253731343,1
BAH-P-2018,2,False,106,0,0.0,1,80,0,0.0,1,104,2,0.019230769230769232,1,76,6,0.07894736842105263,1
BAH-P-2019,2,False,95,0,0.0,1,73,0,0.0,1,91,0,0.0,1,68,3,0.04411764705882353,1
BAH-P-2020,2,False,127,0,0.0,1,101,0,0.0,1,125,4,0.032,1,97,8,0.08247422680412371,1
BAH-P-2021,2,False,108,0,0.0,1,76,0,0.0,1,108,0,0.0,1,74,4,0.05405405405405406,1
BAH-P-2022,2,False,106,0,0.0,1,80,0,0.0,1,104,0,0.0,1,76,4,0.05263157894736842,1
BAH-P-2023,2,True,115,0,0.0,1,83,0,0.0,1,113,0,0.0,1,79,4,0.05063291139240506,1
BAH-P-2024,2,False,112,0,0.0,1,86,0,0.0,1,110,0,0.0,1,82,4,0.04878048780487805,1
BAH-P-2025,2,False,97,0,0.0,1,68,0,0.0,1,95,0,0.0,1,65,4,0.06153846153846154,1
BAH-P-2026,2,False,197,0,0.0,2,164,0,0.0,2,188,14,0.07446808510638298,2,154,17,0.11038961038961038,2
BAH-P-2027,2,False,156,0,0.0,2,127,0,0.0,1,150,0,0.0,2,120,4,0.03333333333333333,1
BAH-P-2028,2,False,97,0,0.0,1,68,0,0.0,1,95,0,0.0,1,65,4,0.06153846153846154,1
BAH-P-2029,2,False,113,0,0.0,1,84,0,0.0,1,111,4,0.036036036036036036,1,81,8,0.09876543209876543,1
BAH-P-2030,2,True,96,0,0.0,1,68,0,0.0,1,95,0,0.0,1,65,4,0.06153846153846154,1
BAH-P-2031,2,False,94,0,0.0,1,63,0,0.0,1,92,0,0.0,1,60,3,0.05,1
BAH-P-2032,2,False,162,0,0.0,2,133,0,0.0,2,157,1,0.006369426751592357,2,127,5,0.03937007874015748,1
BAH-P-2033,2,False,96,0,0.0,1,69,0,0.0,1,93,0,0.0,1,64,4,0.0625,1
BAH-P-2034,2,False,106,0,0.0,1,80,0,0.0,1,109,2,0.01834862385321101,1,81,6,0.07407407407407407,1
BAH-P-2035,2,False,78,0,0.0,1,51,0,0.0,1,78,0,0.0,1,49,4,0.08163265306122448,1
BAH-P-2036,2,False,117,0,0.0,1,89,0,0.0,1,111,0,0.0,1,82,4,0.04878048780487805,1
BAH-P-2037,2,False,108,0,0.0,1,76,0,0.0,1,107,0,0.0,1,73,4,0.0547945205479452,1
BAH-P-2038,2,False,126,0,0.0,1,100,0,0.0,1,123,0,0.0,1,95,4,0.042105263157894736,1
BAH-P-2039,2,False,122,0,0.0,1,96,0,0.0,1,121,4,0.03305785123966942,1,93,8,0.08602150537634409,1
BAH-P-2040,2,True,104,0,0.0,1,78,0,0.0,1,102,0,0.0,1,74,4,0.05405405405405406,1
BAH-P-2041,2,False,138,0,0.0,2,112,0,0.0,1,133,2,0.015037593984962405,2,105,6,0.05714285714285714,1
BAH-P-2042,2,True,105,0,0.0,1,79,0,0.0,1,103,0,0.0,1,75,4,0.05333333333333334,1
BAH-P-2043,2,False,119,0,0.0,1,91,0,0.0,1,114,0,0.0,1,85,4,0.047058823529411764,1
BAH-P-2044,2,False,111,0,0.0,1,81,0,0.0,1,107,0,0.0,1,76,4,0.05263157894736842,1
BAH-P-2045,2,True,108,0,0.0,1,82,0,0.0,1,104,0,0.0,1,76,4,0.05263157894736842,1
BAH-P-2046,2,True,105,0,0.0,1,79,0,0.0,1,103,0,0.0,1,75,4,0.05333333333333334,1
BAH-P-2047,2,False,139,0,0.0,2,113,0,0.0,1,131,2,0.015267175572519083,2,103,6,0.05825242718446602,1
BAH-P-2048,2,True,117,0,0.0,1,85,0,0.0,1,115,0,0.0,1,81,4,0.04938271604938271,1
BAH-P-2049,2,False,121,0,0.0,1,89,0,0.0,1,114,0,0.0,1,80,4,0.05,1
BAH-P-2050,2,False,123,0,0.0,1,91,0,0.0,1,117,0,0.0,1,83,4,0.04819277108433735,1
BAH-P-2051,2,False,116,0,0.0,1,90,0,0.0,1,114,0,0.0,1,86,4,0.046511627906976744,1
BAH-P-2052,2,False,108,0,0.0,1,82,0,0.0,1,105,0,0.0,1,77,4,0.05194805194805195,1
BAH-P-2053,2,False,117,0,0.0,1,85,0,0.0,1,117,0,0.0,1,83,4,0.04819277108433735,1
BAH-P-2054,2,False,112,0,0.0,1,86,0,0.0,1,106,0,0.0,1,78,4,0.05128205128205128,1
BAH-P-2055,2,True,123,0,0.0,1,91,0,0.0,1,118,0,0.0,1,84,4,0.047619047619047616,1
BAH-P-2056,2,True,112,0,0.0,1,80,0,0.0,1,110,0,0.0,1,76,4,0.05263157894736842,1
BAH-P-2057,2,False,148,0,0.0,2,116,0,0.0,1,148,0,0.0,2,114,4,0.03508771929824561,1
BAH-P-2058,2,False,95,0,0.0,1,67,0,0.0,1,95,0,0.0,1,65,4,0.06153846153846154,1
BAH-P-2059,2,False,101,0,0.0,1,73,0,0.0,1,99,0,0.0,1,69,4,0.057971014492753624,1
BAH-P-2060,2,False,119,0,0.0,1,91,0,0.0,1,118,2,0.01694915254237288,1,88,6,0.06818181818181818,1
BAH-P-2061,2,False,110,0,0.0,1,83,0,0.0,1,111,0,0.0,1,82,4,0.04878048780487805,1
BAH-P-2062,2,False,118,0,0.0,1,90,0,0.0,1,114,4,0.03508771929824561,1,84,8,0.09523809523809523,1
BAH-P-2063,2,True,104,0,0.0,1,76,0,0.0,1,103,0,0.0,1,73,4,0.0547945205479452,1
BAH-P-2064,2,False,217,0,0.0,2,187,0,0.0,2,203,10,0.04926108374384237,2,171,13,0.07602339181286549,2
BAH-P-2065,2,True,105,0,0.0,1,79,0,0.0,1,103,0,0.0,1,75,4,0.05333333333333334,1
BAH-P-2066,2,False,113,0,0.0,1,86,0,0.0,1,112,2,0.017857142857142856,1,83,6,0.07228915662650602,1
BAH-P-2067,2,False,100,0,0.0,1,73,0,0.0,1,99,0,0.0,1,70,4,0.05714285714285714,1
BAH-P-2068,2,False,94,0,0.0,1,67,0,0.0,1,92,0,0.0,1,63,4,0.06349206349206349,1
BAH-P-2069,2,False,106,0,0.0,1,76,0,0.0,1,101,0,0.0,1,70,4,0.05714285714285714,1
BAH-P-2070,2,False,102,0,0.0,1,72,0,0.0,1,100,0,0.0,1,69,4,0.057971014492753624,1
BAH-P-2071,2,True,108,0,0.0,1,78,0,0.0,1,104,0,0.0,1,73,4,0.0547945205479452,1
BAH-P-2072,2,True,99,0,0.0,1,69,0,0.0,1,97,0,0.0,1,66,4,0.06060606060606061,1
BAH-P-2073,2,True,110,0,0.0,1,78,0,0.0,1,108,0,0.0,1,74,4,0.05405405405405406,1
BAH-P-2074,2,False,139,0,0.0,2,107,0,0.0,1,130,0,0.0,2,96,4,0.041666666666666664,1
BAH-P-2075,2,False,120,0,0.0,1,88,0,0.0,1,117,0,0.0,1,83,4,0.04819277108433735,1
BAH-P-2076,2,False,103,0,0.0,1,76,0,0.0,1,98,0,0.0,1,70,3,0.04285714285714286,1
BAH-P-2077,2,False,138,0,0.0,2,106,0,0.0,1,130,0,0.0,2,96,4,0.041666666666666664,1
BAH-P-2078,2,True,114,0,0.0,1,88,0,0.0,1,112,2,0.017857142857142856,1,84,6,0.07142857142857142,1
BAH-P-2079,2,False,102,0,0.0,1,74,0,0.0,1,100,2,0.02,1,70,6,0.08571428571428572,1
BAH-P-2080,2,False,112,0,0.0,1,86,0,0.0,1,110,2,0.01818181818181818,1,82,6,0.07317073170731707,1
BAH-P-2081,2,False,119,0,0.0,1,93,0,0.0,1,117,2,0.017094017094017096,1,89,6,0.06741573033707865,1
BAH-P-2082,2,False,110,0,0.0,1,80,0,0.0,1,105,0,0.0,1,74,4,0.05405405405405406,1
BAH-P-2083,2,False,103,0,0.0,1,73,0,0.0,1,101,0,0.0,1,70,4,0.05714285714285714,1
BAH-P-2084,2,True,118,0,0.0,1,92,0,0.0,1,114,2,0.017543859649122806,1,86,6,0.06976744186046512,1
BAH-P-2085,2,False,105,0,0.0,1,77,0,0.0,1,100,0,0.0,1,71,3,0.04225352112676056,1
BAH-P-2086,2,False,104,0,0.0,1,76,0,0.0,1,102,0,0.0,1,72,4,0.05555555555555555,1
BAH-P-2087,2,False,106,0,0.0,1,78,0,0.0,1,103,2,0.019417475728155338,1,73,6,0.0821917808219178,1
BAH-P-2088,2,True,117,0,0.0,1,85,0,0.0,1,115,0,0.0,1,81,4,0.04938271604938271,1
BAH-P-2089,2,False,94,0,0.0,1,66,0,0.0,1,92,0,0.0,1,62,4,0.06451612903225806,1
BAH-P-2090,2,True,94,0,0.0,1,66,0,0.0,1,93,0,0.0,1,63,4,0.06349206349206349,1
BAH-P-2091,2,False,93,0,0.0,1,65,0,0.0,1,90,0,0.0,1,60,4,0.06666666666666667,1
BAH-P-2092,2,False,105,0,0.0,1,78,0,0.0,1,103,0,0.0,1,74,4,0.05405405405405406,1
BAH-P-2093,2,False,191,0,0.0,2,159,0,0.0,2,185,8,0.043243243243243246,2,151,11,0.0728476821192053,2
BAH-P-2094,2,False,117,0,0.0,1,85,0,0.0,1,115,6,0.05217391304347826,1,81,9,0.1111111111111111,1
BAH-P-2095,2,False,110,0,0.0,1,83,0,0.0,1,99,0,0.0,1,70,4,0.05714285714285714,1
BAH-P-2096,2,False,127,0,0.0,1,101,0,0.0,1,121,0,0.0,1,93,4,0.043010752688172046,1
BAH-P-2097,2,False,122,0,0.0,1,90,0,0.0,1,125,0,0.0,1,91,4,0.04395604395604396,1
BAH-P-2098,2,False,120,0,0.0,1,90,0,0.0,1,116,0,0.0,1,85,4,0.047058823529411764,1
BAH-P-2099,2,False,124,0,0.0,1,94,0,0.0,1,121,2,0.01652892561983471,1,90,6,0.06666666666666667,1
BAH-P-2100,2,False,128,0,0.0,1,102,0,0.0,1,120,2,0.016666666666666666,1,92,6,0.06521739130434782,1
BAH-P-2101,2,True,105,0,0.0,1,79,0,0.0,1,103,0,0.0,1,75,4,0.05333333333333334,1
BAH-P-2102,2,False,98,0,0.0,1,64,0,0.0,1,94,1,0.010638297872340425,1,59,4,0.06779661016949153,1
BAH-P-2103,2,False,108,0,0.0,1,82,0,0.0,1,106,0,0.0,1,78,4,0.05128205128205128,1
BAH-P-2104,2,False,123,0,0.0,1,93,0,0.0,1,119,2,0.01680672268907563,1,88,6,0.06818181818181818,1
BAH-P-2105,2,True,101,0,0.0,1,71,0,0.0,1,98,0,0.0,1,67,4,0.05970149253731343,1
BAH-P-2106,2,False,113,0,0.0,1,83,0,0.0,1,112,0,0.0,1,81,4,0.04938271604938271,1
BAH-P-2107,2,False,113,0,0.0,1,87,0,0.0,1,111,2,0.018018018018018018,1,83,6,0.07228915662650602,1
BAH-P-2108,2,True,105,0,0.0,1,79,0,0.0,1,103,0,0.0,1,75,4,0.05333333333333334,1
BAH-P-2109,2,True,102,0,0.0,1,76,0,0.0,1,100,0,0.0,1,72,4,0.05555555555555555,1
BAH-P-2110,2,False,208,0,0.0,2,176,0,0.0,2,192,12,0.0625,2,158,15,0.0949367088607595,2
BAH-P-2111,2,True,97,0,0.0,1,69,0,0.0,1,97,0,0.0,1,67,4,0.05970149253731343,1
BAH-P-2112,2,False,111,0,0.0,1,83,0,0.0,1,108,2,0.018518518518518517,1,78,6,0.07692307692307693,1
BAH-P-2113,2,False,105,0,0.0,1,77,0,0.0,1,104,2,0.019230769230769232,1,74,6,0.08108108108108109,1
BAH-P-2114,2,False,108,0,0.0,1,80,0,0.0,1,108,0,0.0,1,78,4,0.05128205128205128,1
BAH-P-2115,2,False,226,0,0.0,2,192,0,0.0,2,215,0,0.0,2,180,3,0.016666666666666666,2
BAH-P-2116,2,False,118,0,0.0,1,88,0,0.0,1,114,0,0.0,1,83,4,0.04819277108433735,1
BAH-P-2117,2,False,108,0,0.0,1,78,0,0.0,1,101,0,0.0,1,70,4,0.05714285714285714,1
BAH-P-2118,2,True,107,0,0.0,1,77,0,0.0,1,103,0,0.0,1,72,4,0.05555555555555555,1
BAH-P-2119,2,True,130,0,0.0,2,98,0,0.0,1,124,0,0.0,1,90,4,0.044444444444444446,1
BAH-P-2120,2,True,126,0,0.0,1,96,0,0.0,1,120,2,0.016666666666666666,1,89,6,0.06741573033707865,1
BAH-P-2121,2,False,116,0,0.0,1,90,0,0.0,1,112,0,0.0,1,84,4,0.047619047619047616,1
BAH-P-2122,2,False,116,0,0.0,1,84,0,0.0,1,114,0,0.0,1,80,4,0.05,1
BAH-P-2123,2,True,115,0,0.0,1,89,0,0.0,1,113,0,0.0,1,85,4,0.047058823529411764,1
BAH-P-2124,2,False,79,0,0.0,1,53,0,0.0,1,74,2,0.02702702702702703,1,47,5,0.10638297872340426,1
BAH-P-2125,2,True,102,0,0.0,1,76,0,0.0,1,100,0,0.0,1,72,4,0.05555555555555555,1
BAH-P-2126,2,True,133,0,0.0,2,100,0,0.0,1,127,0,0.0,1,94,4,0.0425531914893617,1
BAH-P-2127,2,False,112,0,0.0,1,86,0,0.0,1,112,2,0.017857142857142856,1,84,6,0.07142857142857142,1
BAH-P-2128,2,False,114,0,0.0,1,82,0,0.0,1,110,0,0.0,1,77,4,0.05194805194805195,1
BAH-P-2129,2,True,111,0,0.0,1,85,0,0.0,1,109,0,0.0,1,81,4,0.04938271604938271,1
BAH-P-2130,2,False,115,0,0.0,1,88,0,0.0,1,110,2,0.01818181818181818,1,81,6,0.07407407407407407,1
BAH-P-2131,2,False,96,0,0.0,1,66,0,0.0,1,95,0,0.0,1,64,4,0.0625,1
BAH-P-2132,2,False,110,0,0.0,1,84,0,0.0,1,110,0,0.0,1,82,4,0.04878048780487805,1
BAH-P-2133,2,False,99,0,0.0,1,73,0,0.0,1,97,0,0.0,1,69,4,0.057971014492753624,1
BAH-P-2134,2,False,119,0,0.0,1,93,0,0.0,1,118,4,0.03389830508474576,1,90,8,0.08888888888888889,1
BAH-P-2135,2,True,111,0,0.0,1,81,0,0.0,1,106,0,0.0,1,75,4,0.05333333333333334,1
BAH-P-2136,2,False,110,0,0.0,1,80,0,0.0,1,106,0,0.0,1,75,4,0.05333333333333334,1
BAH-P-2137,2,False,124,0,0.0,1,92,0,0.0,1,123,0,0.0,1,89,4,0.0449438202247191,1
BAH-P-2138,2,False,121,0,0.0,1,89,0,0.0,1,116,0,0.0,1,82,4,0.04878048780487805,1
BAH-P-2139,2,True,101,0,0.0,1,75,0,0.0,1,99,0,0.0,1,71,4,0.056338028169014086,1
BAH-P-2140,2,False,169,0,0.0,2,144,0,0.0,2,169,4,0.023668639053254437,2,142,7,0.04929577464788732,2
BAH-P-2141,2,False,114,0,0.0,1,88,0,0.0,1,109,0,0.0,1,81,4,0.04938271604938271,1
BAH-P-2142,2,True,103,0,0.0,1,77,0,0.0,1,102,0,0.0,1,74,4,0.05405405405405406,1
BAH-P-2143,2,False,129,0,0.0,2,103,0,0.0,1,124,0,0.0,1,96,4,0.041666666666666664,1
BAH-P-2144,2,True,131,0,0.0,2,105,0,0.0,1,129,6,0.046511627906976744,2,101,10,0.09900990099009901,1
BAH-P-2145,2,False,96,0,0.0,1,67,0,0.0,1,94,0,0.0,1,64,4,0.0625,1
BAH-P-2146,2,False,196,0,0.0,2,165,0,0.0,2,194,8,0.041237113402061855,2,161,11,0.06832298136645963,2
BAH-P-2147,2,True,109,0,0.0,1,83,0,0.0,1,104,0,0.0,1,76,4,0.05263157894736842,1
BAH-P-2148,2,False,115,0,0.0,1,87,0,0.0,1,114,4,0.03508771929824561,1,84,8,0.09523809523809523,1
BAH-P-2149,2,False,117,0,0.0,1,87,0,0.0,1,113,0,0.0,1,82,4,0.04878048780487805,1
BAH-P-2150,2,False,126,0,0.0,1,99,0,0.0,1,118,2,0.01694915254237288,1,89,6,0.06741573033707865,1
BAH-P-2151,2,False,115,0,0.0,1,85,0,0.0,1,111,0,0.0,1,80,4,0.05,1
BAH-P-2152,2,False,117,0,0.0,1,87,0,0.0,1,114,0,0.0,1,83,4,0.04819277108433735,1
BAH-P-2153,2,True,122,0,0.0,1,90,0,0.0,1,118,0,0.0,1,84,4,0.047619047619047616,1
BAH-P-2154,2,False,114,0,0.0,1,82,0,0.0,1,112,0,0.0,1,78,4,0.05128205128205128,1
BAH-P-2155,2,True,107,0,0.0,1,81,0,0.0,1,106,0,0.0,1,78,4,0.05128205128205128,1
BAH-P-2156,2,True,101,0,0.0,1,69,0,0.0,1,102,0,0.0,1,68,4,0.058823529411764705,1
BAH-P-2157,2,False,109,0,0.0,1,83,0,0.0,1,103,0,0.0,1,75,4,0.05333333333333334,1
BAH-P-2158,2,True,109,0,0.0,1,83,0,0.0,1,109,0,0.0,1,81,4,0.04938271604938271,1
BAH-P-2159,2,False,118,0,0.0,1,92,0,0.0,1,116,2,0.017241379310344827,1,88,6,0.06818181818181818,1
BAH-P-2160,2,False,97,0,0.0,1,69,0,0.0,1,94,0,0.0,1,65,4,0.06153846153846154,1
BAH-P-2161,2,False,114,0,0.0,1,85,0,0.0,1,112,0,0.0,1,82,4,0.04878048780487805,1
BAH-P-2162,2,True,110,0,0.0,1,82,0,0.0,1,106,0,0.0,1,77,4,0.05194805194805195,1
BAH-P-2163,2,False,100,0,0.0,1,71,0,0.0,1,97,0,0.0,1,67,4,0.05970149253731343,1
BAH-P-2164,2,False,105,0,0.0,1,76,0,0.0,1,101,0,0.0,1,71,4,0.056338028169014086,1
BAH-P-2165,2,False,127,0,0.0,1,98,0,0.0,1,116,2,0.017241379310344827,1,86,6,0.06976744186046512,1
BAH-P-2166,2,False,118,0,0.0,1,89,0,0.0,1,117,0,0.0,1,87,4,0.04597701149425287,1
BAH-P-2167,2,False,104,0,0.0,1,75,0,0.0,1,102,2,0.0196078431372549,1,72,6,0.08333333333333333,1
BAH-P-2168,2,False,109,0,0.0,1,80,0,0.0,1,102,0,0.0,1,72,4,0.05555555555555555,1
BAH-P-2169,2,False,102,0,0.0,1,73,0,0.0,1,100,0,0.0,1,70,4,0.05714285714285714,1
BAH-P-2170,2,False,127,0,0.0,1,97,0,0.0,1,119,0,0.0,1,88,4,0.045454545454545456,1
BAH-P-2171,2,False,103,0,0.0,1,73,0,0.0,1,100,0,0.0,1,69,4,0.057971014492753624,1
BAH-P-2172,2,False,102,0,0.0,1,72,0,0.0,1,95,0,0.0,1,64,4,0.0625,1
BAH-P-2173,2,True,101,0,0.0,1,71,0,0.0,1,98,0,0.0,1,67,4,0.05970149253731343,1
BAH-P-2174,2,True,103,0,0.0,1,73,0,0.0,1,99,0,0.0,1,68,4,0.058823529411764705,1
BAH-P-2175,2,True,115,0,0.0,1,85,0,0.0,1,112,0,0.0,1,81,4,0.04938271604938271,1
BAH-P-2176,2,False,133,0,0.0,2,103,0,0.0,1,121,6,0.049586776859504134,1,90,10,0.1111111111111111,1
BAH-P-2177,2,True,101,0,0.0,1,71,0,0.0,1,98,0,0.0,1,67,4,0.05970149253731343,1
BAH-P-2178,2,True,113,0,0.0,1,83,0,0.0,1,109,2,0.01834862385321101,1,78,6,0.07692307692307693,1
BAH-P-2179,2,False,107,0,0.0,1,80,0,0.0,1,105,4,0.0380952380952381,1,76,8,0.10526315789473684,1
BAH-P-2180,2,False,117,0,0.0,1,85,0,0.0,1,117,0,0.0,1,83,4,0.04819277108433735,1
BAH-P-2181,2,True,121,0,0.0,1,89,0,0.0,1,113,0,0.0,1,79,4,0.05063291139240506,1
BAH-P-2182,2,False,86,0,0.0,1,57,0,0.0,1,85,0,0.0,1,55,4,0.07272727272727272,1
BAH-P-2183,2,True,112,0,0.0,1,80,0,0.0,1,109,0,0.0,1,75,4,0.05333333333333334,1
BAH-P-2184,2,True,122,0,0.0,1,93,0,0.0,1,111,0,0.0,1,81,4,0.04938271604938271,1
BAH-P-2185,2,True,93,0,0.0,1,64,0,0.0,1,91,0,0.0,1,61,4,0.06557377049180328,1
BAH-P-2186,2,False,112,0,0.0,1,84,0,0.0,1,100,0,0.0,1,71,3,0.04225352112676056,1
BAH-P-2187,2,False,113,0,0.0,1,81,0,0.0,1,112,0,0.0,1,78,4,0.05128205128205128,1
BAH-P-2188,2,False,108,0,0.0,1,79,0,0.0,1,99,0,0.0,1,69,4,0.057971014492753624,1
BAH-P-2189,2,True,92,0,0.0,1,63,0,0.0,1,91,0,0.0,1,61,4,0.06557377049180328,1
BAH-P-2190,2,False,109,0,0.0,1,80,0,0.0,1,105,0,0.0,1,75,4,0.05333333333333334,1
BAH-P-2191,2,False,92,0,0.0,1,64,0,0.0,1,90,0,0.0,1,60,4,0.06666666666666667,1
BAH-P-2192,2,False,98,0,0.0,1,70,0,0.0,1,98,0,0.0,1,68,4,0.058823529411764705,1
BAH-P-2193,2,False,121,0,0.0,1,92,0,0.0,1,114,0,0.0,1,84,4,0.047619047619047616,1
BAH-P-2194,2,False,123,0,0.0,1,93,0,0.0,1,116,0,0.0,1,85,4,0.047058823529411764,1
BAH-P-2195,2,True,113,0,0.0,1,83,0,0.0,1,111,0,0.0,1,80,4,0.05,1
BAH-P-2196,2,False,120,0,0.0,1,92,0,0.0,1,114,0,0.0,1,85,4,0.047058823529411764,1
BAH-P-2197,2,False,113,0,0.0,1,84,0,0.0,1,109,2,0.01834862385321101,1,79,6,0.0759493670886076,1
BAH-P-2198,2,False,158,0,0.0,2,132,0,0.0,2,150,8,0.05333333333333334,2,122,12,0.09836065573770492,1
BAH-P-2199,2,False,108,0,0.0,1,78,0,0.0,1,106,0,0.0,1,75,4,0.05333333333333334,1
BAH-P-2200,2,False,104,0,0.0,1,74,0,0.0,1,102,0,0.0,1,71,4,0.056338028169014086,1
BAH-P-2201,2,False,120,0,0.0,1,94,0,0.0,1,116,0,0.0,1,88,4,0.045454545454545456,1
BAH-P-2202,2,False,117,0,0.0,1,85,0,0.0,1,110,0,0.0,1,76,4,0.05263157894736842,1
BAH-P-2203,2,True,118,0,0.0,1,86,0,0.0,1,113,0,0.0,1,79,4,0.05063291139240506,1
BAH-P-2204,2,True,112,0,0.0,1,80,0,0.0,1,112,0,0.0,1,78,4,0.05128205128205128,1
BAH-P-2205,2,False,123,0,0.0,1,91,0,0.0,1,116,0,0.0,1,82,4,0.04878048780487805,1
BAH-P-2206,2,False,113,0,0.0,1,84,0,0.0,1,107,0,0.0,1,77,4,0.05194805194805195,1
BAH-P-2207,2,False,107,0,0.0,1,75,0,0.0,1,104,0,0.0,1,70,4,0.05714285714285714,1
BAH-P-2208,2,True,100,0,0.0,1,74,0,0.0,1,99,0,0.0,1,71,4,0.056338028169014086,1
BAH-P-2209,2,False,108,0,0.0,1,82,0,0.0,1,106,0,0.0,1,78,4,0.05128205128205128,1
BAH-P-2210,2,False,107,0,0.0,1,81,0,0.0,1,105,0,0.0,1,77,4,0.05194805194805195,1
BAH-P-2211,2,True,105,0,0.0,1,79,0,0.0,1,103,0,0.0,1,75,4,0.05333333333333334,1
BAH-P-2212,2,True,101,0,0.0,1,75,0,0.0,1,100,0,0.0,1,72,4,0.05555555555555555,1
BAH-P-2213,2,False,107,0,0.0,1,77,0,0.0,1,103,0,0.0,1,72,4,0.05555555555555555,1
BAH-P-2214,2,False,93,0,0.0,1,64,0,0.0,1,93,0,0.0,1,63,4,0.06349206349206349,1
BAH-P-2215,2,False,123,0,0.0,1,96,0,0.0,1,112,2,0.017857142857142856,1,83,6,0.07228915662650602,1
BAH-P-2216,2,False,104,0,0.0,1,77,0,0.0,1,104,0,0.0,1,75,4,0.05333333333333334,1
BAH-P-2217,2,False,200,0,0.0,2,169,0,0.0,2,189,8,0.042328042328042326,2,156,11,0.07051282051282051,2
BAH-P-2218,2,True,104,0,0.0,1,75,0,0.0,1,103,0,0.0,1,73,4,0.0547945205479452,1
BAH-P-2219,2,False,95,0,0.0,1,68,0,0.0,1,98,2,0.02040816326530612,1,69,6,0.08695652173913043,1
BAH-P-2220,2,False,135,0,0.0,2,105,0,0.0,1,130,0,0.0,2,99,4,0.04040404040404041,1
BAH-P-2221,2,False,100,0,0.0,1,73,0,0.0,1,98,2,0.02040816326530612,1,69,6,0.08695652173913043,1
BAH-P-2222,2,False,100,0,0.0,1,73,0,0.0,1,98,0,0.0,1,69,4,0.057971014492753624,1
BAH-P-2223,2,False,120,0,0.0,1,93,0,0.0,1,120,2,0.016666666666666666,1,91,6,0.06593406593406594,1
BAH-P-2224,2,False,92,0,0.0,1,65,0,0.0,1,93,0,0.0,1,64,4,0.0625,1
BAH-P-2225,2,False,123,0,0.0,1,93,0,0.0,1,116,0,0.0,1,85,4,0.047058823529411764,1
BAH-P-2226,2,True,103,0,0.0,1,73,0,0.0,1,100,0,0.0,1,69,4,0.057971014492753624,1
BAH-P-2227,2,False,132,0,0.0,2,102,0,0.0,1,122,1,0.00819672131147541,1,91,5,0.054945054945054944,1
BAH-P-2228,2,True,108,0,0.0,1,82,0,0.0,1,106,0,0.0,1,78,4,0.05128205128205128,1
BAH-P-2229,2,True,105,0,0.0,1,79,0,0.0,1,103,0,0.0,1,75,4,0.05333333333333334,1
BAH-P-2230,2,False,115,0,0.0,1,89,0,0.0,1,113,0,0.0,1,85,4,0.047058823529411764,1
BAH-P-2231,2,True,121,0,0.0,1,89,0,0.0,1,119,0,0.0,1,85,4,0.047058823529411764,1
BAH-P-2232,2,False,111,0,0.0,1,85,0,0.0,1,106,0,0.0,1,78,4,0.05128205128205128,1
BAH-P-2233,2,False,200,0,0.0,2,170,0,0.0,2,195,8,0.041025641025641026,2,163,11,0.06748466257668712,2
BAH-P-2234,2,False,86,0,0.0,1,62,0,0.0,1,83,4,0.04819277108433735,1,57,7,0.12280701754385964,1
BAH-P-2235,2,False,119,0,0.0,1,87,0,0.0,1,111,0,0.0,1,77,4,0.05194805194805195,1
BAH-P-2236,2,False,125,0,0.0,1,93,0,0.0,1,123,0,0.0,1,89,4,0.0449438202247191,1
BAH-P-2237,2,True,111,0,0.0,1,79,0,0.0,1,109,0,0.0,1,75,4,0.05333333333333334,1
BAH-P-2238,2,False,251,0,0.0,2,193,0,0.0,2,240,16,0.06666666666666667,2,180,15,0.08333333333333333,2
BAH-P-2239,2,False,118,0,0.0,1,88,0,0.0,1,110,0,0.0,1,79,4,0.05063291139240506,1
BAH-P-2240,2,False,126,0,0.0,1,100,0,0.0,1,120,0,0.0,1,92,4,0.043478260869565216,1
BAH-P-2241,2,False,180,0,0.0,2,148,0,0.0,2,177,12,0.06779661016949153,2,143,15,0.1048951048951049,2
BAH-P-2242,2,False,133,0,0.0,2,107,0,0.0,1,127,0,0.0,1,99,4,0.04040404040404041,1
BAH-P-2243,2,False,92,0,0.0,1,64,0,0.0,1,90,0,0.0,1,60,4,0.06666666666666667,1
BAH-P-2244,2,False,109,0,0.0,1,80,0,0.0,1,105,0,0.0,1,75,4,0.05333333333333334,1
BAH-P-2245,2,False,121,0,0.0,1,93,0,0.0,1,117,0,0.0,1,87,4,0.04597701149425287,1
BAH-P-2246,2,False,113,0,0.0,1,84,0,0.0,1,109,2,0.01834862385321101,1,79,6,0.0759493670886076,1
BAH-P-2247,2,False,143,0,0.0,2,116,0,0.0,1,146,0,0.0,2,117,4,0.03418803418803419,1
BAH-P-2248,2,False,104,0,0.0,1,77,0,0.0,1,103,0,0.0,1,74,4,0.05405405405405406,1
BAH-P-2249,2,False,120,0,0.0,1,90,0,0.0,1,119,2,0.01680672268907563,1,88,6,0.06818181818181818,1
BAH-P-2250,2,False,105,0,0.0,1,79,0,0.0,1,105,0,0.0,1,77,4,0.05194805194805195,1
BAH-P-2251,2,False,145,0,0.0,2,119,0,0.0,1,138,6,0.043478260869565216,2,110,10,0.09090909090909091,1
BAH-P-2252,2,True,118,0,0.0,1,92,0,0.0,1,115,0,0.0,1,87,4,0.04597701149425287,1
BAH-P-2253,2,False,89,0,0.0,1,67,0,0.0,1,82,0,0.0,1,59,3,0.05084745762711865,1
BAH-P-2254,2,True,102,0,0.0,1,76,0,0.0,1,99,0,0.0,1,71,4,0.056338028169014086,1
BAH-P-2255,2,False,200,0,0.0,2,170,0,0.0,2,200,10,0.05,2,168,13,0.07738095238095238,2
BAH-P-2256,2,False,108,0,0.0,1,82,0,0.0,1,104,0,0.0,1,76,4,0.05263157894736842,1
BAH-P-2257,2,False,125,0,0.0,1,96,0,0.0,1,123,4,0.032520325203252036,1,93,8,0.08602150537634409,1
BAH-P-2258,2,True,120,0,0.0,1,91,0,0.0,1,117,2,0.017094017094017096,1,87,6,0.06896551724137931,1
BAH-P-2259,2,True,102,0,0.0,1,75,0,0.0,1,105,0,0.0,1,76,4,0.05263157894736842,1
BAH-P-2260,2,False,103,0,0.0,1,74,0,0.0,1,102,0,0.0,1,72,4,0.05555555555555555,1
BAH-P-2261,2,False,116,0,0.0,1,84,0,0.0,1,115,0,0.0,1,81,4,0.04938271604938271,1
BAH-P-2262,2,True,113,0,0.0,1,86,0,0.0,1,109,0,0.0,1,80,4,0.05,1
BAH-P-2263,2,False,112,0,0.0,1,85,0,0.0,1,111,0,0.0,1,82,4,0.04878048780487805,1
BAH-P-2264,2,False,147,0,0.0,2,121,0,0.0,1,146,4,0.0273972602739726,2,118,8,0.06779661016949153,1
BAH-P-2265,2,False,120,0,0.0,1,93,0,0.0,1,121,2,0.01652892561983471,1,92,6,0.06521739130434782,1
BAH-P-2266,2,False,102,0,0.0,1,72,0,0.0,1,100,0,0.0,1,69,4,0.057971014492753624,1
BAH-P-2267,2,False,111,0,0.0,1,79,0,0.0,1,109,0,0.0,1,75,4,0.05333333333333334,1
BAH-P-2268,2,False,104,0,0.0,1,74,0,0.0,1,99,0,0.0,1,68,4,0.058823529411764705,1
BAH-P-2269,2,False,115,0,0.0,1,89,0,0.0,1,109,2,0.01834862385321101,1,81,6,0.07407407407407407,1
BAH-P-2270,2,False,117,0,0.0,1,85,0,0.0,1,115,0,0.0,1,81,4,0.04938271604938271,1
BAH-P-2271,2,True,105,0,0.0,1,79,0,0.0,1,103,0,0.0,1,75,4,0.05333333333333334,1
BAH-P-2272,2,False,77,0,0.0,1,53,0,0.0,1,76,0,0.0,1,50,3,0.06,1
BAH-P-2273,2,False,150,0,0.0,2,122,0,0.0,1,140,1,0.007142857142857143,2,110,5,0.045454545454545456,1
BAH-P-2274,2,False,127,0,0.0,1,95,0,0.0,1,122,0,0.0,1,88,4,0.045454545454545456,1
BAH-P-2275,2,False,112,0,0.0,1,86,0,0.0,1,109,0,0.0,1,81,4,0.04938271604938271,1
BAH-P-2276,2,True,107,0,0.0,1,81,0,0.0,1,104,0,0.0,1,76,4,0.05263157894736842,1
BAH-P-2277,2,False,106,0,0.0,1,80,0,0.0,1,98,0,0.0,1,70,4,0.05714285714285714,1
BAH-P-2278,2,False,190,0,0.0,2,160,0,0.0,2,182,8,0.04395604395604396,2,150,11,0.07333333333333333,2
BAH-P-2279,2,False,117,0,0.0,1,91,0,0.0,1,108,0,0.0,1,80,4,0.05,1
BAH-P-2280,2,False,112,0,0.0,1,86,0,0.0,1,110,0,0.0,1,82,4,0.04878048780487805,1
BAH-P-2281,2,False,120,0,0.0,1,94,0,0.0,1,116,2,0.017241379310344827,1,88,6,0.06818181818181818,1
BAH-P-2282,2,False,116,0,0.0,1,86,0,0.0,1,110,1,0.00909090909090909,1,79,5,0.06329113924050633,1
BAH-P-2283,2,False,112,0,0.0,1,82,0,0.0,1,106,0,0.0,1,75,4,0.05333333333333334,1
BAH-P-2284,2,False,126,0,0.0,1,94,0,0.0,1,123,0,0.0,1,89,4,0.0449438202247191,1
BAH-P-2285,2,True,117,0,0.0,1,85,0,0.0,1,117,0,0.0,1,83,4,0.04819277108433735,1
BAH-P-2286,2,True,118,0,0.0,1,92,0,0.0,1,114,0,0.0,1,86,4,0.046511627906976744,1
BAH-P-2287,2,False,196,0,0.0,2,166,0,0.0,2,190,12,0.06315789473684211,2,158,15,0.0949367088607595,2
BAH-P-2288,2,False,105,0,0.0,1,79,0,0.0,1,104,0,0.0,1,76,4,0.05263157894736842,1
BAH-P-2289,2,True,107,0,0.0,1,75,0,0.0,1,105,0,0.0,1,71,4,0.056338028169014086,1
BAH-P-2290,2,False,158,0,0.0,2,124,0,0.0,1,147,4,0.027210884353741496,2,112,7,0.0625,1
BAH-P-2291,2,False,68,0,0.0,1,47,0,0.0,1,71,0,0.0,1,49,2,0.04081632653061224,1
BAH-P-2292,2,False,116,0,0.0,1,82,0,0.0,1,113,0,0.0,1,78,3,0.038461538461538464,1
BAH-P-2293,2,False,219,0,0.0,2,188,0,0.0,2,206,8,0.038834951456310676,2,173,11,0.06358381502890173,2
BAH-P-2294,2,False,117,0,0.0,1,90,0,0.0,1,113,0,0.0,1,84,4,0.047619047619047616,1
BAH-P-2295,2,False,119,0,0.0,1,89,0,0.0,1,114,0,0.0,1,83,4,0.04819277108433735,1
BAH-P-2296,2,False,104,0,0.0,1,78,0,0.0,1,101,0,0.0,1,73,4,0.0547945205479452,1
BAH-P-2297,2,False,116,0,0.0,1,84,0,0.0,1,116,0,0.0,1,82,4,0.04878048780487805,1
BAH-P-2298,2,False,143,0,0.0,2,117,0,0.0,1,139,2,0.014388489208633094,2,111,6,0.05405405405405406,1
BAH-P-2299,2,False,106,0,0.0,1,77,0,0.0,1,106,0,0.0,1,76,4,0.05263157894736842,1
BAH-P-2300,2,False,114,0,0.0,1,85,0,0.0,1,110,0,0.0,1,80,4,0.05,1
BAH-P-2301,2,False,132,0,0.0,2,103,0,0.0,1,125,0,0.0,1,95,4,0.042105263157894736,1
BAH-P-2302,2,True,103,0,0.0,1,76,0,0.0,1,102,0,0.0,1,73,4,0.0547945205479452,1
BAH-P-2303,2,False,110,0,0.0,1,83,0,0.0,1,109,0,0.0,1,80,4,0.05,1
BAH-P-2304,2,False,124,0,0.0,1,98,0,0.0,1,120,4,0.03333333333333333,1,92,8,0.08695652173913043,1
BAH-P-2305,2,False,109,0,0.0,1,82,0,0.0,1,109,0,0.0,1,80,4,0.05,1
BAH-P-2306,2,False,122,0,0.0,1,96,0,0.0,1,117,4,0.03418803418803419,1,89,8,0.0898876404494382,1
BAH-P-2307,2,False,189,0,0.0,2,154,0,0.0,2,186,0,0.0,2,150,4,0.02666666666666667,2
BAH-P-2308,2,False,125,0,0.0,1,99,0,0.0,1,122,4,0.03278688524590164,1,94,8,0.0851063829787234,1
BAH-P-2309,2,True,115,0,0.0,1,89,0,0.0,1,112,0,0.0,1,84,4,0.047619047619047616,1
BAH-P-2310,2,True,118,0,0.0,1,86,0,0.0,1,115,0,0.0,1,81,4,0.04938271604938271,1
BAH-P-2311,2,True,113,0,0.0,1,81,0,0.0,1,113,0,0.0,1,79,4,0.05063291139240506,1
BAH-P-2312,2,True,119,0,0.0,1,87,0,0.0,1,115,0,0.0,1,81,4,0.04938271604938271,1
BAH-P-2313,2,False,123,0,0.0,1,97,0,0.0,1,119,2,0.01680672268907563,1,91,6,0.06593406593406594,1
BAH-P-2314,2,False,111,0,0.0,1,79,0,0.0,1,117,6,0.05128205128205128,1,83,9,0.10843373493975904,1
BAH-P-2315,2,False,288,0,0.0,3,230,0,0.0,2,272,16,0.058823529411764705,3,212,15,0.07075471698113207,2
BAH-P-2316,2,False,122,0,0.0,1,96,0,0.0,1,117,0,0.0,1,89,4,0.0449438202247191,1
BAH-P-2317,2,True,104,0,0.0,1,78,0,0.0,1,102,0,0.0,1,74,4,0.05405405405405406,1
BAH-P-2318,2,False,123,0,0.0,1,97,0,0.0,1,119,2,0.01680672268907563,1,91,6,0.06593406593406594,1
BAH-P-2319,2,True,96,0,0.0,1,70,0,0.0,1,97,0,0.0,1,69,4,0.057971014492753624,1
BAH-P-2320,2,False,143,0,0.0,2,117,0,0.0,1,139,0,0.0,2,111,4,0.036036036036036036,1
BAH-P-2321,2,False,95,0,0.0,1,66,0,0.0,1,93,0,0.0,1,63,4,0.06349206349206349,1
BAH-P-2322,2,False,117,0,0.0,1,88,0,0.0,1,111,0,0.0,1,81,4,0.04938271604938271,1
BAH-P-2323,2,True,107,0,0.0,1,75,0,0.0,1,105,0,0.0,1,71,4,0.056338028169014086,1
BAH-P-2324,2,False,112,0,0.0,1,80,0,0.0,1,111,0,0.0,1,77,4,0.05194805194805195,1
BAH-P-2325,2,False,125,0,0.0,1,93,0,0.0,1,118,0,0.0,1,84,4,0.047619047619047616,1
BAH-P-2326,2,False,109,0,0.0,1,77,0,0.0,1,110,0,0.0,1,76,4,0.05263157894736842,1
BAH-P-2327,2,False,117,0,0.0,1,85,0,0.0,1,117,0,0.0,1,83,4,0.04819277108433735,1
BAH-P-2328,2,False,115,0,0.0,1,89,0,0.0,1,113,2,0.017699115044247787,1,85,6,0.07058823529411765,1
BAH-P-2329,2,True,107,0,0.0,1,77,0,0.0,1,100,0,0.0,1,69,4,0.057971014492753624,1
BAH-P-2330,2,True,103,0,0.0,1,77,0,0.0,1,100,0,0.0,1,72,4,0.05555555555555555,1
BAH-P-2331,2,False,122,0,0.0,1,92,0,0.0,1,115,2,0.017391304347826087,1,84,6,0.07142857142857142,1
BAH-P-2332,2,False,128,0,0.0,1,98,0,0.0,1,122,1,0.00819672131147541,1,91,5,0.054945054945054944,1
BAH-P-2333,2,False,115,0,0.0,1,85,0,0.0,1,111,0,0.0,1,80,4,0.05,1
BAH-P-2334,2,False,122,0,0.0,1,92,0,0.0,1,119,2,0.01680672268907563,1,88,6,0.06818181818181818,1
BAH-P-2335,2,False,117,0,0.0,1,87,0,0.0,1,111,0,0.0,1,80,4,0.05,1
BAH-P-2336,2,False,103,0,0.0,1,73,0,0.0,1,100,0,0.0,1,69,4,0.057971014492753624,1
BAH-P-2337,2,False,122,0,0.0,1,92,0,0.0,1,118,2,0.01694915254237288,1,87,6,0.06896551724137931,1
BAH-P-2338,2,False,124,0,0.0,1,94,0,0.0,1,120,2,0.016666666666666666,1,89,6,0.06741573033707865,1
BAH-P-2339,2,False,106,0,0.0,1,76,0,0.0,1,102,0,0.0,1,71,4,0.056338028169014086,1
BAH-P-2340,2,False,174,0,0.0,2,144,0,0.0,2,172,8,0.046511627906976744,2,140,11,0.07857142857142857,2
BAH-P-2341,2,True,123,0,0.0,1,91,0,0.0,1,116,0,0.0,1,82,4,0.04878048780487805,1
BAH-P-2342,2,False,113,0,0.0,1,81,0,0.0,1,110,0,0.0,1,76,4,0.05263157894736842,1
BAH-P-2343,2,False,105,0,0.0,1,73,0,0.0,1,103,0,0.0,1,69,4,0.057971014492753624,1
BAH-P-2344,2,False,121,0,0.0,1,89,0,0.0,1,118,0,0.0,1,84,4,0.047619047619047616,1
BAH-P-2345,2,False,96,0,0.0,1,67,0,0.0,1,95,0,0.0,1,65,4,0.06153846153846154,1
BAH-P-2346,2,False,104,0,0.0,1,78,0,0.0,1,99,2,0.020202020202020204,1,71,6,0.08450704225352113,1
BAH-P-2347,2,False,118,0,0.0,1,90,0,0.0,1,113,0,0.0,1,84,4,0.047619047619047616,1
BAH-P-2348,2,True,107,0,0.0,1,81,0,0.0,1,103,0,0.0,1,75,4,0.05333333333333334,1
BAH-P-2349,2,False,122,0,0.0,1,94,0,0.0,1,121,0,0.0,1,92,4,0.043478260869565216,1
BAH-P-2350,2,False,108,0,0.0,1,82,0,0.0,1,104,0,0.0,1,76,4,0.05263157894736842,1
BAH-P-2351,2,False,115,0,0.0,1,89,0,0.0,1,112,0,0.0,1,84,4,0.047619047619047616,1
BAH-P-2352,2,False,80,0,0.0,1,56,0,0.0,1,80,0,0.0,1,54,3,0.05555555555555555,1
BAH-P-2353,2,False,95,0,0.0,1,66,0,0.0,1,94,0,0.0,1,64,4,0.0625,1
BAH-P-2354,2,False,116,0,0.0,1,87,0,0.0,1,104,0,0.0,1,74,4,0.05405405405405406,1
BAH-P-2355,2,False,117,0,0.0,1,90,0,0.0,1,119,4,0.03361344537815126,1,90,8,0.08888888888888889,1
BAH-P-2356,2,False,96,0,0.0,1,69,0,0.0,1,97,2,0.020618556701030927,1,68,6,0.08823529411764706,1
BAH-P-2357,2,False,142,0,0.0,2,112,0,0.0,1,137,4,0.029197080291970802,2,106,8,0.07547169811320754,1
BAH-P-2358,2,False,107,0,0.0,1,86,0,0.0,1,105,0,0.0,1,82,4,0.04878048780487805,1
BAH-P-2359,2,False,212,0,0.0,2,178,0,0.0,2,198,10,0.050505050505050504,2,163,13,0.07975460122699386,2
BAH-P-2360,2,False,125,0,0.0,1,99,0,0.0,1,118,2,0.01694915254237288,1,90,6,0.06666666666666667,1
BAH-P-2361,2,False,124,0,0.0,1,94,0,0.0,1,118,2,0.01694915254237288,1,87,6,0.06896551724137931,1
BAH-P-2362,2,False,121,0,0.0,1,94,0,0.0,1,116,2,0.017241379310344827,1,87,6,0.06896551724137931,1
BAH-P-2363,2,False,105,0,0.0,1,79,0,0.0,1,104,0,0.0,1,76,4,0.05263157894736842,1
BAH-P-2364,2,True,107,0,0.0,1,75,0,0.0,1,104,0,0.0,1,70,4,0.05714285714285714,1
BAH-P-2365,2,True,113,0,0.0,1,81,0,0.0,1,111,0,0.0,1,77,4,0.05194805194805195,1
BAH-P-2366,2,True,120,0,0.0,1,94,0,0.0,1,117,0,0.0,1,89,4,0.0449438202247191,1
BAH-P-2367,2,False,171,0,0.0,2,154,0,0.0,2,160,6,0.0375,2,142,9,0.06338028169014084,2
BAH-P-2368,2,True,103,0,0.0,1,77,0,0.0,1,100,0,0.0,1,72,4,0.05555555555555555,1
BAH-P-2369,2,False,108,0,0.0,1,76,0,0.0,1,105,0,0.0,1,71,4,0.056338028169014086,1
BAH-P-2370,2,False,125,0,0.0,1,99,0,0.0,1,122,0,0.0,1,94,4,0.0425531914893617,1
BAH-P-2371,2,False,95,0,0.0,1,66,0,0.0,1,94,0,0.0,1,64,4,0.0625,1
BAH-P-2372,2,False,258,0,0.0,3,227,0,0.0,2,231,12,0.05194805194805195,2,198,15,0.07575757575757576,2
BAH-P-2373,2,False,95,0,0.0,1,66,0,0.0,1,93,0,0.0,1,63,4,0.06349206349206349,1
BAH-P-2374,2,False,116,0,0.0,1,89,0,0.0,1,115,2,0.017391304347826087,1,86,6,0.06976744186046512,1
BAH-P-2375,2,True,101,0,0.0,1,71,0,0.0,1,97,0,0.0,1,66,4,0.06060606060606061,1
BAH-P-2376,2,False,189,0,0.0,2,158,0,0.0,2,185,10,0.05405405405405406,2,152,13,0.08552631578947369,2
BAH-P-2377,2,False,127,0,0.0,1,100,0,0.0,1,117,4,0.03418803418803419,1,88,8,0.09090909090909091,1
BAH-P-2378,2,False,143,0,0.0,2,115,0,0.0,1,137,2,0.014598540145985401,2,108,6,0.05555555555555555,1
BAH-P-2379,2,False,117,0,0.0,1,85,0,0.0,1,114,2,0.017543859649122806,1,80,6,0.075,1
BAH-P-2380,2,True,107,0,0.0,1,81,0,0.0,1,103,0,0.0,1,75,4,0.05333333333333334,1
BAH-P-2381,2,False,137,0,0.0,2,105,0,0.0,1,134,0,0.0,2,100,4,0.04,1
BAH-P-2382,2,False,107,0,0.0,1,75,0,0.0,1,106,0,0.0,1,72,4,0.05555555555555555,1
BAH-P-2383,2,True,104,0,0.0,1,78,0,0.0,1,102,0,0.0,1,74,4,0.05405405405405406,1
BAH-P-2384,2,True,101,0,0.0,1,75,0,0.0,1,100,0,0.0,1,72,4,0.05555555555555555,1
BAH-P-2385,2,False,132,0,0.0,2,103,0,0.0,1,125,0,0.0,1,95,4,0.042105263157894736,1
BAH-P-2386,2,False,119,0,0.0,1,91,0,0.0,1,117,0,0.0,1,87,4,0.04597701149425287,1
BAH-P-2387,2,False,109,0,0.0,1,81,0,0.0,1,106,0,0.0,1,76,4,0.05263157894736842,1
BAH-P-2388,2,False,117,0,0.0,1,89,0,0.0,1,116,0,0.0,1,86,4,0.046511627906976744,1
BAH-P-2389,2,False,113,0,0.0,1,86,0,0.0,1,111,0,0.0,1,82,4,0.04878048780487805,1
BAH-P-2390,2,False,103,0,0.0,1,75,0,0.0,1,101,0,0.0,1,71,4,0.056338028169014086,1
BAH-P-2391,2,True,103,0,0.0,1,76,0,0.0,1,102,0,0.0,1,73,4,0.0547945205479452,1
BAH-P-2392,2,True,102,0,0.0,1,75,0,0.0,1,103,0,0.0,1,74,4,0.05405405405405406,1
BAH-P-2393,2,True,93,0,0.0,1,65,0,0.0,1,92,0,0.0,1,62,4,0.06451612903225806,1
BAH-P-2394,2,False,123,0,0.0,1,96,0,0.0,1,126,0,0.0,1,97,4,0.041237113402061855,1
BAH-P-2395,2,False,111,0,0.0,1,81,0,0.0,1,106,2,0.018867924528301886,1,75,6,0.08,1
BAH-P-2396,2,False,107,0,0.0,1,77,0,0.0,1,105,0,0.0,1,74,4,0.05405405405405406,1
BAH-P-2397,2,False,109,0,0.0,1,79,0,0.0,1,104,2,0.019230769230769232,1,73,6,0.0821917808219178,1
BAH-P-2398,2,False,108,0,0.0,1,78,0,0.0,1,104,0,0.0,1,73,4,0.0547945205479452,1
BAH-P-2399,2,False,116,0,0.0,1,84,0,0.0,1,114,0,0.0,1,80,4,0.05,1
BAH-P-2400,2,False,119,0,0.0,1,87,0,0.0,1,115,0,0.0,1,81,4,0.04938271604938271,1
BAH-P-2401,2,False,111,0,0.0,1,85,0,0.0,1,107,0,0.0,1,79,4,0.05063291139240506,1
BAH-P-2402,2,True,110,0,0.0,1,84,0,0.0,1,108,0,0.0,1,80,4,0.05,1
BAH-P-2403,2,False,109,0,0.0,1,83,0,0.0,1,108,0,0.0,1,80,4,0.05,1
BAH-P-2404,2,True,110,0,0.0,1,84,0,0.0,1,110,0,0.0,1,82,4,0.04878048780487805,1
BAH-P-2405,2,False,113,0,0.0,1,85,0,0.0,1,109,0,0.0,1,79,4,0.05063291139240506,1
BAH-P-2406,2,True,101,0,0.0,1,75,0,0.0,1,99,0,0.0,1,71,4,0.056338028169014086,1
BAH-P-2407,2,False,106,0,0.0,1,77,0,0.0,1,106,0,0.0,1,76,4,0.05263157894736842,1
BAH-P-2408,2,False,124,0,0.0,1,95,0,0.0,1,118,0,0.0,1,88,4,0.045454545454545456,1
BAH-P-2409,2,False,132,0,0.0,2,103,0,0.0,1,126,2,0.015873015873015872,1,96,6,0.0625,1
BAH-P-2410,2,False,113,0,0.0,1,83,0,0.0,1,106,0,0.0,1,75,4,0.05333333333333334,1
BAH-P-2411,2,False,130,0,0.0,2,103,0,0.0,1,125,2,0.016,1,96,6,0.0625,1
BAH-P-2412,2,False,122,0,0.0,1,92,0,0.0,1,112,0,0.0,1,81,4,0.04938271604938271,1
BAH-P-2413,2,False,69,0,0.0,1,45,0,0.0,1,71,0,0.0,1,45,3,0.06666666666666667,1
BAH-P-2414,2,False,114,0,0.0,1,88,0,0.0,1,114,4,0.03508771929824561,1,86,8,0.09302325581395349,1
BAH-P-2415,2,False,110,0,0.0,1,84,0,0.0,1,110,0,0.0,1,82,4,0.04878048780487805,1
BAH-P-2416,2,True,106,0,0.0,1,80,0,0.0,1,103,2,0.019417475728155338,1,75,6,0.08,1
BAH-P-2417,2,False,113,0,0.0,1,87,0,0.0,1,109,0,0.0,1,81,4,0.04938271604938271,1
BAH-P-2418,2,True,138,0,0.0,2,106,0,0.0,1,133,1,0.007518796992481203,2,99,5,0.050505050505050504,1
BAH-P-2419,2,True,117,0,0.0,1,85,0,0.0,1,113,0,0.0,1,79,4,0.05063291139240506,1
BAH-P-2420,2,False,136,0,0.0,2,104,0,0.0,1,128,0,0.0,1,94,4,0.0425531914893617,1
BAH-P-2421,2,False,137,0,0.0,2,105,0,0.0,1,129,0,0.0,2,95,4,0.042105263157894736,1
BAH-P-2422,2,False,120,0,0.0,1,88,0,0.0,1,117,0,0.0,1,83,4,0.04819277108433735,1
BAH-P-2423,2,False,109,0,0.0,1,80,0,0.0,1,96,0,0.0,1,66,4,0.06060606060606061,1
BAH-P-2424,2,False,116,0,0.0,1,89,0,0.0,1,113,2,0.017699115044247787,1,84,6,0.07142857142857142,1
BAH-P-2425,2,False,105,0,0.0,1,77,0,0.0,1,101,0,0.0,1,71,4,0.056338028169014086,1
BAH-P-2426,2,False,99,0,0.0,1,71,0,0.0,1,98,0,0.0,1,68,4,0.058823529411764705,1
BAH-P-2427,2,False,124,0,0.0,1,92,0,0.0,1,123,0,0.0,1,89,4,0.0449438202247191,1
BAH-P-2428,2,False,102,0,0.0,1,75,0,0.0,1,98,0,0.0,1,69,4,0.057971014492753624,1
BAH-P-2429,2,False,103,0,0.0,1,76,0,0.0,1,103,0,0.0,1,74,4,0.05405405405405406,1
BAH-P-2430,2,False,121,0,0.0,1,92,0,0.0,1,116,0,0.0,1,86,4,0.046511627906976744,1
BAH-P-2431,2,False,121,0,0.0,1,91,0,0.0,1,115,2,0.017391304347826087,1,84,6,0.07142857142857142,1
BAH-P-2432,2,True,105,0,0.0,1,79,0,0.0,1,104,0,0.0,1,76,4,0.05263157894736842,1
BAH-P-2433,2,True,111,0,0.0,1,81,0,0.0,1,103,0,0.0,1,72,4,0.05555555555555555,1
BAH-P-2434,2,False,109,0,0.0,1,79,0,0.0,1,106,0,0.0,1,75,4,0.05333333333333334,1
BAH-P-2435,2,False,103,0,0.0,1,78,0,0.0,1,91,0,0.0,1,64,3,0.046875,1
BAH-P-2436,2,False,112,0,0.0,1,82,0,0.0,1,107,0,0.0,1,76,4,0.05263157894736842,1
BAH-P-2437,2,False,132,0,0.0,2,106,0,0.0,1,126,2,0.015873015873015872,1,98,6,0.061224489795918366,1
BAH-P-2438,2,True,105,0,0.0,1,79,0,0.0,1,103,0,0.0,1,75,4,0.05333333333333334,1
BAH-P-2439,2,True,104,0,0.0,1,78,0,0.0,1,102,0,0.0,1,74,4,0.05405405405405406,1
BAH-P-2440,2,False,105,0,0.0,1,73,0,0.0,1,104,0,0.0,1,70,4,0.05714285714285714,1
BAH-P-2441,2,False,107,0,0.0,1,81,0,0.0,1,107,0,0.0,1,79,4,0.05063291139240506,1
BAH-P-2442,2,False,242,0,0.0,2,210,0,0.0,2,225,16,0.07111111111111111,2,191,19,0.09947643979057591,2
BAH-P-2443,2,False,115,0,0.0,1,89,0,0.0,1,114,0,0.0,1,86,4,0.046511627906976744,1
BAH-P-2444,2,True,105,0,0.0,1,79,0,0.0,1,103,0,0.0,1,75,4,0.05333333333333334,1
BAH-P-2445,2,True,105,0,0.0,1,79,0,0.0,1,103,0,0.0,1,75,4,0.05333333333333334,1
BAH-P-2446,2,True,104,0,0.0,1,78,0,0.0,1,103,0,0.0,1,75,4,0.05333333333333334,1
BAH-P-2447,2,True,98,0,0.0,1,69,0,0.0,1,97,0,0.0,1,67,4,0.05970149253731343,1
BAH-P-2448,2,False,113,0,0.0,1,86,0,0.0,1,111,2,0.018018018018018018,1,82,6,0.07317073170731707,1
BAH-P-2449,2,True,124,0,0.0,1,97,0,0.0,1,123,2,0.016260162601626018,1,94,6,0.06382978723404255,1
BAH-P-2450,2,True,108,0,0.0,1,82,0,0.0,1,104,0,0.0,1,76,4,0.05263157894736842,1
BAH-P-2451,2,False,111,0,0.0,1,84,0,0.0,1,110,0,0.0,1,81,4,0.04938271604938271,1
BAH-P-2452,2,False,109,0,0.0,1,79,0,0.0,1,102,0,0.0,1,71,4,0.056338028169014086,1
BAH-P-2453,2,True,110,0,0.0,1,78,0,0.0,1,106,0,0.0,1,72,4,0.05555555555555555,1
BAH-P-2454,2,True,116,0,0.0,1,86,0,0.0,1,110,0,0.0,1,79,4,0.05063291139240506,1
BAH-P-2455,2,False,120,0,0.0,1,90,0,0.0,1,118,8,0.06779661016949153,1,86,11,0.12790697674418605,1
BAH-P-2456,2,False,110,0,0.0,1,78,0,0.0,1,106,0,0.0,1,72,4,0.05555555555555555,1
BAH-P-2457,2,False,224,0,0.0,2,188,0,0.0,2,214,10,0.04672897196261682,2,176,13,0.07386363636363637,2
BAH-P-2458,2,True,109,0,0.0,1,83,0,0.0,1,108,2,0.018518518518518517,1,80,6,0.075,1
BAH-P-2459,2,True,107,0,0.0,1,75,0,0.0,1,105,0,0.0,1,71,4,0.056338028169014086,1
BAH-P-2460,2,True,112,0,0.0,1,80,0,0.0,1,110,0,0.0,1,76,4,0.05263157894736842,1
BAH-P-2461,2,True,104,0,0.0,1,78,0,0.0,1,104,0,0.0,1,76,4,0.05263157894736842,1
BAH-P-2462,2,False,119,0,0.0,1,93,0,0.0,1,116,0,0.0,1,88,4,0.045454545454545456,1
BAH-P-2463,2,False,123,0,0.0,1,93,0,0.0,1,115,0,0.0,1,84,4,0.047619047619047616,1
BAH-P-2464,2,False,105,0,0.0,1,77,0,0.0,1,103,0,0.0,1,73,4,0.0547945205479452,1
BAH-P-2465,2,False,115,0,0.0,1,89,0,0.0,1,102,2,0.0196078431372549,1,76,5,0.06578947368421052,1
BAH-P-2466,2,True,94,0,0.0,1,66,0,0.0,1,94,0,0.0,1,64,4,0.0625,1
BAH-P-2467,2,False,109,0,0.0,1,79,0,0.0,1,104,0,0.0,1,73,4,0.0547945205479452,1
BAH-P-2468,2,False,243,0,0.0,2,211,0,0.0,2,220,12,0.05454545454545454,2,186,15,0.08064516129032258,2
BAH-P-2469,2,False,138,0,0.0,2,110,0,0.0,1,126,0,0.0,1,96,4,0.041666666666666664,1
BAH-P-2470,2,False,101,0,0.0,1,73,0,0.0,1,102,0,0.0,1,72,4,0.05555555555555555,1
BAH-P-2471,2,True,101,0,0.0,1,73,0,0.0,1,100,0,0.0,1,70,4,0.05714285714285714,1
BAH-P-2472,2,True,110,0,0.0,1,78,0,0.0,1,106,0,0.0,1,72,4,0.05555555555555555,1
BAH-P-2473,2,True,114,0,0.0,1,82,0,0.0,1,113,0,0.0,1,79,4,0.05063291139240506,1
BAH-P-2474,2,False,112,0,0.0,1,80,0,0.0,1,107,0,0.0,1,73,4,0.0547945205479452,1
BAH-P-2475,2,False,226,0,0.0,2,168,0,0.0,2,221,16,0.07239819004524888,2,161,15,0.09316770186335403,2
BAH-P-2476,2,False,108,0,0.0,1,82,0,0.0,1,104,0,0.0,1,76,4,0.05263157894736842,1
BAH-P-2477,2,False,113,0,0.0,1,83,0,0.0,1,111,0,0.0,1,80,4,0.05,1
BAH-P-2478,2,False,125,0,0.0,1,95,0,0.0,1,114,0,0.0,1,83,4,0.04819277108433735,1
BAH-P-2479,2,True,110,0,0.0,1,78,0,0.0,1,109,0,0.0,1,75,4,0.05333333333333334,1
BAH-P-2480,2,False,106,0,0.0,1,74,0,0.0,1,105,0,0.0,1,71,4,0.056338028169014086,1
BAH-P-2481,2,False,111,0,0.0,1,79,0,0.0,1,108,0,0.0,1,74,4,0.05405405405405406,1
BAH-P-2482,2,False,122,0,0.0,1,90,0,0.0,1,111,0,0.0,1,77,4,0.05194805194805195,1
BAH-P-2483,2,False,82,0,0.0,1,58,0,0.0,1,80,4,0.05,1,54,7,0.12962962962962962,1
BAH-P-2484,2,True,112,0,0.0,1,80,0,0.0,1,112,0,0.0,1,78,4,0.05128205128205128,1
BAH-P-2485,2,False,116,0,0.0,1,84,0,0.0,1,113,0,0.0,1,79,4,0.05063291139240506,1
BAH-P-2486,2,False,137,0,0.0,2,105,0,0.0,1,129,0,0.0,2,95,4,0.042105263157894736,1
BAH-P-2487,2,False,103,0,0.0,1,76,0,0.0,1,106,2,0.018867924528301886,1,77,6,0.07792207792207792,1
BAH-P-2488,2,False,115,0,0.0,1,85,0,0.0,1,110,0,0.0,1,79,4,0.05063291139240506,1
BAH-P-2489,2,False,114,0,0.0,1,84,0,0.0,1,109,0,0.0,1,78,4,0.05128205128205128,1
BAH-P-2490,2,False,184,0,0.0,2,150,0,0.0,2,175,0,0.0,2,140,3,0.02142857142857143,2
BAH-P-2491,2,True,109,0,0.0,1,77,0,0.0,1,106,0,0.0,1,72,4,0.05555555555555555,1
BAH-P-2492,2,False,108,0,0.0,1,76,0,0.0,1,107,0,0.0,1,73,4,0.0547945205479452,1
BAH-P-2493,2,False,130,0,0.0,2,98,0,0.0,1,122,0,0.0,1,88,4,0.045454545454545456,1
BAH-P-2494,2,True,113,0,0.0,1,87,0,0.0,1,111,0,0.0,1,83,4,0.04819277108433735,1
BAH-P-2495,2,False,138,0,0.0,2,112,0,0.0,1,135,2,0.014814814814814815,2,107,6,0.056074766355140186,1
BAH-P-2496,2,False,130,0,0.0,2,104,0,0.0,1,118,6,0.05084745762711865,1,90,10,0.1111111111111111,1
BAH-P-2497,2,False,104,0,0.0,1,76,0,0.0,1,100,0,0.0,1,71,4,0.056338028169014086,1
BAH-P-2498,2,True,105,0,0.0,1,75,0,0.0,1,101,0,0.0,1,70,4,0.05714285714285714,1
BAH-P-2499,2,False,118,0,0.0,1,88,0,0.0,1,110,0,0.0,1,79,4,0.05063291139240506,1
BAH-P-2500,2,False,110,0,0.0,1,84,0,0.0,1,110,0,0.0,1,82,4,0.04878048780487805,1
BAH-P-2501,2,True,105,0,0.0,1,79,0,0.0,1,103,0,0.0,1,75,4,0.05333333333333334,1
BAH-P-2502,2,False,125,0,0.0,1,99,0,0.0,1,118,2,0.01694915254237288,1,90,6,0.06666666666666667,1
BAH-P-2503,2,True,113,0,0.0,1,81,0,0.0,1,111,0,0.0,1,77,4,0.05194805194805195,1
BAH-P-2504,2,False,129,0,0.0,2,97,0,0.0,1,126,0,0.0,1,92,4,0.043478260869565216,1
BAH-P-2505,2,False,114,0,0.0,1,82,0,0.0,1,113,0,0.0,1,79,4,0.05063291139240506,1
BAH-P-2506,2,True,104,0,0.0,1,78,0,0.0,1,103,0,0.0,1,75,4,0.05333333333333334,1
BAH-P-2507,2,False,116,0,0.0,1,90,0,0.0,1,113,0,0.0,1,85,4,0.047058823529411764,1
BAH-P-2508,2,True,114,0,0.0,1,88,0,0.0,1,111,0,0.0,1,83,4,0.04819277108433735,1
BAH-P-2509,2,False,125,0,0.0,1,97,0,0.0,1,116,0,0.0,1,86,4,0.046511627906976744,1
BAH-P-2510,2,False,101,0,0.0,1,72,0,0.0,1,99,2,0.020202020202020204,1,69,6,0.08695652173913043,1
BAH-P-2511,2,False,130,0,0.0,2,102,0,0.0,1,123,0,0.0,1,93,4,0.043010752688172046,1
BAH-P-2512,2,True,114,0,0.0,1,86,0,0.0,1,113,0,0.0,1,83,4,0.04819277108433735,1
BAH-P-2513,2,False,111,0,0.0,1,83,0,0.0,1,107,0,0.0,1,77,4,0.05194805194805195,1
BAH-P-2514,2,False,112,0,0.0,1,86,0,0.0,1,112,0,0.0,1,84,4,0.047619047619047616,1
BAH-P-2515,2,False,131,0,0.0,2,105,0,0.0,1,127,0,0.0,1,99,4,0.04040404040404041,1
BAH-P-2516,2,False,124,0,0.0,1,98,0,0.0,1,121,2,0.01652892561983471,1,93,6,0.06451612903225806,1
BAH-P-2517,2,True,98,0,0.0,1,69,0,0.0,1,96,0,0.0,1,66,4,0.06060606060606061,1
BAH-P-2518,2,False,125,0,0.0,1,96,0,0.0,1,120,0,0.0,1,90,4,0.044444444444444446,1
BAH-P-2519,2,False,104,0,0.0,1,75,0,0.0,1,102,0,0.0,1,72,4,0.05555555555555555,1
BAH-P-2520,2,False,122,0,0.0,1,93,0,0.0,1,113,0,0.0,1,83,4,0.04819277108433735,1
BAH-P-2521,2,True,108,0,0.0,1,82,0,0.0,1,101,0,0.0,1,73,4,0.0547945205479452,1
BAH-P-2522,2,False,113,0,0.0,1,84,0,0.0,1,106,0,0.0,1,76,4,0.05263157894736842,1
BAH-P-2523,2,False,108,0,0.0,1,79,0,0.0,1,105,0,0.0,1,75,4,0.05333333333333334,1
BAH-P-2524,2,False,113,0,0.0,1,81,0,0.0,1,107,0,0.0,1,73,4,0.0547945205479452,1
BAH-P-2525,2,False,108,0,0.0,1,79,0,0.0,1,104,0,0.0,1,74,4,0.05405405405405406,1
BAH-P-2526,2,False,108,0,0.0,1,79,0,0.0,1,101,0,0.0,1,71,4,0.056338028169014086,1
BAH-P-2527,2,False,129,0,0.0,2,100,0,0.0,1,124,0,0.0,1,94,4,0.0425531914893617,1
BAH-P-2528,2,True,97,0,0.0,1,68,0,0.0,1,96,0,0.0,1,66,4,0.06060606060606061,1
BAH-P-2529,2,False,166,0,0.0,2,133,0,0.0,2,153,10,0.06535947712418301,2,119,13,0.1092436974789916,1
BAH-P-2530,2,True,105,0,0.0,1,75,0,0.0,1,101,0,0.0,1,70,4,0.05714285714285714,1
BAH-P-2531,2,False,115,0,0.0,1,89,0,0.0,1,111,0,0.0,1,83,4,0.04819277108433735,1
BAH-P-2532,2,True,93,0,0.0,1,72,0,0.0,1,91,0,0.0,1,68,4,0.058823529411764705,1
BAH-P-2533,2,False,114,0,0.0,1,84,0,0.0,1,112,0,0.0,1,81,4,0.04938271604938271,1
BAH-P-2534,2,False,126,0,0.0,1,96,0,0.0,1,119,4,0.03361344537815126,1,88,8,0.09090909090909091,1
BAH-P-2535,2,True,110,0,0.0,1,84,0,0.0,1,108,2,0.018518518518518517,1,80,6,0.075,1
BAH-P-2536,2,False,121,0,0.0,1,89,0,0.0,1,119,0,0.0,1,85,4,0.047058823529411764,1
BAH-P-2537,2,False,145,0,0.0,2,113,0,0.0,1,137,1,0.0072992700729927005,2,103,5,0.04854368932038835,1
BAH-P-2538,2,False,161,0,0.0,2,129,0,0.0,2,158,0,0.0,2,124,4,0.03225806451612903,1
BAH-P-2539,2,False,127,0,0.0,1,95,0,0.0,1,122,0,0.0,1,88,4,0.045454545454545456,1
BAH-P-2540,2,True,109,0,0.0,1,83,0,0.0,1,107,0,0.0,1,79,4,0.05063291139240506,1
BAH-P-2541,2,True,110,0,0.0,1,84,0,0.0,1,108,0,0.0,1,80,4,0.05,1
BAH-P-2542,2,False,120,0,0.0,1,94,0,0.0,1,114,2,0.017543859649122806,1,86,6,0.06976744186046512,1
BAH-P-2543,2,False,130,0,0.0,2,104,0,0.0,1,124,2,0.016129032258064516,1,96,6,0.0625,1
BAH-P-2544,2,False,109,0,0.0,1,83,0,0.0,1,104,0,0.0,1,76,4,0.05263157894736842,1
BAH-P-2545,2,False,109,0,0.0,1,83,0,0.0,1,108,2,0.018518518518518517,1,80,6,0.075,1
BAH-P-2546,2,True,105,0,0.0,1,79,0,0.0,1,104,2,0.019230769230769232,1,76,6,0.07894736842105263,1
BAH-P-2547,2,False,120,0,0.0,1,94,0,0.0,1,117,2,0.017094017094017096,1,89,6,0.06741573033707865,1
BAH-P-2548,2,False,127,0,0.0,1,101,0,0.0,1,124,2,0.016129032258064516,1,96,6,0.0625,1
BAH-P-2549,2,False,130,0,0.0,2,101,0,0.0,1,124,0,0.0,1,94,4,0.0425531914893617,1
BAH-P-2550,2,True,101,0,0.0,1,75,0,0.0,1,99,0,0.0,1,71,4,0.056338028169014086,1
BAH-P-2551,2,True,118,0,0.0,1,92,0,0.0,1,109,0,0.0,1,81,4,0.04938271604938271,1
BAH-P-2552,2,True,97,0,0.0,1,68,0,0.0,1,96,0,0.0,1,66,4,0.06060606060606061,1
BAH-P-2553,2,False,104,0,0.0,1,78,0,0.0,1,101,0,0.0,1,73,4,0.0547945205479452,1
BAH-P-2554,2,True,103,0,0.0,1,74,0,0.0,1,101,2,0.019801980198019802,1,71,6,0.08450704225352113,1
BAH-P-2555,2,True,117,0,0.0,1,91,0,0.0,1,112,0,0.0,1,84,4,0.047619047619047616,1
BAH-P-2556,2,True,100,0,0.0,1,71,0,0.0,1,97,0,0.0,1,67,4,0.05970149253731343,1
BAH-P-2557,2,True,100,0,0.0,1,71,0,0.0,1,98,0,0.0,1,68,4,0.058823529411764705,1
BAH-P-2558,2,False,100,0,0.0,1,71,0,0.0,1,100,0,0.0,1,70,4,0.05714285714285714,1
BAH-P-2559,2,False,108,0,0.0,1,79,0,0.0,1,105,0,0.0,1,75,4,0.05333333333333334,1
BAH-P-2560,2,False,106,0,0.0,1,77,0,0.0,1,105,0,0.0,1,75,4,0.05333333333333334,1
BAH-P-2561,2,False,103,0,0.0,1,74,0,0.0,1,101,0,0.0,1,71,4,0.056338028169014086,1
BAH-P-2562,2,False,123,0,0.0,1,94,0,0.0,1,114,0,0.0,1,84,4,0.047619047619047616,1
BAH-P-2563,2,False,108,0,0.0,1,79,0,0.0,1,108,0,0.0,1,78,4,0.05128205128205128,1
BAH-P-2564,2,False,105,0,0.0,1,76,0,0.0,1,102,0,0.0,1,72,4,0.05555555555555555,1
BAH-P-2565,2,False,110,0,0.0,1,78,0,0.0,1,107,0,0.0,1,73,4,0.0547945205479452,1
BAH-P-2566,2,True,101,0,0.0,1,75,0,0.0,1,101,2,0.019801980198019802,1,73,6,0.0821917808219178,1
BAH-P-2567,2,False,222,0,0.0,2,189,0,0.0,2,200,14,0.07,2,166,17,0.10240963855421686,2
BAH-P-2568,2,True,99,0,0.0,1,70,0,0.0,1,97,0,0.0,1,67,4,0.05970149253731343,1
BAH-P-2569,2,True,112,0,0.0,1,82,0,0.0,1,105,2,0.01904761904761905,1,74,6,0.08108108108108109,1
BAH-P-2570,2,False,92,0,0.0,1,64,0,0.0,1,87,0,0.0,1,58,3,0.05172413793103448,1
BAH-P-2571,2,False,107,0,0.0,1,77,0,0.0,1,103,0,0.0,1,72,4,0.05555555555555555,1
BAH-P-2572,2,True,108,0,0.0,1,78,0,0.0,1,103,0,0.0,1,72,4,0.05555555555555555,1
BAH-P-2573,2,False,135,0,0.0,2,103,0,0.0,1,132,0,0.0,2,98,4,0.04081632653061224,1
BAH-P-2574,2,False,125,0,0.0,1,93,0,0.0,1,123,0,0.0,1,89,4,0.0449438202247191,1
BAH-P-2575,2,False,78,0,0.0,1,48,0,0.0,1,77,0,0.0,1,45,3,0.06666666666666667,1
BAH-P-2576,2,False,105,0,0.0,1,76,0,0.0,1,102,0,0.0,1,72,4,0.05555555555555555,1
BAH-P-2577,2,False,121,0,0.0,1,89,0,0.0,1,119,0,0.0,1,85,4,0.047058823529411764,1
BAH-P-2578,2,False,109,0,0.0,1,83,0,0.0,1,106,0,0.0,1,78,4,0.05128205128205128,1
BAH-P-2579,2,True,108,0,0.0,1,76,0,0.0,1,106,0,0.0,1,72,4,0.05555555555555555,1
BAH-P-2580,2,True,122,0,0.0,1,90,0,0.0,1,119,0,0.0,1,85,4,0.047058823529411764,1
BAH-P-2581,2,True,108,0,0.0,1,76,0,0.0,1,107,0,0.0,1,73,4,0.0547945205479452,1
BAH-P-2582,2,False,111,0,0.0,1,85,0,0.0,1,110,2,0.01818181818181818,1,82,6,0.07317073170731707,1
BAH-P-2583,2,False,207,0,0.0,2,177,0,0.0,2,202,12,0.0594059405940594,2,170,15,0.08823529411764706,2
BAH-P-2584,2,False,153,0,0.0,2,127,0,0.0,1,139,2,0.014388489208633094,2,111,6,0.05405405405405406,1
BAH-P-2585,2,False,110,0,0.0,1,84,0,0.0,1,109,2,0.01834862385321101,1,81,6,0.07407407407407407,1
BAH-P-2586,2,True,109,0,0.0,1,83,0,0.0,1,105,2,0.01904761904761905,1,77,6,0.07792207792207792,1
BAH-P-2587,2,False,111,0,0.0,1,85,0,0.0,1,108,2,0.018518518518518517,1,80,6,0.075,1
BAH-P-2588,2,False,136,0,0.0,2,110,0,0.0,1,133,4,0.03007518796992481,2,105,8,0.0761904761904762,1
BAH-P-2589,2,True,108,0,0.0,1,79,0,0.0,1,105,0,0.0,1,75,4,0.05333333333333334,1
BAH-P-2590,2,True,99,0,0.0,1,70,0,0.0,1,98,0,0.0,1,68,4,0.058823529411764705,1
BAH-P-2591,2,False,112,0,0.0,1,83,0,0.0,1,108,0,0.0,1,78,4,0.05128205128205128,1
BAH-P-2592,2,False,103,0,0.0,1,74,0,0.0,1,101,0,0.0,1,71,4,0.056338028169014086,1
BAH-P-2593,2,False,132,0,0.0,2,100,0,0.0,1,123,2,0.016260162601626018,1,90,6,0.06666666666666667,1
BAH-P-2594,2,False,111,0,0.0,1,82,0,0.0,1,106,0,0.0,1,76,4,0.05263157894736842,1
BAH-P-2595,2,True,130,0,0.0,2,100,0,0.0,1,122,4,0.03278688524590164,1,91,8,0.08791208791208792,1
BAH-P-2596,2,True,108,0,0.0,1,82,0,0.0,1,105,2,0.01904761904761905,1,77,6,0.07792207792207792,1
BAH-P-2597,2,False,107,0,0.0,1,78,0,0.0,1,105,0,0.0,1,75,4,0.05333333333333334,1
BAH-P-2598,2,False,120,0,0.0,1,90,0,0.0,1,117,4,0.03418803418803419,1,86,8,0.09302325581395349,1
BAH-P-2599,2,False,129,0,0.0,2,99,0,0.0,1,125,0,0.0,1,94,4,0.0425531914893617,1
BAH-P-2600,2,False,105,0,0.0,1,75,0,0.0,1,102,2,0.0196078431372549,1,71,6,0.08450704225352113,1
BAH-P-2601,2,False,146,0,0.0,2,116,0,0.0,1,135,2,0.014814814814814815,2,104,6,0.057692307692307696,1
BAH-P-2602,2,True,113,0,0.0,1,81,0,0.0,1,110,0,0.0,1,76,4,0.05263157894736842,1
BAH-P-2603,2,False,158,0,0.0,2,126,0,0.0,1,148,1,0.006756756756756757,2,114,5,0.043859649122807015,1
BAH-P-2604,2,True,112,0,0.0,1,86,0,0.0,1,110,2,0.01818181818181818,1,82,6,0.07317073170731707,1
BAH-P-2605,2,False,132,0,0.0,2,100,0,0.0,1,117,0,0.0,1,83,4,0.04819277108433735,1
BAH-P-2606,2,False,125,0,0.0,1,99,0,0.0,1,116,0,0.0,1,88,4,0.045454545454545456,1
BAH-P-2607,2,True,108,0,0.0,1,82,0,0.0,1,106,2,0.018867924528301886,1,78,6,0.07692307692307693,1
BAH-P-2608,2,False,138,0,0.0,2,111,0,0.0,1,138,8,0.057971014492753624,2,109,12,0.11009174311926606,1
BAH-P-2609,2,False,155,0,0.0,2,127,0,0.0,1,152,0,0.0,2,123,4,0.032520325203252036,1
BAH-P-2610,2,False,131,0,0.0,2,105,0,0.0,1,127,2,0.015748031496062992,1,99,6,0.06060606060606061,1
BAH-P-2611,2,False,116,0,0.0,1,90,0,0.0,1,115,4,0.034782608695652174,1,87,8,0.09195402298850575,1
BAH-P-2612,2,True,113,0,0.0,1,81,0,0.0,1,110,0,0.0,1,76,4,0.05263157894736842,1
BAH-P-2613,2,True,117,0,0.0,1,83,0,0.0,1,110,0,0.0,1,75,4,0.05333333333333334,1
BAH-P-2614,2,False,121,0,0.0,1,95,0,0.0,1,116,4,0.034482758620689655,1,88,8,0.09090909090909091,1
BAH-P-2615,2,True,114,0,0.0,1,81,0,0.0,1,111,2,0.018018018018018018,1,76,6,0.07894736842105263,1
BAH-P-2616,2,False,109,0,0.0,1,83,0,0.0,1,108,2,0.018518518518518517,1,80,6,0.075,1
BAH-P-2617,2,False,131,0,0.0,2,99,0,0.0,1,125,0,0.0,1,91,4,0.04395604395604396,1
BAH-P-2618,2,False,125,0,0.0,1,99,0,0.0,1,124,2,0.016129032258064516,1,96,6,0.0625,1
BAH-P-2619,2,True,120,0,0.0,1,94,0,0.0,1,116,4,0.034482758620689655,1,88,8,0.09090909090909091,1
BAH-P-2620,2,True,110,0,0.0,1,84,0,0.0,1,107,2,0.018691588785046728,1,79,6,0.0759493670886076,1
BAH-P-2621,2,False,112,0,0.0,1,86,0,0.0,1,109,2,0.01834862385321101,1,81,6,0.07407407407407407,1
BAH-P-2622,2,False,111,0,0.0,1,85,0,0.0,1,109,0,0.0,1,81,4,0.04938271604938271,1
BAH-P-2623,2,False,233,0,0.0,2,203,0,0.0,2,217,16,0.07373271889400922,2,185,19,0.10270270270270271,2
BAH-P-2624,2,False,110,0,0.0,1,84,0,0.0,1,107,0,0.0,1,79,4,0.05063291139240506,1
BAH-P-2625,2,True,109,0,0.0,1,83,0,0.0,1,106,2,0.018867924528301886,1,78,6,0.07692307692307693,1
BAH-P-2626,2,False,129,0,0.0,2,107,0,0.0,1,122,0,0.0,1,99,3,0.030303030303030304,1
BAH-P-2627,2,True,120,0,0.0,1,94,0,0.0,1,113,0,0.0,1,85,4,0.047058823529411764,1
BAH-P-2628,2,True,108,0,0.0,1,82,0,0.0,1,105,2,0.01904761904761905,1,77,6,0.07792207792207792,1
BAH-P-2629,2,False,115,0,0.0,1,94,0,0.0,1,108,0,0.0,1,86,2,0.023255813953488372,1
BAH-P-2630,2,False,255,0,0.0,2,197,0,0.0,2,242,16,0.06611570247933884,2,182,15,0.08241758241758242,2
BAH-P-2631,2,False,105,0,0.0,1,76,0,0.0,1,103,0,0.0,1,73,4,0.0547945205479452,1
BAH-P-2632,2,False,111,0,0.0,1,82,0,0.0,1,105,0,0.0,1,75,4,0.05333333333333334,1
BAH-P-2633,2,False,114,0,0.0,1,85,0,0.0,1,117,2,0.017094017094017096,1,86,5,0.05813953488372093,1
BAH-P-2634,2,True,102,0,0.0,1,73,0,0.0,1,99,0,0.0,1,69,4,0.057971014492753624,1
BAH-P-2635,2,False,129,0,0.0,2,102,0,0.0,1,121,4,0.03305785123966942,1,92,8,0.08695652173913043,1
BAH-P-2636,2,False,98,0,0.0,1,71,0,0.0,1,99,2,0.020202020202020204,1,70,6,0.08571428571428572,1
BAH-P-2637,2,False,117,0,0.0,1,90,0,0.0,1,115,2,0.017391304347826087,1,86,6,0.06976744186046512,1
BAH-P-2638,2,False,104,0,0.0,1,77,0,0.0,1,107,2,0.018691588785046728,1,78,6,0.07692307692307693,1
BAH-P-2639,2,True,104,0,0.0,1,73,0,0.0,1,106,2,0.018867924528301886,1,73,5,0.0684931506849315,1
BAH-P-2640,2,False,124,0,0.0,1,97,0,0.0,1,124,4,0.03225806451612903,1,95,8,0.08421052631578947,1
BAH-P-2641,2,False,112,0,0.0,1,85,0,0.0,1,109,0,0.0,1,80,4,0.05,1
BAH-P-2642,2,True,124,0,0.0,1,97,0,0.0,1,122,6,0.04918032786885246,1,93,10,0.10752688172043011,1
BAH-P-2643,2,True,114,0,0.0,1,82,0,0.0,1,112,0,0.0,1,78,4,0.05128205128205128,1
BAH-P-2644,2,False,129,0,0.0,2,102,0,0.0,1,130,2,0.015384615384615385,2,101,6,0.0594059405940594,1
BAH-P-2645,2,False,106,0,0.0,1,79,0,0.0,1,107,2,0.018691588785046728,1,78,6,0.07692307692307693,1
BAH-P-2646,2,False,99,0,0.0,1,72,0,0.0,1,101,2,0.019801980198019802,1,72,6,0.08333333333333333,1
BAH-P-2647,2,True,121,0,0.0,1,82,0,0.0,1,117,0,0.0,1,77,4,0.05194805194805195,1
BAH-P-2648,2,False,113,0,0.0,1,86,0,0.0,1,112,2,0.017857142857142856,1,83,6,0.07228915662650602,1
BAH-P-2649,2,False,134,0,0.0,2,100,0,0.0,1,126,2,0.015873015873015872,1,91,6,0.06593406593406594,1
BAH-P-2650,2,False,118,0,0.0,1,79,0,0.0,1,115,0,0.0,1,75,4,0.05333333333333334,1
BAH-P-2651,2,False,134,0,0.0,2,100,0,0.0,1,126,2,0.015873015873015872,1,91,6,0.06593406593406594,1
BAH-P-2652,2,True,113,0,0.0,1,81,0,0.0,1,110,0,0.0,1,76,4,0.05263157894736842,1
BAH-P-2653,2,True,123,0,0.0,1,89,0,0.0,1,116,2,0.017241379310344827,1,81,6,0.07407407407407407,1
BAH-P-2654,2,False,127,0,0.0,1,97,0,0.0,1,124,2,0.016129032258064516,1,93,6,0.06451612903225806,1
BAH-P-2655,2,False,129,0,0.0,2,97,0,0.0,1,124,0,0.0,1,90,4,0.044444444444444446,1
BAH-P-2656,2,False,112,0,0.0,1,80,0,0.0,1,109,0,0.0,1,75,4,0.05333333333333334,1
BAH-P-2657,2,False,119,0,0.0,1,93,0,0.0,1,117,4,0.03418803418803419,1,89,8,0.0898876404494382,1
BAH-P-2658,2,True,113,0,0.0,1,87,0,0.0,1,109,2,0.01834862385321101,1,81,6,0.07407407407407407,1
BAH-P-2659,2,False,111,0,0.0,1,85,0,0.0,1,110,2,0.01818181818181818,1,82,6,0.07317073170731707,1
BAH-P-2660,2,False,117,0,0.0,1,91,0,0.0,1,116,0,0.0,1,88,4,0.045454545454545456,1
BAH-P-2661,2,False,115,0,0.0,1,89,0,0.0,1,112,2,0.017857142857142856,1,84,6,0.07142857142857142,1
BAH-P-2662,2,False,109,0,0.0,1,83,0,0.0,1,107,2,0.018691588785046728,1,79,6,0.0759493670886076,1
BAH-P-2663,2,True,110,0,0.0,1,84,0,0.0,1,107,0,0.0,1,79,4,0.05063291139240506,1
BAH-P-2664,2,True,111,0,0.0,1,82,0,0.0,1,106,0,0.0,1,76,4,0.05263157894736842,1
BAH-P-2665,2,True,117,0,0.0,1,91,0,0.0,1,115,2,0.017391304347826087,1,87,6,0.06896551724137931,1
BAH-P-2666,2,True,102,0,0.0,1,76,0,0.0,1,99,2,0.020202020202020204,1,71,6,0.08450704225352113,1
BAH-P-2667,2,False,144,0,0.0,2,122,0,0.0,1,137,2,0.014598540145985401,2,114,5,0.043859649122807015,1
BAH-P-2668,2,True,116,0,0.0,1,90,0,0.0,1,115,4,0.034782608695652174,1,87,8,0.09195402298850575,1
BAH-P-2669,2,False,105,0,0.0,1,79,0,0.0,1,100,0,0.0,1,72,4,0.05555555555555555,1
BAH-P-2670,2,False,112,0,0.0,1,86,0,0.0,1,112,2,0.017857142857142856,1,84,6,0.07142857142857142,1
BAH-P-2671,2,False,124,0,0.0,1,98,0,0.0,1,120,0,0.0,1,92,4,0.043478260869565216,1
BAH-P-2672,2,False,141,0,0.0,2,110,0,0.0,1,138,4,0.028985507246376812,2,105,8,0.0761904761904762,1
BAH-P-2673,2,False,108,0,0.0,1,82,0,0.0,1,107,0,0.0,1,79,4,0.05063291139240506,1
BAH-P-2674,2,False,95,0,0.0,1,66,0,0.0,1,94,0,0.0,1,64,4,0.0625,1
BAH-P-2675,2,False,103,0,0.0,1,74,0,0.0,1,101,0,0.0,1,71,4,0.056338028169014086,1
BAH-P-2676,2,False,121,0,0.0,1,92,0,0.0,1,116,0,0.0,1,86,4,0.046511627906976744,1
BAH-P-2677,2,False,95,0,0.0,1,66,0,0.0,1,93,0,0.0,1,63,4,0.06349206349206349,1
BAH-P-2678,2,True,109,0,0.0,1,82,0,0.0,1,110,0,0.0,1,81,4,0.04938271604938271,1
BAH-P-2679,2,False,108,0,0.0,1,81,0,0.0,1,105,2,0.01904761904761905,1,76,6,0.07894736842105263,1
BAH-P-2680,2,False,149,0,0.0,2,120,0,0.0,1,142,0,0.0,2,112,4,0.03571428571428571,1
BAH-P-2681,2,False,130,0,0.0,2,103,0,0.0,1,125,4,0.032,1,96,8,0.08333333333333333,1
BAH-P-2682,2,False,111,0,0.0,1,84,0,0.0,1,108,0,0.0,1,79,4,0.05063291139240506,1
BAH-P-2683,2,False,137,0,0.0,2,110,0,0.0,1,134,4,0.029850746268656716,2,105,8,0.0761904761904762,1
BAH-P-2684,2,False,136,0,0.0,2,109,0,0.0,1,131,4,0.030534351145038167,2,102,8,0.0784313725490196,1
BAH-P-2685,2,False,109,0,0.0,1,79,0,0.0,1,106,0,0.0,1,75,4,0.05333333333333334,1
BAH-P-2686,2,False,121,0,0.0,1,91,0,0.0,1,116,2,0.017241379310344827,1,85,6,0.07058823529411765,1
BAH-P-2687,2,False,114,0,0.0,1,84,0,0.0,1,110,0,0.0,1,79,4,0.05063291139240506,1
BAH-P-2688,2,False,166,0,0.0,2,131,0,0.0,2,164,2,0.012195121951219513,2,128,6,0.046875,1
BAH-P-2689,2,False,111,0,0.0,1,81,0,0.0,1,104,0,0.0,1,73,4,0.0547945205479452,1
BAH-P-2690,2,True,112,0,0.0,1,82,0,0.0,1,105,0,0.0,1,74,4,0.05405405405405406,1
BAH-P-2691,2,False,135,0,0.0,2,101,0,0.0,1,129,2,0.015503875968992248,2,94,6,0.06382978723404255,1
BAH-P-2692,2,False,127,0,0.0,1,98,0,0.0,1,117,2,0.017094017094017096,1,87,6,0.06896551724137931,1
BAH-P-2693,2,False,113,0,0.0,1,83,0,0.0,1,104,2,0.019230769230769232,1,73,6,0.0821917808219178,1
BAH-P-2694,2,False,135,0,0.0,2,103,0,0.0,1,130,0,0.0,2,96,4,0.041666666666666664,1
BAH-P-2695,2,False,120,0,0.0,1,88,0,0.0,1,117,0,0.0,1,83,4,0.04819277108433735,1
BAH-P-2696,2,False,125,0,0.0,1,99,0,0.0,1,123,2,0.016260162601626018,1,95,6,0.06315789473684211,1
BAH-P-2697,2,False,102,0,0.0,1,76,0,0.0,1,101,0,0.0,1,73,4,0.0547945205479452,1
BAH-P-2698,2,True,123,0,0.0,1,94,0,0.0,1,118,0,0.0,1,88,4,0.045454545454545456,1
BAH-P-2699,2,True,105,0,0.0,1,79,0,0.0,1,103,0,0.0,1,75,4,0.05333333333333334,1
BAH-P-2700,2,True,105,0,0.0,1,79,0,0.0,1,104,0,0.0,1,76,4,0.05263157894736842,1
BAH-P-2701,2,False,112,0,0.0,1,86,0,0.0,1,112,0,0.0,1,84,4,0.047619047619047616,1
BAH-P-2702,2,True,105,0,0.0,1,79,0,0.0,1,105,2,0.01904761904761905,1,77,6,0.07792207792207792,1
BAH-P-2703,2,False,98,0,0.0,1,69,0,0.0,1,96,2,0.020833333333333332,1,66,6,0.09090909090909091,1
BAH-P-2704,2,False,98,0,0.0,1,69,0,0.0,1,98,2,0.02040816326530612,1,68,6,0.08823529411764706,1
BAH-P-2705,2,True,94,0,0.0,1,65,0,0.0,1,91,0,0.0,1,61,4,0.06557377049180328,1
BAH-P-2706,2,False,105,0,0.0,1,76,0,0.0,1,101,0,0.0,1,71,4,0.056338028169014086,1
BAH-P-2707,2,True,112,0,0.0,1,80,0,0.0,1,110,0,0.0,1,76,4,0.05263157894736842,1
BAH-P-2708,2,True,171,0,0.0,2,139,0,0.0,2,162,1,0.006172839506172839,2,128,5,0.0390625,1
BAH-P-2709,2,True,122,0,0.0,1,96,0,0.0,1,116,0,0.0,1,88,4,0.045454545454545456,1
BAH-P-2710,2,False,120,0,0.0,1,93,0,0.0,1,116,4,0.034482758620689655,1,87,8,0.09195402298850575,1
BAH-P-2711,2,True,92,0,0.0,1,71,0,0.0,1,90,0,0.0,1,67,4,0.05970149253731343,1
BAH-P-2712,2,False,112,0,0.0,1,85,0,0.0,1,107,2,0.018691588785046728,1,78,6,0.07692307692307693,1
BAH-P-2713,2,False,120,0,0.0,1,88,0,0.0,1,114,0,0.0,1,80,4,0.05,1
BAH-P-2714,2,False,111,0,0.0,1,82,0,0.0,1,108,2,0.018518518518518517,1,78,6,0.07692307692307693,1
BAH-P-2715,2,False,115,0,0.0,1,88,0,0.0,1,113,2,0.017699115044247787,1,84,6,0.07142857142857142,1
BAH-P-2716,2,False,109,0,0.0,1,82,0,0.0,1,109,2,0.01834862385321101,1,80,6,0.075,1
BAH-P-2717,2,True,98,0,0.0,1,69,0,0.0,1,96,0,0.0,1,66,4,0.06060606060606061,1
BAH-P-2718,2,False,116,0,0.0,1,84,0,0.0,1,114,0,0.0,1,80,4,0.05,1
BAH-P-2719,2,False,123,0,0.0,1,91,0,0.0,1,120,0,0.0,1,86,4,0.046511627906976744,1
BAH-P-2720,2,False,112,0,0.0,1,80,0,0.0,1,110,0,0.0,1,76,4,0.05263157894736842,1
BAH-P-2721,2,False,121,0,0.0,1,89,0,0.0,1,114,0,0.0,1,80,4,0.05,1
BAH-P-2722,2,False,69,0,0.0,1,48,0,0.0,1,69,0,0.0,1,47,2,0.0425531914893617,1
BAH-P-2723,2,False,116,0,0.0,1,90,0,0.0,1,113,2,0.017699115044247787,1,85,6,0.07058823529411765,1
BAH-P-2724,2,False,113,0,0.0,1,87,0,0.0,1,110,2,0.01818181818181818,1,82,6,0.07317073170731707,1
BAH-P-2725,2,False,113,0,0.0,1,87,0,0.0,1,110,0,0.0,1,82,4,0.04878048780487805,1
BAH-P-2726,2,False,105,0,0.0,1,76,0,0.0,1,102,0,0.0,1,72,4,0.05555555555555555,1
BAH-P-2727,2,False,116,0,0.0,1,87,0,0.0,1,115,0,0.0,1,85,4,0.047058823529411764,1
BAH-P-2728,2,False,105,0,0.0,1,76,0,0.0,1,103,0,0.0,1,73,4,0.0547945205479452,1
BAH-P-2729,2,False,109,0,0.0,1,80,0,0.0,1,106,0,0.0,1,76,4,0.05263157894736842,1
BAH-P-2730,2,False,98,0,0.0,1,69,0,0.0,1,94,0,0.0,1,64,4,0.0625,1
BAH-P-2731,2,False,118,0,0.0,1,92,0,0.0,1,115,2,0.017391304347826087,1,87,6,0.06896551724137931,1
BAH-P-2732,2,False,103,0,0.0,1,74,0,0.0,1,100,0,0.0,1,70,4,0.05714285714285714,1
BAH-P-2733,2,False,105,0,0.0,1,76,0,0.0,1,102,0,0.0,1,72,4,0.05555555555555555,1
BAH-P-2734,2,True,97,0,0.0,1,68,0,0.0,1,96,0,0.0,1,66,4,0.06060606060606061,1
BAH-P-2735,2,True,114,0,0.0,1,85,0,0.0,1,112,0,0.0,1,82,4,0.04878048780487805,1
BAH-P-2736,2,False,104,0,0.0,1,75,0,0.0,1,102,0,0.0,1,72,4,0.05555555555555555,1
BAH-P-2737,2,False,116,0,0.0,1,87,0,0.0,1,112,0,0.0,1,82,4,0.04878048780487805,1
BAH-P-2738,2,False,114,0,0.0,1,85,0,0.0,1,103,0,0.0,1,73,4,0.0547945205479452,1
BAH-P-2739,2,False,105,0,0.0,1,78,0,0.0,1,105,2,0.01904761904761905,1,76,6,0.07894736842105263,1
BAH-P-2740,2,True,104,0,0.0,1,72,0,0.0,1,104,0,0.0,1,70,4,0.05714285714285714,1
BAH-P-2741,2,True,109,0,0.0,1,77,0,0.0,1,106,0,0.0,1,72,4,0.05555555555555555,1
BAH-P-2742,2,False,115,0,0.0,1,83,0,0.0,1,112,0,0.0,1,78,4,0.05128205128205128,1
BAH-P-2743,2,False,231,0,0.0,2,173,0,0.0,2,220,14,0.06363636363636363,2,160,13,0.08125,2
BAH-P-2744,2,False,125,0,0.0,1,93,0,0.0,1,121,0,0.0,1,87,4,0.04597701149425287,1
BAH-P-2745,2,False,151,0,0.0,2,121,0,0.0,1,138,2,0.014492753623188406,2,107,6,0.056074766355140186,1
BAH-P-2746,2,True,109,0,0.0,1,83,0,0.0,1,108,0,0.0,1,80,4,0.05,1
BAH-P-2747,2,False,110,0,0.0,1,78,0,0.0,1,108,0,0.0,1,74,4,0.05405405405405406,1
BAH-P-2748,2,False,121,0,0.0,1,89,0,0.0,1,116,0,0.0,1,82,4,0.04878048780487805,1
BAH-P-2749,2,False,117,0,0.0,1,85,0,0.0,1,115,0,0.0,1,81,4,0.04938271604938271,1
BAH-P-2750,2,False,114,0,0.0,1,82,0,0.0,1,111,0,0.0,1,77,4,0.05194805194805195,1
BAH-P-2751,2,False,104,0,0.0,1,78,0,0.0,1,103,0,0.0,1,75,4,0.05333333333333334,1
BAH-P-2752,2,False,131,0,0.0,2,105,0,0.0,1,129,4,0.031007751937984496,2,101,8,0.07920792079207921,1
BAH-P-2753,2,False,124,0,0.0,1,92,0,0.0,1,120,0,0.0,1,86,4,0.046511627906976744,1
BAH-P-2754,2,False,125,0,0.0,1,99,0,0.0,1,121,4,0.03305785123966942,1,93,8,0.08602150537634409,1
BAH-P-2755,2,True,105,0,0.0,1,79,0,0.0,1,103,0,0.0,1,75,4,0.05333333333333334,1
BAH-P-2756,2,False,111,0,0.0,1,79,0,0.0,1,108,0,0.0,1,74,4,0.05405405405405406,1
BAH-P-2757,2,False,121,0,0.0,1,89,0,0.0,1,116,0,0.0,1,82,4,0.04878048780487805,1
BAH-P-2758,2,False,111,0,0.0,1,85,0,0.0,1,109,0,0.0,1,81,4,0.04938271604938271,1
BAH-P-2759,2,False,102,0,0.0,1,73,0,0.0,1,98,0,0.0,1,68,4,0.058823529411764705,1
BAH-P-2760,2,False,115,0,0.0,1,86,0,0.0,1,108,0,0.0,1,78,4,0.05128205128205128,1
BAH-P-2761,2,False,109,0,0.0,1,80,0,0.0,1,104,0,0.0,1,74,4,0.05405405405405406,1
BAH-P-2762,2,False,119,0,0.0,1,87,0,0.0,1,116,0,0.0,1,82,4,0.04878048780487805,1
BAH-P-2763,2,True,105,0,0.0,1,75,0,0.0,1,98,0,0.0,1,67,4,0.05970149253731343,1
BAH-P-2764,2,False,109,0,0.0,1,82,0,0.0,1,112,0,0.0,1,83,4,0.04819277108433735,1
BAH-P-2765,2,False,125,0,0.0,1,95,0,0.0,1,117,2,0.017094017094017096,1,86,6,0.06976744186046512,1
BAH-P-2766,2,False,121,0,0.0,1,91,0,0.0,1,114,0,0.0,1,83,4,0.04819277108433735,1
BAH-P-2767,2,False,118,0,0.0,1,88,0,0.0,1,111,0,0.0,1,80,4,0.05,1
BAH-P-2768,2,False,104,0,0.0,1,74,0,0.0,1,101,0,0.0,1,70,4,0.05714285714285714,1
BAH-P-2769,2,False,216,0,0.0,2,182,0,0.0,2,193,2,0.010362694300518135,2,158,5,0.03164556962025317,2
BAH-P-2770,2,False,129,0,0.0,2,99,0,0.0,1,122,2,0.01639344262295082,1,91,6,0.06593406593406594,1
BAH-P-2771,2,True,111,0,0.0,1,81,0,0.0,1,106,0,0.0,1,75,4,0.05333333333333334,1
BAH-P-2772,2,True,97,0,0.0,1,68,0,0.0,1,94,0,0.0,1,64,4,0.0625,1
BAH-P-2773,2,False,118,0,0.0,1,86,0,0.0,1,116,0,0.0,1,82,4,0.04878048780487805,1
BAH-P-2774,2,True,106,0,0.0,1,74,0,0.0,1,104,0,0.0,1,70,4,0.05714285714285714,1
BAH-P-2775,2,False,112,0,0.0,1,80,0,0.0,1,109,0,0.0,1,75,4,0.05333333333333334,1
BAH-P-2776,2,False,119,0,0.0,1,87,0,0.0,1,119,0,0.0,1,85,4,0.047058823529411764,1
BAH-P-2777,2,False,114,0,0.0,1,84,0,0.0,1,106,0,0.0,1,75,4,0.05333333333333334,1
BAH-P-2778,2,False,119,0,0.0,1,87,0,0.0,1,114,0,0.0,1,80,4,0.05,1
BAH-P-2779,2,False,122,0,0.0,1,90,0,0.0,1,120,0,0.0,1,86,4,0.046511627906976744,1
BAH-P-2780,2,True,108,0,0.0,1,82,0,0.0,1,107,2,0.018691588785046728,1,79,6,0.0759493670886076,1
BAH-P-2781,2,True,109,0,0.0,1,83,0,0.0,1,107,2,0.018691588785046728,1,79,6,0.0759493670886076,1
BAH-P-2782,2,True,118,0,0.0,1,92,0,0.0,1,115,2,0.017391304347826087,1,87,6,0.06896551724137931,1
BAH-P-2783,2,True,109,0,0.0,1,83,0,0.0,1,106,2,0.018867924528301886,1,78,6,0.07692307692307693,1
BAH-P-2784,2,True,118,0,0.0,1,92,0,0.0,1,117,2,0.017094017094017096,1,89,6,0.06741573033707865,1
BAH-P-2785,2,False,122,0,0.0,1,100,0,0.0,1,118,2,0.01694915254237288,1,95,5,0.05263157894736842,1
BAH-P-2786,2,False,107,0,0.0,1,81,0,0.0,1,105,2,0.01904761904761905,1,77,6,0.07792207792207792,1
BAH-P-2787,2,True,100,0,0.0,1,71,0,0.0,1,97,0,0.0,1,67,4,0.05970149253731343,1
BAH-P-2788,2,False,121,0,0.0,1,89,0,0.0,1,118,0,0.0,1,84,4,0.047619047619047616,1
BAH-P-2789,2,True,109,0,0.0,1,83,0,0.0,1,106,2,0.018867924528301886,1,78,6,0.07692307692307693,1
BAH-P-2790,2,False,172,0,0.0,2,142,0,0.0,2,168,4,0.023809523809523808,2,136,8,0.058823529411764705,2
BAH-P-2791,2,False,96,0,0.0,1,67,0,0.0,1,93,0,0.0,1,63,4,0.06349206349206349,1
BAH-P-2792,2,False,186,0,0.0,2,152,0,0.0,2,182,13,0.07142857142857142,2,147,16,0.10884353741496598,2
BAH-P-2793,2,False,131,0,0.0,2,101,0,0.0,1,119,0,0.0,1,88,4,0.045454545454545456,1
BAH-P-2794,2,False,130,0,0.0,2,101,0,0.0,1,125,2,0.016,1,95,6,0.06315789473684211,1
BAH-P-2795,2,False,115,0,0.0,1,86,0,0.0,1,112,0,0.0,1,82,4,0.04878048780487805,1
BAH-P-2796,2,False,113,0,0.0,1,86,0,0.0,1,115,2,0.017391304347826087,1,86,6,0.06976744186046512,1
BAH-P-2797,2,False,124,0,0.0,1,93,0,0.0,1,122,2,0.01639344262295082,1,89,5,0.056179775280898875,1
BAH-P-2798,2,False,136,0,0.0,2,109,0,0.0,1,135,0,0.0,2,106,4,0.03773584905660377,1
BAH-P-2799,2,False,101,0,0.0,1,74,0,0.0,1,102,0,0.0,1,73,4,0.0547945205479452,1
BAH-P-2800,2,False,122,0,0.0,1,92,0,0.0,1,118,0,0.0,1,87,4,0.04597701149425287,1
BAH-P-2801,2,False,96,0,0.0,1,69,0,0.0,1,96,0,0.0,1,67,4,0.05970149253731343,1
BAH-P-2802,2,False,120,0,0.0,1,88,0,0.0,1,115,0,0.0,1,81,4,0.04938271604938271,1
BAH-P-2803,2,False,249,0,0.0,2,191,0,0.0,2,242,15,0.06198347107438017,2,182,14,0.07692307692307693,2
BAH-P-2804,2,True,107,0,0.0,1,75,0,0.0,1,104,0,0.0,1,70,4,0.05714285714285714,1
BAH-P-2805,2,False,110,0,0.0,1,78,0,0.0,1,108,0,0.0,1,74,4,0.05405405405405406,1
BAH-P-2806,2,False,102,0,0.0,1,76,0,0.0,1,101,0,0.0,1,73,4,0.0547945205479452,1
BAH-P-2807,2,True,107,0,0.0,1,77,0,0.0,1,101,0,0.0,1,70,4,0.05714285714285714,1
BAH-P-2808,2,True,111,0,0.0,1,81,0,0.0,1,105,0,0.0,1,74,4,0.05405405405405406,1
BAH-P-2809,2,False,118,0,0.0,1,88,0,0.0,1,113,0,0.0,1,82,4,0.04878048780487805,1
BAH-P-2810,2,True,109,0,0.0,1,79,0,0.0,1,104,0,0.0,1,73,4,0.0547945205479452,1
BAH-P-2811,2,False,118,0,0.0,1,92,0,0.0,1,118,0,0.0,1,90,4,0.044444444444444446,1
BAH-P-2812,2,False,108,0,0.0,1,78,0,0.0,1,104,0,0.0,1,73,4,0.0547945205479452,1
BAH-P-2813,2,True,111,0,0.0,1,81,0,0.0,1,104,0,0.0,1,73,4,0.0547945205479452,1
BAH-P-2814,2,False,116,0,0.0,1,84,0,0.0,1,116,0,0.0,1,82,4,0.04878048780487805,1
BAH-P-2815,2,False,108,0,0.0,1,78,0,0.0,1,101,0,0.0,1,70,4,0.05714285714285714,1
BAH-P-2816,2,True,120,0,0.0,1,90,0,0.0,1,113,0,0.0,1,82,4,0.04878048780487805,1
BAH-P-2817,2,False,117,0,0.0,1,88,0,0.0,1,109,0,0.0,1,79,4,0.05063291139240506,1
BAH-P-2818,2,True,105,0,0.0,1,75,0,0.0,1,101,0,0.0,1,70,4,0.05714285714285714,1
BAH-P-2819,2,False,140,0,0.0,2,110,0,0.0,1,135,4,0.02962962962962963,2,104,8,0.07692307692307693,1
BAH-P-2820,2,False,113,0,0.0,1,83,0,0.0,1,106,2,0.018867924528301886,1,75,6,0.08,1
BAH-P-2821,2,False,129,0,0.0,2,103,0,0.0,1,123,4,0.032520325203252036,1,95,8,0.08421052631578947,1
BAH-P-2822,2,True,102,0,0.0,1,76,0,0.0,1,99,0,0.0,1,71,4,0.056338028169014086,1
BAH-P-2823,2,False,110,0,0.0,1,84,0,0.0,1,109,2,0.01834862385321101,1,81,6,0.07407407407407407,1
BAH-P-2824,2,True,109,0,0.0,1,83,0,0.0,1,106,2,0.018867924528301886,1,78,6,0.07692307692307693,1
BAH-P-2825,2,False,126,0,0.0,1,100,0,0.0,1,121,2,0.01652892561983471,1,93,6,0.06451612903225806,1
BAH-P-2826,2,True,116,0,0.0,1,90,0,0.0,1,114,2,0.017543859649122806,1,86,6,0.06976744186046512,1
BAH-P-2827,2,False,109,0,0.0,1,83,0,0.0,1,108,0,0.0,1,80,4,0.05,1
BAH-P-2828,2,False,123,0,0.0,1,97,0,0.0,1,118,4,0.03389830508474576,1,90,8,0.08888888888888889,1
BAH-P-2829,2,False,109,0,0.0,1,80,0,0.0,1,106,0,0.0,1,76,4,0.05263157894736842,1
BAH-P-2830,2,False,105,0,0.0,1,79,0,0.0,1,103,0,0.0,1,75,4,0.05333333333333334,1
BAH-P-2831,2,False,247,0,0.0,2,217,0,0.0,2,239,14,0.058577405857740586,2,207,17,0.0821256038647343,2
BAH-P-2832,2,True,101,0,0.0,1,72,0,0.0,1,98,0,0.0,1,68,4,0.058823529411764705,1
BAH-P-2833,2,False,122,0,0.0,1,92,0,0.0,1,112,0,0.0,1,81,4,0.04938271604938271,1
BAH-P-2834,2,False,190,0,0.0,2,156,0,0.0,2,185,0,0.0,2,150,3,0.02,2
BAH-P-2835,2,True,97,0,0.0,1,68,0,0.0,1,93,0,0.0,1,63,4,0.06349206349206349,1
BAH-P-2836,2,False,109,0,0.0,1,80,0,0.0,1,107,0,0.0,1,77,4,0.05194805194805195,1
BAH-P-2837,2,False,126,0,0.0,1,99,0,0.0,1,123,3,0.024390243902439025,1,94,7,0.07446808510638298,1
BAH-P-2838,2,False,114,0,0.0,1,84,0,0.0,1,108,0,0.0,1,77,4,0.05194805194805195,1
BAH-P-2839,2,False,114,0,0.0,1,87,0,0.0,1,111,0,0.0,1,82,4,0.04878048780487805,1
BAH-P-2840,2,False,122,0,0.0,1,95,0,0.0,1,117,2,0.017094017094017096,1,88,6,0.06818181818181818,1
BAH-P-2841,2,False,117,0,0.0,1,87,0,0.0,1,111,0,0.0,1,80,4,0.05,1
BAH-P-2842,2,False,182,0,0.0,2,148,0,0.0,2,161,0,0.0,2,126,3,0.023809523809523808,1
BAH-P-2843,2,False,104,0,0.0,1,74,0,0.0,1,100,0,0.0,1,68,4,0.058823529411764705,1
BAH-P-2844,2,False,109,0,0.0,1,79,0,0.0,1,103,0,0.0,1,72,4,0.05555555555555555,1
BAH-P-2845,2,False,116,0,0.0,1,86,0,0.0,1,110,0,0.0,1,79,4,0.05063291139240506,1
BAH-P-2846,2,False,158,0,0.0,2,128,0,0.0,1,155,2,0.012903225806451613,2,124,6,0.04838709677419355,1
BAH-P-2847,2,False,120,0,0.0,1,90,0,0.0,1,109,0,0.0,1,78,4,0.05128205128205128,1
BAH-P-2848,2,False,126,0,0.0,1,100,0,0.0,1,120,2,0.016666666666666666,1,92,6,0.06521739130434782,1
BAH-P-2849,2,False,122,0,0.0,1,90,0,0.0,1,117,0,0.0,1,83,4,0.04819277108433735,1
BAH-P-2850,2,True,108,0,0.0,1,76,0,0.0,1,105,0,0.0,1,71,4,0.056338028169014086,1
BAH-P-2851,2,False,108,0,0.0,1,76,0,0.0,1,106,0,0.0,1,72,4,0.05555555555555555,1
BAH-P-2852,2,False,120,0,0.0,1,94,0,0.0,1,118,2,0.01694915254237288,1,90,6,0.06666666666666667,1
BAH-P-2853,2,False,114,0,0.0,1,82,0,0.0,1,114,0,0.0,1,80,4,0.05,1
BAH-P-2854,2,False,126,0,0.0,1,94,0,0.0,1,121,0,0.0,1,87,4,0.04597701149425287,1
BAH-P-2855,2,False,111,0,0.0,1,79,0,0.0,1,108,0,0.0,1,74,4,0.05405405405405406,1
BAH-P-2856,2,False,119,0,0.0,1,87,0,0.0,1,119,0,0.0,1,85,4,0.047058823529411764,1
BAH-P-2857,2,False,117,0,0.0,1,85,0,0.0,1,115,0,0.0,1,81,4,0.04938271604938271,1
BAH-P-2858,2,False,112,0,0.0,1,80,0,0.0,1,111,0,0.0,1,77,4,0.05194805194805195,1
BAH-P-2859,2,False,105,0,0.0,1,76,0,0.0,1,103,0,0.0,1,73,4,0.0547945205479452,1
BAH-P-2860,2,False,105,0,0.0,1,76,0,0.0,1,104,0,0.0,1,74,4,0.05405405405405406,1
BAH-P-2861,2,False,105,0,0.0,1,76,0,0.0,1,100,0,0.0,1,70,4,0.05714285714285714,1
BAH-P-2862,2,False,100,0,0.0,1,71,0,0.0,1,99,0,0.0,1,69,4,0.057971014492753624,1
BAH-P-2863,2,True,92,0,0.0,1,63,0,0.0,1,89,0,0.0,1,59,4,0.06779661016949153,1
BAH-P-2864,2,False,97,0,0.0,1,68,0,0.0,1,97,0,0.0,1,67,4,0.05970149253731343,1
BAH-P-2865,2,False,105,0,0.0,1,76,0,0.0,1,103,0,0.0,1,73,4,0.0547945205479452,1
BAH-P-2866,2,False,125,0,0.0,1,98,0,0.0,1,123,2,0.016260162601626018,1,94,6,0.06382978723404255,1
BAH-P-2867,2,False,111,0,0.0,1,84,0,0.0,1,110,4,0.03636363636363636,1,81,8,0.09876543209876543,1
BAH-P-2868,2,False,129,0,0.0,2,99,0,0.0,1,124,0,0.0,1,93,4,0.043010752688172046,1
BAH-P-2869,2,False,141,0,0.0,2,106,0,0.0,1,136,0,0.0,2,100,4,0.04,1
BAH-P-2870,2,False,112,0,0.0,1,82,0,0.0,1,110,0,0.0,1,79,4,0.05063291139240506,1
BAH-P-2871,2,True,124,0,0.0,1,94,0,0.0,1,118,0,0.0,1,87,4,0.04597701149425287,1
BAH-P-2872,2,False,116,0,0.0,1,86,0,0.0,1,111,0,0.0,1,80,4,0.05,1
BAH-P-2873,2,False,113,0,0.0,1,81,0,0.0,1,112,0,0.0,1,78,4,0.05128205128205128,1
BAH-P-2874,2,False,170,0,0.0,2,138,0,0.0,2,160,1,0.00625,2,126,5,0.03968253968253968,1
BAH-P-2875,2,False,118,0,0.0,1,86,0,0.0,1,114,0,0.0,1,80,4,0.05,1
BAH-P-2876,2,True,115,0,0.0,1,83,0,0.0,1,113,0,0.0,1,79,4,0.05063291139240506,1
BAH-P-2877,2,True,111,0,0.0,1,79,0,0.0,1,108,0,0.0,1,74,4,0.05405405405405406,1
BAH-P-2878,2,False,125,0,0.0,1,93,0,0.0,1,121,0,0.0,1,87,4,0.04597701149425287,1
BAH-P-2879,2,False,111,0,0.0,1,79,0,0.0,1,110,0,0.0,1,76,4,0.05263157894736842,1
BAH-P-2880,2,False,119,0,0.0,1,87,0,0.0,1,116,0,0.0,1,82,4,0.04878048780487805,1
BAH-P-2881,2,True,104,0,0.0,1,78,0,0.0,1,102,0,0.0,1,74,4,0.05405405405405406,1
BAH-P-2882,2,False,104,0,0.0,1,78,0,0.0,1,103,0,0.0,1,75,4,0.05333333333333334,1
BAH-P-2883,2,True,118,0,0.0,1,92,0,0.0,1,117,2,0.017094017094017096,1,89,6,0.06741573033707865,1
BAH-P-2884,2,False,140,0,0.0,2,114,0,0.0,1,126,2,0.015873015873015872,1,98,6,0.061224489795918366,1
BAH-P-2885,2,True,108,0,0.0,1,82,0,0.0,1,109,0,0.0,1,81,4,0.04938271604938271,1
BAH-P-2886,2,True,104,0,0.0,1,78,0,0.0,1,101,0,0.0,1,73,4,0.0547945205479452,1
BAH-P-2887,2,False,123,0,0.0,1,97,0,0.0,1,114,2,0.017543859649122806,1,86,6,0.06976744186046512,1
BAH-P-2888,2,False,118,0,0.0,1,86,0,0.0,1,115,0,0.0,1,81,4,0.04938271604938271,1
BAH-P-2889,2,True,122,0,0.0,1,96,0,0.0,1,119,0,0.0,1,91,4,0.04395604395604396,1
BAH-P-2890,2,False,118,0,0.0,1,92,0,0.0,1,115,0,0.0,1,87,4,0.04597701149425287,1
BAH-P-2891,2,False,112,0,0.0,1,85,0,0.0,1,112,0,0.0,1,83,4,0.04819277108433735,1
BAH-P-2892,2,False,112,0,0.0,1,83,0,0.0,1,109,0,0.0,1,79,4,0.05063291139240506,1
BAH-P-2893,2,True,92,0,0.0,1,63,0,0.0,1,90,0,0.0,1,60,4,0.06666666666666667,1
BAH-P-2894,2,False,125,0,0.0,1,96,0,0.0,1,107,0,0.0,1,77,4,0.05194805194805195,1
BAH-P-2895,2,False,117,0,0.0,1,88,0,0.0,1,109,0,0.0,1,79,4,0.05063291139240506,1
BAH-P-2896,2,False,119,0,0.0,1,93,0,0.0,1,113,2,0.017699115044247787,1,85,6,0.07058823529411765,1
BAH-P-2897,2,False,135,0,0.0,2,109,0,0.0,1,130,4,0.03076923076923077,2,102,8,0.0784313725490196,1
BAH-P-2898,2,True,118,0,0.0,1,92,0,0.0,1,110,2,0.01818181818181818,1,82,6,0.07317073170731707,1
BAH-P-2899,2,False,107,0,0.0,1,81,0,0.0,1,108,2,0.018518518518518517,1,80,6,0.075,1
BAH-P-2900,2,True,108,0,0.0,1,82,0,0.0,1,105,2,0.01904761904761905,1,77,6,0.07792207792207792,1
BAH-P-2901,2,False,111,0,0.0,1,85,0,0.0,1,112,2,0.017857142857142856,1,84,6,0.07142857142857142,1
BAH-P-2902,2,False,133,0,0.0,2,103,0,0.0,1,130,8,0.06153846153846154,2,98,11,0.11224489795918367,1
BAH-P-2903,2,True,110,0,0.0,1,80,0,0.0,1,105,0,0.0,1,74,4,0.05405405405405406,1
BAH-P-2904,2,True,116,0,0.0,1,86,0,0.0,1,108,0,0.0,1,77,4,0.05194805194805195,1
BAH-P-2905,2,False,112,0,0.0,1,86,0,0.0,1,107,2,0.018691588785046728,1,79,6,0.0759493670886076,1
BAH-P-2906,2,False,118,0,0.0,1,88,0,0.0,1,110,0,0.0,1,79,4,0.05063291139240506,1
BAH-P-2907,2,False,116,0,0.0,1,86,0,0.0,1,107,0,0.0,1,76,4,0.05263157894736842,1
BAH-P-2908,2,True,112,0,0.0,1,82,0,0.0,1,106,0,0.0,1,75,4,0.05333333333333334,1
BAH-P-2909,2,False,131,0,0.0,2,104,0,0.0,1,123,0,0.0,1,94,4,0.0425531914893617,1
BAH-P-2910,2,False,121,0,0.0,1,91,0,0.0,1,118,0,0.0,1,87,4,0.04597701149425287,1
BAH-P-2911,2,True,120,0,0.0,1,88,0,0.0,1,118,0,0.0,1,84,4,0.047619047619047616,1
BAH-P-2912,2,False,144,0,0.0,2,117,0,0.0,1,138,4,0.028985507246376812,2,109,8,0.07339449541284404,1
BAH-P-2913,2,False,138,0,0.0,2,106,0,0.0,1,133,1,0.007518796992481203,2,100,5,0.05,1
BAH-P-2914,2,False,137,0,0.0,2,105,0,0.0,1,129,0,0.0,2,95,4,0.042105263157894736,1
BAH-P-2915,2,False,116,0,0.0,1,90,0,0.0,1,113,2,0.017699115044247787,1,85,6,0.07058823529411765,1
BAH-P-2916,2,False,124,0,0.0,1,92,0,0.0,1,120,0,0.0,1,86,4,0.046511627906976744,1
BAH-P-2917,2,False,116,0,0.0,1,84,0,0.0,1,113,0,0.0,1,79,4,0.05063291139240506,1
BAH-P-2918,2,False,110,0,0.0,1,78,0,0.0,1,106,0,0.0,1,72,4,0.05555555555555555,1
BAH-P-2919,2,False,124,0,0.0,1,92,0,0.0,1,119,0,0.0,1,85,4,0.047058823529411764,1
BAH-P-2920,2,False,134,0,0.0,2,102,0,0.0,1,128,0,0.0,1,94,4,0.0425531914893617,1
BAH-P-2921,2,False,103,0,0.0,1,74,0,0.0,1,97,0,0.0,1,67,4,0.05970149253731343,1
BAH-P-2922,2,False,106,0,0.0,1,77,0,0.0,1,104,0,0.0,1,74,4,0.05405405405405406,1
BAH-P-2923,2,False,108,0,0.0,1,79,0,0.0,1,103,0,0.0,1,73,4,0.0547945205479452,1
BAH-P-2924,2,False,108,0,0.0,1,79,0,0.0,1,108,0,0.0,1,78,4,0.05128205128205128,1
BAH-P-2925,2,False,145,0,0.0,2,118,0,0.0,1,148,2,0.013513513513513514,2,119,6,0.05042016806722689,1
BAH-P-2926,2,False,114,0,0.0,1,87,0,0.0,1,113,2,0.017699115044247787,1,84,6,0.07142857142857142,1
BAH-P-2927,2,False,122,0,0.0,1,95,0,0.0,1,118,2,0.01694915254237288,1,89,6,0.06741573033707865,1
BAH-P-2928,2,False,114,0,0.0,1,87,0,0.0,1,113,2,0.017699115044247787,1,84,6,0.07142857142857142,1
BAH-P-2929,2,False,127,0,0.0,1,100,0,0.0,1,128,4,0.03125,1,99,8,0.08080808080808081,1
BAH-P-2930,2,True,114,0,0.0,1,82,0,0.0,1,112,0,0.0,1,78,4,0.05128205128205128,1
BAH-P-2931,2,False,138,0,0.0,2,111,0,0.0,1,134,2,0.014925373134328358,2,105,6,0.05714285714285714,1
BAH-P-2932,2,True,118,0,0.0,1,91,0,0.0,1,114,2,0.017543859649122806,1,85,6,0.07058823529411765,1
BAH-P-2933,2,True,112,0,0.0,1,85,0,0.0,1,111,0,0.0,1,82,4,0.04878048780487805,1
BAH-P-2934,2,True,116,0,0.0,1,89,0,0.0,1,113,0,0.0,1,84,4,0.047619047619047616,1
BAH-P-2935,2,False,141,0,0.0,2,107,0,0.0,1,138,6,0.043478260869565216,2,103,10,0.0970873786407767,1
BAH-P-2936,2,False,107,0,0.0,1,78,0,0.0,1,103,0,0.0,1,73,4,0.0547945205479452,1
BAH-P-2937,2,False,103,0,0.0,1,74,0,0.0,1,99,0,0.0,1,69,4,0.057971014492753624,1
BAH-P-2938,2,False,114,0,0.0,1,85,0,0.0,1,106,2,0.018867924528301886,1,76,6,0.07894736842105263,1
BAH-P-2939,2,False,114,0,0.0,1,85,0,0.0,1,109,3,0.027522935779816515,1,79,7,0.08860759493670886,1
BAH-P-2940,2,False,113,0,0.0,1,81,0,0.0,1,111,0,0.0,1,77,4,0.05194805194805195,1
BAH-P-2941,2,False,126,0,0.0,1,100,0,0.0,1,124,4,0.03225806451612903,1,96,8,0.08333333333333333,1
BAH-P-2942,2,True,117,0,0.0,1,91,0,0.0,1,113,2,0.017699115044247787,1,85,6,0.07058823529411765,1
BAH-P-2943,2,True,111,0,0.0,1,79,0,0.0,1,108,0,0.0,1,74,4,0.05405405405405406,1
BAH-P-2944,2,False,104,0,0.0,1,78,0,0.0,1,104,2,0.019230769230769232,1,76,6,0.07894736842105263,1
BAH-P-2945,2,False,113,0,0.0,1,81,0,0.0,1,112,0,0.0,1,78,4,0.05128205128205128,1
BAH-P-2946,2,True,106,0,0.0,1,74,0,0.0,1,106,0,0.0,1,72,4,0.05555555555555555,1
BAH-P-2947,2,True,117,0,0.0,1,85,0,0.0,1,117,0,0.0,1,83,4,0.04819277108433735,1
BAH-P-2948,2,False,116,0,0.0,1,84,0,0.0,1,112,0,0.0,1,78,4,0.05128205128205128,1
BAH-P-2949,2,False,113,0,0.0,1,81,0,0.0,1,112,0,0.0,1,78,4,0.05128205128205128,1
BAH-P-2950,2,False,131,0,0.0,2,104,0,0.0,1,126,4,0.031746031746031744,1,99,8,0.08080808080808081,1
BAH-P-2951,2,False,119,0,0.0,1,93,0,0.0,1,115,2,0.017391304347826087,1,87,6,0.06896551724137931,1
BAH-P-2952,2,False,109,0,0.0,1,83,0,0.0,1,108,0,0.0,1,80,4,0.05,1
BAH-P-2953,2,True,113,0,0.0,1,87,0,0.0,1,109,2,0.01834862385321101,1,81,6,0.07407407407407407,1
BAH-P-2954,2,False,140,0,0.0,2,114,0,0.0,1,121,2,0.01652892561983471,1,93,6,0.06451612903225806,1
BAH-P-2955,2,False,134,0,0.0,2,104,0,0.0,1,124,2,0.016129032258064516,1,93,6,0.06451612903225806,1
BAH-P-2956,2,False,109,0,0.0,1,77,0,0.0,1,106,0,0.0,1,72,4,0.05555555555555555,1
BAH-P-2957,2,False,109,0,0.0,1,82,0,0.0,1,109,0,0.0,1,80,4,0.05,1
BAH-P-2958,2,False,85,0,0.0,1,60,0,0.0,1,83,2,0.024096385542168676,1,56,5,0.08928571428571429,1
BAH-P-2959,2,True,112,0,0.0,1,86,0,0.0,1,108,2,0.018518518518518517,1,80,6,0.075,1
BAH-P-2960,2,False,114,0,0.0,1,88,0,0.0,1,112,4,0.03571428571428571,1,84,8,0.09523809523809523,1
BAH-P-2961,2,False,108,0,0.0,1,76,0,0.0,1,108,0,0.0,1,74,4,0.05405405405405406,1
BAH-P-2962,2,False,130,0,0.0,2,104,0,0.0,1,128,4,0.03125,1,100,8,0.08,1
BAH-P-2963,2,False,103,0,0.0,1,77,0,0.0,1,100,0,0.0,1,72,4,0.05555555555555555,1
BAH-P-2964,2,True,126,0,0.0,1,100,0,0.0,1,118,4,0.03389830508474576,1,90,8,0.08888888888888889,1
BAH-P-2965,2,False,124,0,0.0,1,92,0,0.0,1,119,0,0.0,1,85,4,0.047058823529411764,1
BAH-P-2966,2,False,123,0,0.0,1,91,0,0.0,1,118,0,0.0,1,84,4,0.047619047619047616,1
BAH-P-2967,2,True,141,0,0.0,2,109,0,0.0,1,135,0,0.0,2,101,4,0.039603960396039604,1
BAH-P-2968,2,False,108,0,0.0,1,76,0,0.0,1,104,0,0.0,1,70,4,0.05714285714285714,1
BAH-P-2969,2,False,115,0,0.0,1,83,0,0.0,1,113,0,0.0,1,79,4,0.05063291139240506,1
BAH-P-2970,2,False,129,0,0.0,2,97,0,0.0,1,124,0,0.0,1,90,4,0.044444444444444446,1
BAH-P-2971,2,False,115,0,0.0,1,85,0,0.0,1,113,0,0.0,1,82,4,0.04878048780487805,1
BAH-P-2972,2,False,128,0,0.0,1,96,0,0.0,1,123,0,0.0,1,89,4,0.0449438202247191,1
BAH-P-2973,2,False,81,0,0.0,1,51,0,0.0,1,80,0,0.0,1,48,3,0.0625,1
BAH-P-2974,2,False,101,0,0.0,1,72,0,0.0,1,96,0,0.0,1,66,4,0.06060606060606061,1
BAH-P-2975,2,False,110,0,0.0,1,81,0,0.0,1,106,0,0.0,1,76,4,0.05263157894736842,1
BAH-P-2976,2,True,104,0,0.0,1,75,0,0.0,1,100,0,0.0,1,70,4,0.05714285714285714,1
BAH-P-2977,2,False,95,0,0.0,1,70,0,0.0,1,89,2,0.02247191011235955,1,64,5,0.078125,1
BAH-P-2978,2,True,92,0,0.0,1,63,0,0.0,1,91,0,0.0,1,61,4,0.06557377049180328,1
BAH-P-2979,2,False,127,0,0.0,1,100,0,0.0,1,124,2,0.016129032258064516,1,95,6,0.06315789473684211,1
BAH-P-2980,2,False,122,0,0.0,1,95,0,0.0,1,124,2,0.016129032258064516,1,95,6,0.06315789473684211,1
BAH-P-2981,2,False,130,0,0.0,2,101,0,0.0,1,119,0,0.0,1,89,4,0.0449438202247191,1
BAH-P-2982,2,False,133,0,0.0,2,106,0,0.0,1,128,3,0.0234375,1,99,7,0.0707070707070707,1
BAH-P-2983,2,False,122,0,0.0,1,92,0,0.0,1,116,2,0.017241379310344827,1,85,6,0.07058823529411765,1
BAH-P-2984,2,False,124,0,0.0,1,94,0,0.0,1,118,2,0.01694915254237288,1,87,6,0.06896551724137931,1
BAH-P-2985,2,True,112,0,0.0,1,82,0,0.0,1,105,0,0.0,1,74,4,0.05405405405405406,1
BAH-P-2986,2,True,114,0,0.0,1,88,0,0.0,1,112,2,0.017857142857142856,1,84,6,0.07142857142857142,1
BAH-P-2987,2,False,134,0,0.0,2,108,0,0.0,1,130,4,0.03076923076923077,2,102,8,0.0784313725490196,1
BAH-P-2988,2,True,133,0,0.0,2,107,0,0.0,1,130,4,0.03076923076923077,2,102,8,0.0784313725490196,1
BAH-P-2989,2,True,112,0,0.0,1,86,0,0.0,1,108,2,0.018518518518518517,1,80,6,0.075,1
BAH-P-2990,2,False,112,0,0.0,1,86,0,0.0,1,108,2,0.018518518518518517,1,80,6,0.075,1
BAH-P-2991,2,True,107,0,0.0,1,81,0,0.0,1,102,0,0.0,1,74,4,0.05405405405405406,1
BAH-P-2992,2,True,111,0,0.0,1,85,0,0.0,1,106,2,0.018867924528301886,1,78,6,0.07692307692307693,1
BAH-P-2993,2,False,113,0,0.0,1,81,0,0.0,1,112,0,0.0,1,78,4,0.05128205128205128,1
BAH-P-2994,2,True,107,0,0.0,1,81,0,0.0,1,106,2,0.018867924528301886,1,78,6,0.07692307692307693,1
BAH-P-2995,2,False,104,0,0.0,1,78,0,0.0,1,101,0,0.0,1,73,4,0.0547945205479452,1
BAH-P-2996,2,False,117,0,0.0,1,91,0,0.0,1,114,0,0.0,1,86,4,0.046511627906976744,1
BAH-P-2997,2,True,106,0,0.0,1,74,0,0.0,1,104,0,0.0,1,70,4,0.05714285714285714,1
BAH-P-2998,2,False,119,0,0.0,1,87,0,0.0,1,116,0,0.0,1,82,4,0.04878048780487805,1
BAH-P-2999,2,True,106,0,0.0,1,80,0,0.0,1,106,2,0.018867924528301886,1,78,6,0.07692307692307693,1
BAH-P-3000,2,False,128,0,0.0,1,96,0,0.0,1,123,0,0.0,1,89,4,0.0449438202247191,1
BAH-P-3001,2,False,130,0,0.0,2,104,0,0.0,1,119,2,0.01680672268907563,1,91,6,0.06593406593406594,1
BAH-P-3002,2,False,111,0,0.0,1,82,0,0.0,1,104,0,0.0,1,74,4,0.05405405405405406,1
BAH-P-3003,2,True,113,0,0.0,1,87,0,0.0,1,109,2,0.01834862385321101,1,81,6,0.07407407407407407,1
BAH-P-3004,2,True,107,0,0.0,1,81,0,0.0,1,106,2,0.018867924528301886,1,78,6,0.07692307692307693,1
BAH-P-3005,2,False,120,0,0.0,1,91,0,0.0,1,115,0,0.0,1,85,4,0.047058823529411764,1
BAH-P-3006,2,True,98,0,0.0,1,69,0,0.0,1,96,0,0.0,1,66,4,0.06060606060606061,1
BAH-P-3007,2,False,103,0,0.0,1,74,0,0.0,1,101,0,0.0,1,71,4,0.056338028169014086,1
BAH-P-3008,2,False,104,0,0.0,1,77,0,0.0,1,106,0,0.0,1,77,4,0.05194805194805195,1
BAH-P-3009,2,False,110,0,0.0,1,81,0,0.0,1,106,0,0.0,1,76,4,0.05263157894736842,1
BAH-P-3010,2,False,129,0,0.0,2,100,0,0.0,1,127,2,0.015748031496062992,1,97,6,0.061855670103092786,1
BAH-P-3011,2,False,210,0,0.0,2,178,0,0.0,2,191,16,0.08376963350785341,2,157,19,0.12101910828025478,2
BAH-P-3012,2,False,73,0,0.0,1,47,0,0.0,1,76,0,0.0,1,49,2,0.04081632653061224,1
BAH-P-3013,2,True,122,0,0.0,1,96,0,0.0,1,117,4,0.03418803418803419,1,89,8,0.0898876404494382,1
BAH-P-3014,2,False,211,0,0.0,2,181,0,0.0,2,205,12,0.05853658536585366,2,173,15,0.08670520231213873,2
BAH-P-3015,2,False,119,0,0.0,1,87,0,0.0,1,118,0,0.0,1,84,4,0.047619047619047616,1
BAH-P-3016,2,False,116,0,0.0,1,84,0,0.0,1,112,0,0.0,1,78,4,0.05128205128205128,1
BAH-P-3017,2,False,109,0,0.0,1,83,0,0.0,1,105,0,0.0,1,77,4,0.05194805194805195,1
BAH-P-3018,2,True,102,0,0.0,1,76,0,0.0,1,100,0,0.0,1,72,4,0.05555555555555555,1
BAH-P-3019,2,False,114,0,0.0,1,84,0,0.0,1,111,2,0.018018018018018018,1,80,6,0.075,1
BAH-P-3020,2,True,112,0,0.0,1,82,0,0.0,1,107,0,0.0,1,76,4,0.05263157894736842,1
BAH-P-3021,2,True,110,0,0.0,1,80,0,0.0,1,103,0,0.0,1,72,4,0.05555555555555555,1
BAH-P-3022,2,False,97,0,0.0,1,76,0,0.0,1,93,0,0.0,1,70,4,0.05714285714285714,1
BAH-P-3023,2,False,111,0,0.0,1,83,0,0.0,1,110,0,0.0,1,81,4,0.04938271604938271,1
BAH-P-3024,2,False,99,0,0.0,1,78,0,0.0,1,97,0,0.0,1,74,4,0.05405405405405406,1
BAH-P-3025,2,False,105,0,0.0,1,84,0,0.0,1,101,0,0.0,1,78,4,0.05128205128205128,1
BAH-P-3026,2,False,116,0,0.0,1,95,0,0.0,1,111,0,0.0,1,88,4,0.045454545454545456,1
BAH-P-3027,2,False,117,0,0.0,1,87,0,0.0,1,112,2,0.017857142857142856,1,81,6,0.07407407407407407,1
BAH-P-3028,2,False,115,0,0.0,1,89,0,0.0,1,114,0,0.0,1,86,4,0.046511627906976744,1
BAH-P-3029,2,True,112,0,0.0,1,86,0,0.0,1,108,2,0.018518518518518517,1,80,6,0.075,1
BAH-P-3030,2,True,117,0,0.0,1,91,0,0.0,1,112,2,0.017857142857142856,1,84,6,0.07142857142857142,1
BAH-P-3031,2,False,128,0,0.0,1,102,0,0.0,1,123,4,0.032520325203252036,1,95,8,0.08421052631578947,1
BAH-P-3032,2,False,108,0,0.0,1,87,0,0.0,1,108,0,0.0,1,85,4,0.047058823529411764,1
BAH-P-3033,2,True,111,0,0.0,1,79,0,0.0,1,108,0,0.0,1,74,4,0.05405405405405406,1
BAH-P-3034,2,True,113,0,0.0,1,87,0,0.0,1,109,2,0.01834862385321101,1,81,6,0.07407407407407407,1
BAH-P-3035,2,False,94,0,0.0,1,73,0,0.0,1,91,0,0.0,1,68,4,0.058823529411764705,1
BAH-P-3036,2,True,98,0,0.0,1,77,0,0.0,1,96,0,0.0,1,73,4,0.0547945205479452,1
BAH-P-3037,2,False,110,0,0.0,1,80,0,0.0,1,107,0,0.0,1,76,4,0.05263157894736842,1
BAH-P-3038,2,False,130,0,0.0,2,100,0,0.0,1,122,0,0.0,1,91,4,0.04395604395604396,1
BAH-P-3039,2,False,213,0,0.0,2,183,0,0.0,2,193,8,0.04145077720207254,2,161,11,0.06832298136645963,2
BAH-P-3040,2,False,112,0,0.0,1,86,0,0.0,1,107,2,0.018691588785046728,1,79,6,0.0759493670886076,1
BAH-P-3041,2,False,121,0,0.0,1,95,0,0.0,1,118,2,0.01694915254237288,1,90,6,0.06666666666666667,1
BAH-P-3042,2,False,112,0,0.0,1,78,0,0.0,1,108,2,0.018518518518518517,1,73,6,0.0821917808219178,1
BAH-P-3043,2,False,133,0,0.0,2,103,0,0.0,1,119,0,0.0,1,88,4,0.045454545454545456,1
BAH-P-3044,2,False,121,0,0.0,1,91,0,0.0,1,115,0,0.0,1,84,4,0.047619047619047616,1
BAH-P-3045,2,True,120,0,0.0,1,88,0,0.0,1,118,0,0.0,1,84,4,0.047619047619047616,1
BAH-P-3046,2,False,100,0,0.0,1,73,0,0.0,1,99,0,0.0,1,70,4,0.05714285714285714,1
BAH-P-3047,2,False,96,0,0.0,1,69,0,0.0,1,91,0,0.0,1,62,4,0.06451612903225806,1
BAH-P-3048,2,False,104,0,0.0,1,77,0,0.0,1,99,0,0.0,1,70,4,0.05714285714285714,1
BAH-P-3049,2,True,118,0,0.0,1,86,0,0.0,1,114,0,0.0,1,80,4,0.05,1
BAH-P-3050,2,False,108,0,0.0,1,79,0,0.0,1,107,0,0.0,1,77,4,0.05194805194805195,1
BAH-P-3051,2,False,108,0,0.0,1,78,0,0.0,1,103,0,0.0,1,72,4,0.05555555555555555,1
BAH-P-3052,2,False,119,0,0.0,1,85,0,0.0,1,115,2,0.017391304347826087,1,80,6,0.075,1
BAH-P-3053,2,False,136,0,0.0,2,102,0,0.0,1,123,4,0.032520325203252036,1,88,8,0.09090909090909091,1
BAH-P-3054,2,True,116,0,0.0,1,86,0,0.0,1,109,0,0.0,1,78,4,0.05128205128205128,1
BAH-P-3055,2,True,105,0,0.0,1,78,0,0.0,1,100,0,0.0,1,71,4,0.056338028169014086,1
BAH-P-3056,2,False,122,0,0.0,1,92,0,0.0,1,115,0,0.0,1,84,4,0.047619047619047616,1
